customerID,Churn_Probability,Risk_Band,MonthlyCharges,Revenue_at_Risk,Priority_Rank,Recommended_Action,Top_Risk_Factor_1,Top_Risk_Factor_2,Top_Risk_Factor_3,Top_Protective_Factor_1,Top_Protective_Factor_2,Top_Protective_Factor_3
5419-JPRRN,0.9367139864186693,High,101.45,95.029633922174,1,Offer contract upgrade + pricing review,Customer tenure,None,None,Support & protection services,Customer demographics,Customer tenure
7216-EWTRS,0.942451866256029,High,100.8,94.99914811860772,2,Offer contract upgrade + pricing review,Customer tenure,None,None,Support & protection services,Customer tenure,Service usage
1400-MMYXY,0.8712484898783391,High,105.9,92.26521507811611,3,Offer contract upgrade + pricing review,Customer spending,Customer tenure,None,Support & protection services,None,None
7181-BQYBV,0.8942333173971135,High,102.45,91.61420336733428,4,Offer contract upgrade + pricing review,Customer tenure,None,None,Support & protection services,Customer demographics,None
0107-YHINA,0.91776894037348,High,99.75,91.54745180225463,5,Offer contract upgrade + pricing review,Customer tenure,None,None,Customer demographics,Support & protection services,None
6496-SLWHQ,0.8632865905235042,High,105.0,90.64509200496794,6,Offer contract upgrade + pricing review,Customer tenure,Customer spending,None,Support & protection services,None,None
3178-FESZO,0.8890985149844288,High,100.25,89.13212612718898,7,Offer contract upgrade + pricing review,Customer tenure,None,None,Payment method,Support & protection services,None
9681-OXGVC,0.8850741513134075,High,100.5,88.94995220699745,8,Offer contract upgrade + pricing review,Customer tenure,Customer spending,None,Support & protection services,Customer demographics,Customer tenure
5178-LMXOP,0.9346886823334442,High,95.1,88.88889368991053,9,Offer contract upgrade + pricing review,Customer tenure,None,None,Customer tenure,Customer demographics,Service usage
0295-PPHDO,0.9242714649655182,High,95.45,88.22171133095871,10,Offer contract upgrade + pricing review,Customer tenure,None,None,Customer demographics,Customer tenure,Service usage
6023-YEBUP,0.8719267403544269,High,100.95,88.0210044387794,11,Offer contract upgrade + pricing review,Customer tenure,Customer spending,None,Support & protection services,Customer demographics,Customer tenure
1875-QIVME,0.84045298590196,High,104.4,87.74329172816464,12,Offer contract upgrade + pricing review,Customer tenure,Customer spending,None,Support & protection services,None,None
4910-GMJOT,0.9251974360766356,High,94.6,87.52367745284973,13,Offer contract upgrade + pricing review,Customer tenure,None,None,Customer demographics,Customer tenure,Service usage
9300-AGZNL,0.9299442938168652,High,94.0,87.41476361878533,14,Offer contract upgrade + pricing review,Customer tenure,None,None,Customer tenure,Service usage,PhoneService_Yes
2656-TABEH,0.8719539373018755,High,100.2,87.36978451764793,15,Offer contract upgrade + pricing review,Customer spending,Customer tenure,None,Support & protection services,Customer demographics,None
4587-VVTOX,0.8260969023908666,High,105.3,86.98800382175826,16,Offer contract upgrade + pricing review,Customer tenure,Customer spending,None,Support & protection services,None,None
9497-QCMMS,0.9286658034068563,High,93.55,86.87668590871141,17,Offer contract upgrade + pricing review,Customer tenure,None,None,Customer tenure,Service usage,PhoneService_Yes
3606-TWKGI,0.8077728385976374,High,106.9,86.35091644608744,18,Offer contract upgrade + pricing review,Customer spending,Internet service,None,Customer tenure,Support & protection services,None
8149-RSOUN,0.9195912285280039,High,93.85,86.30363679735316,19,Offer contract upgrade + pricing review,Customer tenure,None,None,Customer demographics,Customer tenure,Service usage
2027-FECZV,0.8078598560066067,High,106.7,86.19864663590494,20,Offer contract upgrade + pricing review,Customer spending,Internet service,None,Customer tenure,Support & protection services,None
3389-YGYAI,0.8119088572142732,High,105.5,85.65638443610582,21,Offer contract upgrade + pricing review,Customer spending,Customer tenure,None,Customer tenure,Support & protection services,None
2012-NWRPA,0.854706105459386,High,99.55,85.08599279848187,22,Offer contract upgrade + pricing review,Customer spending,Internet service,None,Customer tenure,Support & protection services,None
2446-BEGGB,0.865849275728149,High,98.25,85.06969134029063,23,Offer contract upgrade + pricing review,Customer tenure,Customer spending,None,Support & protection services,Customer tenure,None
2968-SSGAA,0.8452447129127026,High,100.6,85.03161811901788,24,Offer contract upgrade + pricing review,Customer spending,Customer tenure,None,Customer tenure,Support & protection services,None
5052-PNLOS,0.804529815819198,High,105.35,84.75721609655251,25,Offer contract upgrade + pricing review,Customer spending,Customer tenure,None,Payment method,Support & protection services,None
6734-GMPVK,0.8042829413798194,High,105.3,84.69099372729498,26,Offer contract upgrade + pricing review,Customer tenure,Customer spending,None,Paper billing,Paperless billing,Support & protection services
8098-LLAZX,0.8847219282608059,High,95.45,84.44670805249392,27,Offer contract upgrade + pricing review,Customer tenure,None,None,Customer tenure,Service usage,PhoneService_Yes
9057-SIHCH,0.872169339400104,High,96.6,84.25155818605005,28,Offer contract upgrade + pricing review,Customer tenure,None,None,Customer demographics,Customer tenure,Service usage
6521-YYTYI,0.9026881487841993,High,93.3,84.22080428156579,29,Offer contract upgrade + pricing review,Customer tenure,None,None,Customer demographics,None,None
3902-FOIGH,0.8289197774231268,High,101.35,84.0110194418339,30,Offer contract upgrade + pricing review,Customer spending,Internet service,None,Customer tenure,Support & protection services,None
4822-RVYBB,0.8347679318038103,High,100.6,83.97765393946331,31,Offer contract upgrade + pricing review,Customer spending,Customer tenure,None,Customer tenure,Support & protection services,None
4078-SAYYN,0.8331939870572588,High,100.75,83.94429419601882,32,Offer contract upgrade + pricing review,Customer spending,Internet service,None,Customer tenure,Support & protection services,None
5299-SJCZT,0.8250764953954581,High,101.55,83.78651810740877,33,Offer contract upgrade + pricing review,Customer tenure,Customer spending,None,Payment method,Support & protection services,None
4424-TKOPW,0.8902013090607168,High,93.85,83.54539285534827,34,Offer contract upgrade + pricing review,Customer tenure,None,None,Customer tenure,Service usage,PhoneService_Yes
1393-IMKZG,0.8699132999568023,High,95.85,83.3811898008595,35,Offer contract upgrade + pricing review,Customer tenure,None,None,Support & protection services,MultipleLines_No,None
3292-PBZEJ,0.7483098657285431,High,111.4,83.3617190421597,36,Offer contract upgrade + pricing review,Customer spending,Internet service,None,Support & protection services,Customer tenure,None
7851-WZEKY,0.8753131401062851,High,95.15,83.28604528111303,37,Offer contract upgrade + pricing review,Customer tenure,None,None,Customer demographics,Customer tenure,Service usage
6688-UZPWD,0.8162339573846329,High,102.0,83.25586365323255,38,Offer contract upgrade + pricing review,Customer spending,Internet service,None,Customer tenure,Support & protection services,None
8884-ADFVN,0.815677325475501,High,101.95,83.15830333222733,39,Offer contract upgrade + pricing review,Customer spending,Customer tenure,Internet service,Customer tenure,Support & protection services,None
3988-RQIXO,0.9092068981614807,High,91.3,83.01058980214319,40,Offer contract upgrade + pricing review,Customer tenure,None,None,MultipleLines_No,MultipleLines_Yes,Customer tenure
6857-VWJDT,0.8670589766189671,High,95.65,82.93419111360421,41,Offer contract upgrade + pricing review,Customer tenure,None,None,Paper billing,Paperless billing,Payment method
7450-NWRTR,0.833643830512864,High,99.45,82.90587894450432,42,Offer contract upgrade + pricing review,Customer spending,Internet service,Customer tenure,Customer tenure,Support & protection services,None
0702-PGIBZ,0.8147348610766335,High,101.7,82.85853537149363,43,Offer contract upgrade + pricing review,Customer tenure,Customer spending,None,Support & protection services,Customer demographics,None
3158-MOERK,0.8619092774193051,High,96.0,82.74329063225329,44,Offer contract upgrade + pricing review,Customer tenure,None,None,Customer demographics,Customer tenure,Service usage
2720-WGKHP,0.880036673379868,High,94.0,82.7234472977076,45,Offer contract upgrade + pricing review,Customer tenure,None,None,Customer tenure,Service usage,PhoneService_Yes
6356-ELRKD,0.8647302283191162,High,95.6,82.6682098273075,46,Offer contract upgrade + pricing review,Customer tenure,None,None,Support & protection services,MultipleLines_No,None
1374-DMZUI,0.8757376216880067,High,94.3,82.58205772517903,47,Offer contract upgrade + pricing review,Customer spending,Customer tenure,None,Customer tenure,Service usage,PhoneService_Yes
2265-CYWIV,0.8282943257303931,High,99.6,82.49811484274714,48,Offer contract upgrade + pricing review,Customer tenure,Customer spending,None,Support & protection services,Customer tenure,None
0781-LKXBR,0.8198811032349108,High,100.5,82.39805087510854,49,Offer contract upgrade + pricing review,Customer spending,Customer tenure,None,Customer tenure,Support & protection services,None
5567-WSELE,0.870965202826862,High,94.6,82.39330818742114,50,Offer contract upgrade + pricing review,Customer tenure,None,None,Customer tenure,Customer demographics,Service usage
3049-SOLAY,0.8648267635232778,High,95.2,82.33150788741605,51,Offer contract upgrade + pricing review,Customer tenure,None,None,Customer demographics,Customer tenure,None
5760-IFJOZ,0.7603224694015001,High,107.95,82.07681057189194,52,Offer contract upgrade + pricing review,Customer spending,Customer tenure,None,Paper billing,Paperless billing,Payment method
1455-UGQVH,0.8311085626627657,High,98.5,81.86419342228241,53,Offer contract upgrade + pricing review,Customer spending,Customer tenure,None,Customer tenure,Support & protection services,None
7024-OHCCK,0.8722203857058436,High,93.85,81.85788319849341,54,Offer contract upgrade + pricing review,Customer tenure,None,None,Customer tenure,Customer spending,Service usage
5150-ITWWB,0.8617748640954334,High,94.85,81.73934585945184,55,Offer contract upgrade + pricing review,Customer spending,Customer tenure,None,Customer tenure,Service usage,PhoneService_Yes
0684-AOSIH,0.8582288349433574,High,95.0,81.53173931961896,56,Offer contract upgrade + pricing review,Customer tenure,None,None,Support & protection services,MultipleLines_No,None
9223-UCPVT,0.8618903428863585,High,94.4,81.36244836847224,57,Offer contract upgrade + pricing review,Customer tenure,None,None,Paper billing,Paperless billing,MultipleLines_No
6861-XWTWQ,0.8176658741161368,High,99.25,81.15333800602657,58,Offer contract upgrade + pricing review,Customer spending,Customer tenure,Internet service,Customer tenure,Support & protection services,None
0897-FEGMU,0.8152963342653599,High,99.5,81.1219852594033,59,Offer contract upgrade + pricing review,Customer spending,Internet service,Customer tenure,Customer tenure,Support & protection services,None
1415-YFWLT,0.9076661660224461,High,89.3,81.05458862580443,60,Offer contract upgrade,Customer tenure,None,None,MultipleLines_No,MultipleLines_Yes,Customer tenure
9305-CDSKC,0.8127431653953693,High,99.65,80.98985643164855,61,Offer contract upgrade + pricing review,Customer spending,Customer tenure,None,Customer tenure,Support & protection services,None
2725-KXXWT,0.8910449267988102,High,90.75,80.86232710699203,62,Offer contract upgrade + pricing review,Customer tenure,None,None,MultipleLines_No,MultipleLines_Yes,Customer demographics
7145-FEJWU,0.7674634266372379,High,105.3,80.81389882490114,63,Offer contract upgrade + pricing review,Customer spending,Internet service,None,Customer tenure,Support & protection services,None
0880-TKATG,0.7974485658093661,High,101.15,80.66192243161738,64,Offer contract upgrade + pricing review,Customer tenure,Customer spending,None,Paper billing,Paperless billing,Customer demographics
7274-RTAPZ,0.8904675260409889,High,90.55,80.63183448301154,65,Offer contract upgrade + pricing review,Customer tenure,None,None,MultipleLines_No,MultipleLines_Yes,Customer demographics
8775-LHDJH,0.8893611514588623,High,90.6,80.57612032217293,66,Offer contract upgrade + pricing review,Customer tenure,None,None,Support & protection services,Entertainment services,None
6108-OQZDQ,0.8217839093920618,High,97.95,80.49373392495245,67,Offer contract upgrade + pricing review,Customer tenure,None,None,Support & protection services,Customer demographics,None
3319-DWOEP,0.8388938855999402,High,95.75,80.32408954619427,68,Offer contract upgrade + pricing review,Customer tenure,None,None,MultipleLines_No,MultipleLines_Yes,Support & protection services
3027-ZTDHO,0.8902886621777476,High,89.9,80.03695072977952,69,Offer contract upgrade,Customer tenure,None,None,MultipleLines_No,MultipleLines_Yes,Customer demographics
0754-UKWQP,0.8330630292126225,High,95.85,79.84909135002987,70,Offer contract upgrade + pricing review,Customer tenure,None,None,MultipleLines_No,MultipleLines_Yes,Support & protection services
0970-ETWGE,0.8904652850279354,High,89.55,79.74116627425161,71,Offer contract upgrade,Customer tenure,None,None,MultipleLines_No,MultipleLines_Yes,Customer demographics
3992-YWPKO,0.7247991860562053,High,109.9,79.65543054757697,72,Offer contract upgrade + pricing review,Customer spending,Customer tenure,None,Payment method,Support & protection services,None
9221-OTIVJ,0.7596886823800807,High,104.85,79.65335834755146,73,Offer contract upgrade + pricing review,Customer spending,Internet service,None,Customer tenure,Support & protection services,None
3068-OMWZA,0.8953489844774372,High,88.8,79.50698982159642,74,Offer contract upgrade,Customer tenure,None,None,Entertainment services,Support & protection services,None
9725-SCPZG,0.8744433795092712,High,90.85,79.44318102841729,75,Offer contract upgrade + pricing review,Customer tenure,None,None,MultipleLines_No,Customer demographics,None
6350-XFYGW,0.836642505996356,High,94.75,79.27187744315474,76,Offer contract upgrade + pricing review,Customer spending,Customer tenure,None,MultipleLines_No,MultipleLines_Yes,Support & protection services
7548-SEPYI,0.8229196365142989,High,96.25,79.20601501450126,77,Offer contract upgrade + pricing review,Customer tenure,Customer spending,None,MultipleLines_No,Support & protection services,None
7577-SWIFR,0.8848687382524968,High,89.25,78.97453488903534,78,Offer contract upgrade,Customer tenure,None,None,MultipleLines_No,MultipleLines_Yes,Customer demographics
1455-ESIQH,0.884685957279912,High,89.1,78.82551879364014,79,Offer contract upgrade,Customer tenure,None,None,MultipleLines_No,MultipleLines_Yes,Customer demographics
2369-UAPKZ,0.7569474430269134,High,104.1,78.79822881910168,80,Offer contract upgrade + pricing review,Customer spending,Customer tenure,None,Paper billing,Paperless billing,Payment method
1450-GALXR,0.7995992044546085,High,98.5,78.76052163877894,81,Offer contract upgrade + pricing review,Customer spending,Customer tenure,None,Support & protection services,Customer tenure,None
4132-KALRO,0.7806182269724022,High,100.85,78.72534819016676,82,Offer contract upgrade + pricing review,Customer tenure,Customer spending,None,Support & protection services,Payment method,None
1941-HOSAM,0.8724897349507639,High,90.1,78.61132511906382,83,Offer contract upgrade + pricing review,Customer tenure,None,None,MultipleLines_No,Customer demographics,None
2081-VEYEH,0.7260501289475562,High,107.95,78.37711141988869,84,Offer contract upgrade + pricing review,Customer spending,Customer tenure,None,Support & protection services,MultipleLines_No,None
4273-MBHYA,0.8750698866389099,High,89.35,78.1874943711866,85,Offer contract upgrade,Customer tenure,None,None,MultipleLines_No,Customer demographics,None
3722-WPXTK,0.8845109242445933,High,88.35,78.14654015700981,86,Offer contract upgrade,Customer tenure,None,None,MultipleLines_No,MultipleLines_Yes,Customer demographics
5419-CONWX,0.7798463570486879,High,99.8,77.82866643345905,87,Offer contract upgrade + pricing review,Customer tenure,Customer spending,None,Payment method,MultipleLines_No,None
4826-XTSOH,0.904219845998684,High,86.05,77.80811774818676,88,Offer contract upgrade,Customer tenure,None,None,Entertainment services,Customer tenure,None
7526-BEZQB,0.8097848652316649,High,96.05,77.77983630550142,89,Offer contract upgrade + pricing review,Internet service,Customer tenure,Contract type,Customer tenure,Customer demographics,None
5192-EBGOV,0.9067241724300156,High,85.7,77.70626157725233,90,Offer contract upgrade,Customer tenure,None,None,Entertainment services,Customer tenure,None
8118-LSUEL,0.7298745766691748,High,106.4,77.6586549576002,91,Offer contract upgrade + pricing review,Customer spending,Internet service,None,Customer tenure,Support & protection services,None
5293-WXJAK,0.7449097888697156,High,104.05,77.5078635318939,92,Offer contract upgrade + pricing review,Customer spending,Internet service,None,Support & protection services,Payment method,None
5797-APWZC,0.8554684010595632,High,90.6,77.50543713599643,93,Offer contract upgrade + pricing review,Customer tenure,None,None,Paper billing,Paperless billing,MultipleLines_No
7294-TMAOP,0.8552809663403989,High,90.55,77.44569150212311,94,Offer contract upgrade + pricing review,Customer tenure,None,None,Paper billing,Paperless billing,MultipleLines_No
7938-OUHIO,0.7821891227872133,High,98.7,77.20206641909796,95,Offer contract upgrade + pricing review,Customer tenure,Customer spending,None,Support & protection services,MultipleLines_No,None
1069-XAIEM,0.9073536104136183,High,85.05,77.17042456567823,96,Offer contract upgrade,Customer tenure,None,None,Entertainment services,Customer tenure,None
7234-FECYN,0.7598283637933447,High,101.35,77.00860467045548,97,Offer contract upgrade + pricing review,Customer spending,Customer tenure,Internet service,Paper billing,Paperless billing,Customer tenure
5380-AFSSK,0.8195334543213872,High,93.9,76.95419136077827,98,Offer contract upgrade + pricing review,Customer tenure,None,None,Payment method,Customer demographics,None
4192-GORJT,0.8146092549355589,High,94.45,76.93984412866354,99,Offer contract upgrade + pricing review,Customer tenure,None,None,MultipleLines_No,MultipleLines_Yes,Support & protection services
3811-VBYBZ,0.7708789554703465,High,99.8,76.93371975594057,100,Offer contract upgrade + pricing review,Customer spending,Customer tenure,Internet service,Customer tenure,Support & protection services,None
8603-IJWDN,0.8881956336140436,High,86.6,76.91774187097617,101,Offer contract upgrade,,,,,,
9546-CQJSU,0.8352953705707388,High,91.4,76.34599687016552,102,Offer contract upgrade + pricing review,,,,,,
8414-MYSHR,0.8320812023514034,High,91.4,76.05222189491828,103,Offer contract upgrade + pricing review,,,,,,
3006-XIMLN,0.8071262316683789,High,94.2,76.0312910231613,104,Offer contract upgrade + pricing review,,,,,,
7398-SKNQZ,0.8008789515970235,High,94.9,76.00341250655754,105,Offer contract upgrade + pricing review,,,,,,
9061-TIHDA,0.7978638070284206,High,95.25,75.99652761945707,106,Offer contract upgrade + pricing review,,,,,,
1724-BQUHA,0.8482672143592385,High,89.5,75.91991568515185,107,Offer contract upgrade,,,,,,
5299-RULOA,0.7573031151622595,High,100.25,75.91963729501651,108,Offer contract upgrade + pricing review,,,,,,
8510-AWCXC,0.752303016463309,High,100.8,75.83214405950154,109,Offer contract upgrade + pricing review,,,,,,
4847-TAJYI,0.8485385310517055,High,89.35,75.81691774946988,110,Offer contract upgrade,,,,,,
9282-IZGQK,0.8918035876173663,High,85.0,75.80330494747614,111,Offer contract upgrade,,,,,,
3793-MMFUH,0.7964704991720976,High,95.05,75.70452094630787,112,Offer contract upgrade + pricing review,,,,,,
3387-VATUS,0.7977763580911298,High,94.85,75.66908756494365,113,Offer contract upgrade + pricing review,,,,,,
2982-VPSGI,0.8039813032816536,High,94.0,75.57424250847544,114,Offer contract upgrade + pricing review,,,,,,
5956-YHHRX,0.722767409203373,High,104.35,75.42077915037197,115,Offer contract upgrade + pricing review,,,,,,
4912-PIGUY,0.891247944399568,High,84.6,75.39957609620345,116,Offer contract upgrade,,,,,,
2612-RANWT,0.7493271683638426,High,100.15,75.04511591163885,117,Offer contract upgrade + pricing review,,,,,,
9944-HKVVB,0.7878250135803054,High,95.1,74.92215879148704,118,Offer contract upgrade + pricing review,,,,,,
1075-BGWOH,0.7585692468800361,High,98.75,74.90871312940357,119,Offer contract upgrade + pricing review,,,,,,
9330-IJWIO,0.7449602312347828,High,100.35,74.75675920441046,120,Offer contract upgrade + pricing review,,,,,,
0871-URUWO,0.7300596840224888,High,102.25,74.64860269129947,121,Offer contract upgrade + pricing review,,,,,,
0329-GTIAJ,0.7624867901528649,High,97.9,74.64745675596548,122,Offer contract upgrade + pricing review,,,,,,
4695-WJZUE,0.842545770833338,High,88.55,74.60742800729209,123,Offer contract upgrade,,,,,,
4929-XIHVW,0.7794676372828219,High,95.5,74.43915936050949,124,Offer contract upgrade + pricing review,,,,,,
3621-CEOVK,0.7427877972080128,High,100.2,74.42733728024288,125,Offer contract upgrade + pricing review,,,,,,
5167-ZFFMM,0.8191931826128436,High,90.85,74.42370064037684,126,Offer contract upgrade + pricing review,,,,,,
2660-EMUBI,0.7803449020523748,High,95.35,74.40588641069394,127,Offer contract upgrade + pricing review,,,,,,
0680-DFNNY,0.7355880080663083,High,101.1,74.36794761550377,128,Offer contract upgrade + pricing review,,,,,,
6230-BSUXY,0.8740111789679971,High,85.0,74.29095021227975,129,Offer contract upgrade,,,,,,
9025-AOMKI,0.7923091483502696,High,93.55,74.12052082816771,130,Offer contract upgrade + pricing review,,,,,,
1273-MTETI,0.8329276645377622,High,88.85,74.00562299418017,131,Offer contract upgrade,,,,,,
7943-RQCHR,0.780822131744997,High,94.75,73.98289698283847,132,Offer contract upgrade + pricing review,,,,,,
2990-HWIML,0.8258238098892865,High,89.5,73.91123098509114,133,Offer contract upgrade,,,,,,
4844-JJWUY,0.8582214393803163,High,86.0,73.8070437867072,134,Offer contract upgrade,,,,,,
2462-XIIJB,0.7972166457698013,High,92.5,73.74253973370662,135,Offer contract upgrade + pricing review,,,,,,
3318-NMQXL,0.8005068992602445,High,92.0,73.6466347319425,136,Offer contract upgrade + pricing review,,,,,,
2034-GDRCN,0.8146191293571566,High,90.4,73.64156929388696,137,Offer contract upgrade + pricing review,,,,,,
8161-QYMTT,0.7815614465634692,High,94.1,73.54493212162244,138,Offer contract upgrade + pricing review,,,,,,
6892-XPFPU,0.705201178250863,High,104.25,73.51722283265246,139,Offer contract upgrade + pricing review,,,,,,
8245-UMPYT,0.7622847363540984,High,96.4,73.4842485845351,140,Offer contract upgrade + pricing review,,,,,,
4927-WWOOZ,0.8032768101175757,High,91.45,73.4596642852523,141,Offer contract upgrade + pricing review,,,,,,
5565-FILXA,0.7636608968462273,High,96.15,73.42599523176476,142,Offer contract upgrade + pricing review,,,,,,
5277-ZLOOR,0.8582249231792983,High,85.55,73.42114217798897,143,Offer contract upgrade,,,,,,
6326-MTTXK,0.7261675235447973,High,100.85,73.23399474949281,144,Offer contract upgrade + pricing review,,,,,,
9124-LHCJQ,0.8559614207712648,High,85.45,73.14190340490458,145,Offer contract upgrade,,,,,,
5597-GLBUC,0.8542197800997643,High,85.45,72.99308020952486,146,Offer contract upgrade,,,,,,
9290-SHCMB,0.7535928331654306,High,96.85,72.98546589207194,147,Offer contract upgrade + pricing review,,,,,,
2865-TCHJW,0.8179428787378286,High,89.2,72.96050478341431,148,Offer contract upgrade,,,,,,
8168-UQWWF,0.744822231370506,High,97.85,72.88085533960401,149,Offer contract upgrade + pricing review,,,,,,
4597-NUCQV,0.7195592415420293,High,101.25,72.85537320613047,150,Offer contract upgrade + pricing review,,,,,,
5519-NPHVG,0.7727939961352043,High,94.2,72.79719443593625,151,Offer contract upgrade + pricing review,,,,,,
1624-NALOJ,0.8088282772070134,High,89.8,72.6327792931898,152,Offer contract upgrade,,,,,,
0564-JJHGS,0.7584159782083403,High,95.5,72.4287259188965,153,Offer contract upgrade + pricing review,,,,,,
6615-NGGZJ,0.7200082908151435,High,100.55,72.39683364146268,154,Offer contract upgrade + pricing review,,,,,,
0306-JAELE,0.7525832544519636,High,96.1,72.3232507528337,155,Offer contract upgrade + pricing review,,,,,,
1465-VINDH,0.7076532629813342,High,102.1,72.25139815039422,156,Offer contract upgrade + pricing review,,,,,,
2545-EBUPK,0.8596026293771313,High,84.05,72.24960099914789,157,Offer contract upgrade,,,,,,
0365-BZUWY,0.7044481658821925,High,102.55,72.24115941121885,158,Offer contract upgrade + pricing review,,,,,,
1389-CXMLU,0.7929780842725528,High,91.05,72.20065457301592,159,Offer contract upgrade + pricing review,,,,,,
2202-CUYXZ,0.8508301513659364,High,84.85,72.1929383433997,160,Offer contract upgrade,,,,,,
6210-KBBPI,0.7255160391375141,High,99.45,72.15257009222577,161,Offer contract upgrade + pricing review,,,,,,
7503-ZGUZJ,0.8520457927984424,High,84.65,72.12567636038816,162,Offer contract upgrade,,,,,,
8625-AZYZY,0.6878100536047581,High,104.65,71.97932210973794,163,Offer contract upgrade + pricing review,,,,,,
0655-RBDUG,0.7333707837032658,High,98.05,71.90700534210521,164,Offer contract upgrade + pricing review,,,,,,
7120-RFMVS,0.8507668381625644,High,84.5,71.88979782473669,165,Offer contract upgrade,,,,,,
3957-LXOLK,0.6762088878241532,High,106.15,71.77957344253387,166,Offer contract upgrade + pricing review,,,,,,
7228-OMTPN,0.8110652081968364,High,88.45,71.73871766501018,167,Offer contract upgrade,,,,,,
6892-EZDTG,0.7815692903023043,High,91.65,71.6308254562062,168,Offer contract upgrade + pricing review,,,,,,
9172-ANCRX,0.7252691701593761,High,98.7,71.58406709473041,169,Offer contract upgrade + pricing review,,,,,,
5923-GXUOC,0.6847822192209645,High,104.4,71.4912636866687,170,Offer contract upgrade + pricing review,,,,,,
0259-GBZSH,0.8326838605385074,High,85.65,71.31937265512316,171,Offer contract upgrade,,,,,,
4566-NECEV,0.7377269859821826,High,96.55,71.22754049657972,172,Offer contract upgrade + pricing review,,,,,,
4750-ZRXIU,0.841914497180648,High,84.6,71.22596646148281,173,Offer contract upgrade,,,,,,
2672-HUYVI,0.7799816305021403,High,91.1,71.05632653874498,174,Offer contract upgrade + pricing review,,,,,,
4548-SDBKE,0.8338334143214046,High,85.2,71.04260690018367,175,Offer contract upgrade,,,,,,
1583-IHQZE,0.628405158787519,High,112.95,70.97836268505027,176,Offer contract upgrade + pricing review,,,,,,
2454-RPBRZ,0.7223733584732515,High,98.1,70.86482646622596,177,Offer contract upgrade + pricing review,,,,,,
1628-BIZYP,0.8335850125957084,High,85.0,70.85472607063521,178,Offer contract upgrade,,,,,,
3320-VEOYC,0.7411229228795817,High,95.6,70.85135142728801,179,Offer contract upgrade + pricing review,,,,,,
9094-AZPHK,0.707435106004994,High,100.15,70.84962586640016,180,Offer contract upgrade + pricing review,,,,,,
5349-IECLD,0.7456134102959263,High,94.95,70.79599330759821,181,Offer contract upgrade + pricing review,,,,,,
7330-WZLNC,0.7793022009917281,High,90.8,70.7606398500489,182,Offer contract upgrade + pricing review,,,,,,
8313-NDOIA,0.679185626063873,High,104.15,70.73718295455238,183,Offer contract upgrade + pricing review,,,,,,
2004-OCQXK,0.8620374195669164,High,81.95,70.6439665335088,184,Offer contract upgrade,,,,,,
2984-AFWNC,0.7404393952404372,High,95.4,70.63791830593772,185,Offer contract upgrade + pricing review,,,,,,
3473-XIIIT,0.7059620032220962,High,100.0,70.59620032220963,186,Offer contract upgrade + pricing review,,,,,,
1143-NMNQJ,0.8230034810846287,High,85.7,70.53139832895269,187,Offer contract upgrade,,,,,,
0916-QOFDP,0.7345985027508339,High,95.8,70.37453656352989,188,Offer contract upgrade + pricing review,,,,,,
5935-FCCNB,0.7470133554896032,High,94.2,70.36865808712062,189,Offer contract upgrade + pricing review,,,,,,
9611-CTWIH,0.7865133520313115,High,89.45,70.35361933920082,190,Offer contract upgrade,,,,,,
7209-JCUDS,0.7408605080106316,High,94.9,70.30766221020895,191,Offer contract upgrade + pricing review,,,,,,
0094-OIFMO,0.7393613008231008,High,95.0,70.23932357819457,192,Offer contract upgrade + pricing review,,,,,,
0722-SVSFK,0.6994204579038115,High,100.4,70.22181397354268,193,Offer contract upgrade + pricing review,,,,,,
4298-OYIFC,0.6783775138835686,High,103.45,70.17815381125517,194,Offer contract upgrade + pricing review,,,,,,
3629-ZNKXA,0.6886764581620658,High,101.8,70.1072634408983,195,Offer contract upgrade + pricing review,,,,,,
4626-GYCZP,0.7468922796146592,High,93.85,70.09584044183576,196,Offer contract upgrade + pricing review,,,,,,
4228-ZGYUW,0.77840000189324,High,90.05,70.09492017048626,197,Offer contract upgrade + pricing review,,,,,,
7218-HKQFK,0.7440025671935113,High,94.2,70.08504182962876,198,Offer contract upgrade + pricing review,,,,,,
5995-SNNEW,0.6709153419370283,High,104.45,70.07710746532261,199,Offer contract upgrade + pricing review,,,,,,
6567-HOOPW,0.8847355183383965,High,79.2,70.071053052401,200,Offer contract upgrade,,,,,,
1309-BXVOQ,0.6586980015196963,High,106.1,69.88785796123977,201,Offer contract upgrade + pricing review,,,,,,
3001-UNBTL,0.672138151362549,High,103.95,69.86876083413696,202,Offer contract upgrade + pricing review,,,,,,
3338-CVVEH,0.7386770021819835,High,94.55,69.84191055630654,203,Offer contract upgrade + pricing review,,,,,,
1571-SAVHK,0.6987657103577268,High,99.95,69.8416327502548,204,Offer contract upgrade + pricing review,,,,,,
6474-FVJLC,0.8119471000818294,High,86.0,69.82745060703732,205,Offer contract upgrade,,,,,,
4614-NUVZD,0.8608807794760346,High,81.1,69.8174312155064,206,Offer contract upgrade,,,,,,
3440-JPSCL,0.6984537856320251,High,99.95,69.81045587392092,207,Offer contract upgrade + pricing review,,,,,,
8580-AECUZ,0.8823818168765881,High,79.1,69.79640171493811,208,Offer contract upgrade,,,,,,
3462-BJQQA,0.7765996964467164,High,89.75,69.6998227560928,209,Offer contract upgrade,,,,,,
4952-YSOGZ,0.8101477355448876,High,85.95,69.63219787008309,210,Offer contract upgrade,,,,,,
5494-HECPR,0.867301175356509,High,80.25,69.60091932235984,211,Offer contract upgrade,,,,,,
6683-VLCTZ,0.7058875425392865,High,98.55,69.56521731724669,212,Offer contract upgrade + pricing review,,,,,,
4021-RQSNY,0.7058962638467347,High,98.5,69.53078198890336,213,Offer contract upgrade + pricing review,,,,,,
9809-IMGCQ,0.7181639818417669,High,96.7,69.44645704409886,214,Offer contract upgrade + pricing review,,,,,,
7379-FNIUJ,0.6927484415344605,High,100.2,69.41339384175294,215,Offer contract upgrade + pricing review,,,,,,
6457-USBER,0.8586447515791934,High,80.8,69.37849592759882,216,Offer contract upgrade,,,,,,
6215-NQCPY,0.6958236455342305,High,99.7,69.37361745976278,217,Offer contract upgrade + pricing review,,,,,,
2754-SDJRD,0.6923293485363577,High,100.15,69.33678425591623,218,Offer contract upgrade + pricing review,,,,,,
3049-NDXFL,0.8077957670091834,High,85.8,69.30887680938794,219,Offer contract upgrade,,,,,,
7392-YYPYJ,0.6885532030534361,High,100.65,69.30287988732836,220,Offer contract upgrade + pricing review,,,,,,
6956-SMUCM,0.6999903657618162,High,99.0,69.2990462104198,221,Offer contract upgrade + pricing review,,,,,,
0196-VULGZ,0.8212545626401061,High,84.35,69.27282235869295,222,Offer contract upgrade,,,,,,
0011-IGKFF,0.7063872671858986,High,98.0,69.22595218421806,223,Offer contract upgrade + pricing review,,,,,,
0345-HKJVM,0.7751181120257375,High,89.3,69.21804740389837,224,Offer contract upgrade,,,,,,
2180-DXNEG,0.7201866535727165,High,96.0,69.13791874298079,225,Offer contract upgrade + pricing review,,,,,,
9300-RENDD,0.8647012559646029,High,79.95,69.13286541437,226,Offer contract upgrade,,,,,,
0495-RVCBF,0.8671895812996182,High,79.7,69.11500962957957,227,Offer contract upgrade,,,,,,
7439-DKZTW,0.8580155540245318,High,80.55,69.11315287667603,228,Offer contract upgrade,,,,,,
8058-INTPH,0.8668107394680271,High,79.65,69.04147539862836,229,Offer contract upgrade,,,,,,
0318-QUUOB,0.8570160282505491,High,80.55,69.03264107558174,230,Offer contract upgrade,,,,,,
1658-BYGOY,0.7224685635432068,High,95.45,68.95962439019908,231,Offer contract upgrade + pricing review,,,,,,
8868-WOZGU,0.6523786310774263,High,105.7,68.95642130488396,232,Offer contract upgrade + pricing review,,,,,,
8622-ZLFKO,0.7593251309089043,High,90.75,68.90875562998306,233,Offer contract upgrade + pricing review,,,,,,
0697-ZMSWS,0.8044010970709992,High,85.65,68.89695396413109,234,Offer contract upgrade,,,,,,
8593-WHYHV,0.8068893229510448,High,85.3,68.82765924772411,235,Offer contract upgrade,,,,,,
7668-XCFYV,0.7436228880075334,High,92.55,68.82229828509722,236,Offer contract upgrade + pricing review,,,,,,
5883-GTGVD,0.6884216881607084,High,99.95,68.8077477316628,237,Offer contract upgrade + pricing review,,,,,,
3932-CMDTD,0.650999878096967,High,105.65,68.77813712094456,238,Review pricing or offer,,,,,,
3643-AHCFP,0.7193851877588611,High,95.6,68.77322394974712,239,Offer contract upgrade + pricing review,,,,,,
8780-IXSTS,0.7632771723454278,High,90.1,68.77127322832304,240,Offer contract upgrade + pricing review,,,,,,
1761-AEZZR,0.8643582233173983,High,79.55,68.75969666489904,241,Offer contract upgrade,,,,,,
7079-QRCBC,0.6959163334667015,High,98.75,68.72173792983676,242,Offer contract upgrade + pricing review,,,,,,
2514-GINMM,0.8643582233173983,High,79.5,68.71647875373317,243,Offer contract upgrade,,,,,,
2430-USGXP,0.6799272286627849,High,101.05,68.70664645637441,244,Offer contract upgrade + pricing review,,,,,,
8413-VONUO,0.717382874352304,High,95.65,68.61767193179787,245,Offer contract upgrade + pricing review,,,,,,
8357-EQXFO,0.7192572537269347,High,95.35,68.58117914286322,246,Offer contract upgrade + pricing review,,,,,,
0302-JOIVN,0.6777140674017512,High,101.15,68.55077791768714,247,Offer contract upgrade + pricing review,,,,,,
6630-UJZMY,0.8234151418029707,High,83.25,68.5493105550973,248,Offer contract upgrade,,,,,,
6328-ZPBGN,0.7203333781871906,High,95.15,68.53972093451118,249,Offer contract upgrade + pricing review,,,,,,
7225-CBZPL,0.7229726225193347,High,94.8,68.53780461483292,250,Offer contract upgrade + pricing review,,,,,,
4445-ZJNMU,0.6899504466941265,High,99.3,68.51207935672676,251,Offer contract upgrade + pricing review,,,,,,
2868-MZAGQ,0.8641455991583145,High,79.25,68.48353873329643,252,Offer contract upgrade,,,,,,
4951-UKAAQ,0.7694868263901709,High,88.95,68.4458532074057,253,Offer contract upgrade,,,,,,
3801-HMYNL,0.7676949655310042,High,89.15,68.44000617708903,254,Offer contract upgrade,,,,,,
6877-TJMBR,0.8067046558923856,High,84.8,68.4085548196743,255,Offer contract upgrade,,,,,,
7969-AULMZ,0.7008178677798859,High,97.35,68.22461942837188,256,Offer contract upgrade + pricing review,,,,,,
5960-WPXQM,0.8630373721995765,High,79.05,68.22310427237652,257,Offer contract upgrade,,,,,,
7488-MXJIV,0.7963406668635912,High,85.65,68.2065781168666,258,Offer contract upgrade,,,,,,
9134-CEQMF,0.7620108083713062,High,89.5,68.1999673492319,259,Offer contract upgrade,,,,,,
8740-CRYFY,0.8630373721995765,High,78.95,68.13680053515657,260,Offer contract upgrade,,,,,,
0235-KGSLC,0.7963948094988587,High,85.55,68.13157595262736,261,Offer contract upgrade,,,,,,
2107-FBPTK,0.6541085575372586,High,104.1,68.09270083962862,262,Offer contract upgrade + pricing review,,,,,,
1010-DIAUQ,0.7039799733230616,High,96.5,67.93406742567545,263,Offer contract upgrade + pricing review,,,,,,
0337-CNPZE,0.6386595120588239,High,106.3,67.88950613185298,264,Offer contract upgrade + pricing review,,,,,,
2018-QKYGT,0.8366366884973252,High,81.05,67.8094036027082,265,Offer contract upgrade,,,,,,
3097-NQYSN,0.7800189439642472,High,86.85,67.74464528329486,266,Offer contract upgrade,,,,,,
9248-OJYKK,0.8859522695910619,High,76.45,67.73105101023668,267,Offer contract upgrade,,,,,,
1254-IZEYF,0.6759090545494443,High,99.95,67.55711000221696,268,Offer contract upgrade + pricing review,,,,,,
8739-XNIKG,0.8041971048883366,High,84.0,67.55255681062027,269,Offer contract upgrade,,,,,,
5698-BQJOH,0.71440334536846,High,94.4,67.43967580278262,270,Offer contract upgrade + pricing review,,,,,,
7594-RQHXR,0.84651509441438,High,79.6,67.38260151538465,271,Offer contract upgrade,,,,,,
2609-IAICY,0.8715632171823705,High,77.15,67.2411022056199,272,Offer contract upgrade,,,,,,
7903-CMPEY,0.8371224190058493,High,80.3,67.2209302461697,273,Offer contract upgrade,,,,,,
1626-ERCMM,0.7101805256178528,High,94.55,67.14756869716798,274,Offer contract upgrade + pricing review,,,,,,
0236-HFWSV,0.7192184920849046,High,93.35,67.13904623612584,275,Offer contract upgrade + pricing review,,,,,,
5919-TMRGD,0.8456606715170476,High,79.35,67.10317428487772,276,Offer contract upgrade,,,,,,
6894-LFHLY,0.8833974484265311,High,75.75,66.91735671830973,277,Offer contract upgrade,,,,,,
8111-SLLHI,0.6328914260841987,High,105.65,66.86497916579559,278,Offer contract upgrade + pricing review,,,,,,
5519-YLDGW,0.6434152985185874,High,103.9,66.85084951608123,279,Offer contract upgrade + pricing review,,,,,,
3398-FSHON,0.7312832273414261,High,91.3,66.76615865627221,280,Offer contract upgrade + pricing review,,,,,,
4145-UQXUQ,0.7247441306228464,High,92.1,66.74893443036414,281,Offer contract upgrade + pricing review,,,,,,
7493-TPUWZ,0.8424044762863576,High,79.15,66.67631429806521,282,Offer contract upgrade,,,,,,
7029-RPUAV,0.6634442382864031,High,100.45,66.64297373586919,283,Offer contract upgrade + pricing review,,,,,,
4060-LDNLU,0.6923524623568579,High,96.2,66.60430687872973,284,Offer contract upgrade + pricing review,,,,,,
3186-BAXNB,0.7255888352833275,High,91.7,66.53649619548113,285,Offer contract upgrade + pricing review,,,,,,
3452-GWUIN,0.7003173125080325,High,94.95,66.4951288226377,286,Offer contract upgrade + pricing review,,,,,,
4140-MUHUG,0.7655750032865739,High,86.85,66.49018903543895,287,Offer contract upgrade,,,,,,
7279-BUYWN,0.5873636662196524,Medium,113.2,66.48956701606465,288,Offer contract upgrade + pricing review,,,,,,
4713-LZDRV,0.8352822384435908,High,79.6,66.48846618010982,289,Offer contract upgrade,,,,,,
7156-MHUGY,0.7342851893234452,High,90.5,66.45280963377179,290,Offer contract upgrade + pricing review,,,,,,
4988-IQIGL,0.8819002566511027,High,75.35,66.45118433866058,291,Offer contract upgrade,,,,,,
2074-GKOWZ,0.7414996596533865,High,89.55,66.40129452196076,292,Offer contract upgrade,,,,,,
5644-PDMZC,0.7413133867032261,High,89.5,66.34754810993874,293,Offer contract upgrade,,,,,,
9885-CSMWE,0.8439762040279654,High,78.45,66.20993320599389,294,Offer contract upgrade,,,,,,
1731-TVIUK,0.7081162116830149,High,93.5,66.20886579236189,295,Offer contract upgrade + pricing review,,,,,,
9189-JWSHV,0.7062516589190695,High,93.55,66.06984269187895,296,Offer contract upgrade + pricing review,,,,,,
2013-SGDXK,0.7828985429332629,High,84.3,65.99834716927406,297,Offer contract upgrade,,,,,,
6772-KSATR,0.8063977051409582,High,81.7,65.88269251001628,298,Offer contract upgrade,,,,,,
5240-IJOQT,0.8810186141032299,High,74.7,65.81209047351128,299,Offer contract upgrade,,,,,,
4094-NSEDU,0.6980871517429454,High,94.25,65.7947140517726,300,Offer contract upgrade + pricing review,,,,,,
5275-SQEIZ,0.8136644901598601,High,80.85,65.78477402942468,301,Offer contract upgrade,,,,,,
3489-HHPFY,0.7818013171484443,High,84.05,65.71040070632674,302,Offer contract upgrade,,,,,,
8374-XGEJJ,0.650495250020863,High,101.0,65.70002025210715,303,Offer contract upgrade + pricing review,,,,,,
0723-DRCLG,0.8822405220100566,High,74.45,65.68280686364872,304,Offer contract upgrade,,,,,,
7315-WYOAW,0.6507562490960652,High,100.75,65.56369209642857,305,Offer contract upgrade + pricing review,,,,,,
6543-XRMYR,0.6574146621046849,High,99.7,65.54424181183708,306,Offer contract upgrade + pricing review,,,,,,
1285-OKIPP,0.8202754610943834,High,79.9,65.54000934144123,307,Offer contract upgrade,,,,,,
2867-UIMSS,0.8141557763462707,High,80.5,65.53953999587479,308,Offer contract upgrade,,,,,,
3551-HUAZH,0.8808937927068753,High,74.4,65.53849817739153,309,Offer contract upgrade,,,,,,
1104-TNLZA,0.6194537347049137,High,105.8,65.53820513177988,310,Offer contract upgrade + pricing review,,,,,,
7142-HVGBG,0.6361541993275618,High,103.0,65.52388253073886,311,Offer contract upgrade + pricing review,,,,,,
7295-JOMMD,0.6678495942137386,High,98.1,65.51604519236776,312,Offer contract upgrade + pricing review,,,,,,
0220-EBGCE,0.7628903870362508,High,85.85,65.49413972706212,313,Offer contract upgrade,,,,,,
1833-VGRUM,0.8826179556553256,High,74.2,65.49025230962516,314,Offer contract upgrade,,,,,,
6969-MVBAI,0.7267911953785692,High,90.1,65.48388670360907,315,Offer contract upgrade + pricing review,,,,,,
4102-OQUPX,0.8800328038344808,High,74.4,65.47444060528538,316,Offer contract upgrade,,,,,,
9851-KIELU,0.5943095330740359,Medium,110.1,65.43347959145134,317,Offer contract upgrade + pricing review,,,,,,
9019-QVLZD,0.8224565344746319,High,79.55,65.42641731745697,318,Offer contract upgrade,,,,,,
0325-XBFAC,0.690830955675155,High,94.7,65.42169150243717,319,Offer contract upgrade + pricing review,,,,,,
3727-RJMEO,0.7894228242515672,High,82.85,65.40368098924233,320,Offer contract upgrade,,,,,,
9851-QXEEQ,0.6244881326226995,High,104.7,65.38390748559664,321,Offer contract upgrade + pricing review,,,,,,
2357-COQEK,0.6323149011361895,High,103.3,65.31812928736838,322,Offer contract upgrade + pricing review,,,,,,
0420-HLGXF,0.6546344468273048,High,99.75,65.29978607102365,323,Offer contract upgrade + pricing review,,,,,,
9874-QLCLH,0.626416503467588,High,104.2,65.27259966132267,324,Offer contract upgrade + pricing review,,,,,,
5393-RXQSZ,0.8198432597333697,High,79.6,65.25952347477622,325,Offer contract upgrade,,,,,,
2845-AFFTX,0.6537528837021117,High,99.8,65.24453779347074,326,Offer contract upgrade + pricing review,,,,,,
0742-NXBGR,0.7919354892056595,High,82.3,65.17629076162578,327,Offer contract upgrade,,,,,,
6645-MXQJT,0.6708802389552057,High,97.1,65.14247120255047,328,Offer contract upgrade + pricing review,,,,,,
9507-EXLTT,0.820763231720039,High,79.35,65.12756243698509,329,Offer contract upgrade,,,,,,
6618-RYATB,0.8186059450748829,High,79.55,65.12010293070693,330,Offer contract upgrade,,,,,,
5834-ASPWA,0.8630009484790865,High,75.45,65.11342156274708,331,Offer contract upgrade,,,,,,
8816-VXNZD,0.8653356522594178,High,75.1,64.98670748468227,332,Offer contract upgrade,,,,,,
9787-XVQIU,0.8630009484790865,High,75.3,64.98397142047521,333,Offer contract upgrade,,,,,,
8818-DOPVL,0.6211397579672305,High,104.45,64.87804771967723,334,Offer contract upgrade + pricing review,,,,,,
8473-VUVJN,0.8801519745423818,High,73.65,64.82319292504643,335,Offer contract upgrade,,,,,,
1452-VOQCH,0.8628602715316205,High,75.1,64.8008063920247,336,Offer contract upgrade,,,,,,
2645-QTLMB,0.687223555561248,High,94.25,64.77082011164762,337,Offer contract upgrade + pricing review,,,,,,
1157-BQCUW,0.862761511557245,High,74.95,64.66397529121552,338,Offer contract upgrade,,,,,,
6358-LYNGM,0.8624699510191451,High,74.9,64.59899933133397,339,Offer contract upgrade,,,,,,
6372-RFVNS,0.8196058789755308,High,78.8,64.58494326327182,340,Offer contract upgrade,,,,,,
8337-UPOAQ,0.7186523762340643,High,89.8,64.53498338581898,341,Offer contract upgrade,,,,,,
5138-WVKYJ,0.6544220097344776,High,98.55,64.49328905933277,342,Offer contract upgrade + pricing review,,,,,,
4735-ASGMA,0.655558484515127,High,98.35,64.47417695206273,343,Offer contract upgrade + pricing review,,,,,,
5947-SGKCL,0.6113840051492287,High,105.35,64.40930494247125,344,Offer contract upgrade + pricing review,,,,,,
4433-JCGCG,0.6376985081953566,High,101.0,64.40754932773102,345,Offer contract upgrade + pricing review,,,,,,
9600-NAXZN,0.6350573431873648,High,101.4,64.3948145991988,346,Offer contract upgrade + pricing review,,,,,,
4415-IJZTP,0.8643492685109285,High,74.5,64.39402050406417,347,Offer contract upgrade,,,,,,
7089-IVVAZ,0.6228125135778904,High,103.35,64.36767327827496,348,Offer contract upgrade + pricing review,,,,,,
6979-ZNSFF,0.7388236214272592,High,87.05,64.31459624524291,349,Offer contract upgrade,,,,,,
5382-SOYZL,0.6759809188544634,High,95.1,64.28578538305946,350,Offer contract upgrade + pricing review,,,,,,
2929-ERCFZ,0.6822733862049338,High,94.2,64.27015298050478,351,Offer contract upgrade + pricing review,,,,,,
6513-EECDB,0.8726974444752068,High,73.55,64.18689704115145,352,Offer contract upgrade,,,,,,
3663-MITLP,0.6336740173306727,High,101.25,64.15949425473062,353,Offer contract upgrade + pricing review,,,,,,
5168-MSWXT,0.6763893648999091,High,94.75,64.08789232426639,354,Offer contract upgrade + pricing review,,,,,,
8087-LGYHQ,0.6810371940792391,High,94.05,64.05154810315244,355,Offer contract upgrade + pricing review,,,,,,
0137-OCGAB,0.7984643661615246,High,80.2,64.03684216615427,356,Offer contract upgrade,,,,,,
8634-MPHTR,0.6399055983196846,High,100.05,64.02255511188444,357,Offer contract upgrade + pricing review,,,,,,
0115-TFERT,0.5755743051314288,Medium,111.2,64.00386273061488,358,Offer contract upgrade + pricing review,,,,,,
2777-PHDEI,0.8197098969207662,High,78.05,63.978357454665804,359,Offer contract upgrade,,,,,,
1866-RZZQS,0.6499517655769381,High,98.4,63.955253732770714,360,Offer contract upgrade + pricing review,,,,,,
2025-JKFWI,0.6458840806862299,High,99.0,63.94252398793677,361,Offer contract upgrade + pricing review,,,,,,
3045-XETSH,0.6732635211200233,High,94.85,63.85904497823421,362,Offer contract upgrade + pricing review,,,,,,
8821-XNHVZ,0.7976905946194923,High,80.05,63.85513209929036,363,Offer contract upgrade,,,,,,
2034-CGRHZ,0.6199041471538193,High,102.95,63.819131949485694,364,Offer contract upgrade + pricing review,,,,,,
6029-WTIPC,0.6310842235868345,High,101.1,63.80261500462896,365,Offer contract upgrade + pricing review,,,,,,
2439-LYPMQ,0.6213570307127441,High,102.6,63.75123135112754,366,Offer contract upgrade + pricing review,,,,,,
9734-YWGEX,0.6485173630200963,High,98.3,63.74925678487547,367,Offer contract upgrade + pricing review,,,,,,
6015-VVHHE,0.7659961383585321,High,83.15,63.69257890451195,368,Offer contract upgrade,,,,,,
1567-DSCIC,0.6756872952855407,High,94.0,63.51460575684083,369,Offer contract upgrade + pricing review,,,,,,
8086-OVPWV,0.7916945260985027,High,80.2,63.49390099309991,370,Offer contract upgrade,,,,,,
1448-PWKYE,0.7934575262053479,High,80.0,63.47660209642783,371,Offer contract upgrade,,,,,,
5442-UTCVD,0.6904061937628742,High,91.85,63.413808897119985,372,Offer contract upgrade + pricing review,,,,,,
9647-ERGBE,0.6337442851331437,High,100.05,63.40611572757103,373,Offer contract upgrade + pricing review,,,,,,
7892-POOKP,0.6042892617254473,High,104.8,63.32951462882687,374,Offer contract upgrade + pricing review,,,,,,
7858-GTZSP,0.7315132575304216,High,86.55,63.31247243925799,375,Offer contract upgrade,,,,,,
4236-XPXAV,0.6384916943001554,High,99.15,63.306451489860414,376,Offer contract upgrade + pricing review,,,,,,
2472-OVKUP,0.694941430572996,High,91.0,63.23967018214263,377,Offer contract upgrade + pricing review,,,,,,
0187-QSXOE,0.7105496467093356,High,89.0,63.23891855713087,378,Offer contract upgrade,,,,,,
9878-TNQGW,0.78110989990684,High,80.95,63.2308463974587,379,Offer contract upgrade,,,,,,
6161-UUUTA,0.7908849099275319,High,79.9,63.191704303209804,380,Offer contract upgrade,,,,,,
3096-GKWEB,0.6668997991761333,High,94.75,63.188755971938626,381,Offer contract upgrade + pricing review,,,,,,
0125-LZQXK,0.6234289568961333,High,101.35,63.18452478142311,382,Offer contract upgrade + pricing review,,,,,,
4395-PZMSN,0.738348882345432,High,85.55,63.1657468846517,383,Offer contract upgrade,,,,,,
9360-OMDZZ,0.6712329932996377,High,94.1,63.163024669495904,384,Offer contract upgrade + pricing review,,,,,,
5955-ERIHD,0.6668997991761333,High,94.7,63.15541098197983,385,Offer contract upgrade + pricing review,,,,,,
0021-IKXGC,0.8758980039381637,High,72.1,63.1522460839416,386,Offer contract upgrade,,,,,,
9402-ORRAH,0.6899156709488062,High,91.5,63.12728389181577,387,Offer contract upgrade + pricing review,,,,,,
4086-YQSNZ,0.784304211691567,High,80.4,63.058058620001994,388,Offer contract upgrade,,,,,,
2254-DLXRI,0.7966639912696194,High,79.15,63.05595490899038,389,Offer contract upgrade,,,,,,
8242-SOQUO,0.7442937757976746,High,84.7,63.041682810063044,390,Offer contract upgrade,,,,,,
1195-OIYEJ,0.6909864465668345,High,91.1,62.94886528223862,391,Offer contract upgrade + pricing review,,,,,,
8938-UMKPI,0.5913637586634571,Medium,106.4,62.92110392179184,392,Offer contract upgrade + pricing review,,,,,,
8937-RDTHP,0.7435916778434194,High,84.6,62.90785594555328,393,Offer contract upgrade,,,,,,
8443-WVPSS,0.6299372328192444,High,99.85,62.89923269700155,394,Offer contract upgrade + pricing review,,,,,,
8972-HJWNV,0.7439001982089793,High,84.55,62.8967617585692,395,Offer contract upgrade,,,,,,
4853-OITSN,0.7053336117269067,High,89.15,62.88049148545373,396,Offer contract upgrade,,,,,,
2982-IHMFT,0.8442591571664331,High,74.45,62.855094251040946,397,Offer contract upgrade,,,,,,
7779-LGOVN,0.7251104523407192,High,86.65,62.830820695323325,398,Offer contract upgrade,,,,,,
3393-FMZPV,0.6265212611324877,High,100.25,62.80875642853189,399,Offer contract upgrade + pricing review,,,,,,
8382-SHQEH,0.7397487827269223,High,84.9,62.80467165351571,400,Offer contract upgrade,,,,,,
6960-HVYXR,0.8262968633755742,High,76.0,62.79856161654364,401,Offer contract upgrade,,,,,,
5868-YWPDW,0.7454822513983455,High,84.2,62.76960556774069,402,Offer contract upgrade,,,,,,
7314-OXENN,0.7647294768725782,High,82.0,62.70781710355141,403,Offer contract upgrade,,,,,,
3565-UNOCC,0.6329692949442715,High,99.05,62.695608664230086,404,Offer contract upgrade + pricing review,,,,,,
7180-PISOG,0.8400355905473186,High,74.5,62.58265149577523,405,Offer contract upgrade,,,,,,
7760-OYPDY,0.7756731804890341,High,80.65,62.55804200644061,406,Offer contract upgrade,,,,,,
2809-ZMYOQ,0.6172397391950157,High,101.35,62.55724756741484,407,Offer contract upgrade + pricing review,,,,,,
8945-GRKHX,0.7950717073525491,High,78.65,62.532389783277985,408,Offer contract upgrade,,,,,,
8372-JUXUI,0.8404667007794807,High,74.35,62.488699202954386,409,Offer contract upgrade,,,,,,
1304-NECVQ,0.7954774871951663,High,78.55,62.48475661918031,410,Offer contract upgrade,,,,,,
6986-IXNDM,0.67216941952844,High,92.9,62.44453907419208,411,Offer contract upgrade + pricing review,,,,,,
6393-WRYZE,0.6392271065641363,High,97.65,62.42052695598791,412,Offer contract upgrade + pricing review,,,,,,
4234-XTNEA,0.7802605587010881,High,79.95,62.381831668151996,413,Offer contract upgrade,,,,,,
6229-LSCKB,0.7826551401299648,High,79.7,62.3776146683582,414,Offer contract upgrade,,,,,,
4716-HHKQH,0.5825507238852398,Medium,107.05,62.36205499191492,415,Offer contract upgrade + pricing review,,,,,,
1960-UYCNN,0.6545981198199615,High,95.25,62.350470912851335,416,Offer contract upgrade + pricing review,,,,,,
3585-ISXZP,0.6517034628860062,High,95.65,62.3354362250465,417,Offer contract upgrade + pricing review,,,,,,
8775-ERLNB,0.8388216986955935,High,74.3,62.324452213082594,418,Offer contract upgrade,,,,,,
9957-YODKZ,0.7700715476406222,High,80.8,62.22178104936228,419,Offer contract upgrade,,,,,,
4958-XCBDQ,0.6135778659930448,High,101.4,62.21679561169474,420,Offer contract upgrade + pricing review,,,,,,
4529-CKBCL,0.7756257507305948,High,80.2,62.205185208593704,421,Offer contract upgrade,,,,,,
1981-INRFU,0.7794650722447024,High,79.75,62.162339511515015,422,Offer contract upgrade,,,,,,
4115-NZRKS,0.6965623503740157,High,89.15,62.0985335358435,423,Offer contract upgrade,,,,,,
9547-ITEFG,0.6051213298526724,High,102.6,62.085448442884186,424,Offer contract upgrade + pricing review,,,,,,
2249-YPRNG,0.5861597821543235,Medium,105.85,62.04501294103514,425,Offer contract upgrade + pricing review,,,,,,
2080-CAZNM,0.5934223147593504,Medium,104.4,61.95328966087618,426,Offer contract upgrade + pricing review,,,,,,
9689-PTNPG,0.7715270272712107,High,80.25,61.91504393851466,427,Offer contract upgrade,,,,,,
2754-VDLTR,0.6503011657271066,High,95.2,61.90867097722055,428,Offer contract upgrade + pricing review,,,,,,
1641-RQDAY,0.6162879128973545,High,100.4,61.8753064548944,429,Offer contract upgrade + pricing review,,,,,,
6275-YDUVO,0.7177822821449444,High,86.2,61.872832720894216,430,Offer contract upgrade,,,,,,
8058-JMEQO,0.732157278324008,High,84.45,61.83068215446248,431,Offer contract upgrade,,,,,,
2642-DTVCO,0.7269362061540078,High,85.05,61.82592433339836,432,Offer contract upgrade,,,,,,
9231-ZJYAM,0.7838439456833887,High,78.85,61.80609511713519,433,Offer contract upgrade,,,,,,
7780-OTDSO,0.6213181343223044,High,99.4,61.75902255163707,434,Offer contract upgrade + pricing review,,,,,,
7005-CCBKV,0.7308058221481651,High,84.4,61.68001138930514,435,Offer contract upgrade,,,,,,
3276-HDUEG,0.8218009630287686,High,75.05,61.67616227530908,436,Offer contract upgrade,,,,,,
2612-RRIDN,0.7608187301540336,High,81.0,61.626317142476715,437,Offer contract upgrade,,,,,,
2985-FMWYF,0.659058082489677,High,93.5,61.6219307127848,438,Offer contract upgrade + pricing review,,,,,,
6030-REHUX,0.5558922051671693,Medium,110.85,61.62065094278071,439,Offer contract upgrade + pricing review,,,,,,
9919-KNPOO,0.6531915840076589,High,94.3,61.59596637192223,440,Offer contract upgrade + pricing review,,,,,,
1666-JXLKU,0.6153440637620691,High,100.05,61.56517357939501,441,Offer contract upgrade + pricing review,,,,,,
2876-GZYZC,0.7162241398133511,High,85.95,61.55946481695753,442,Offer contract upgrade,,,,,,
6101-IMRMM,0.6509530148750374,High,94.5,61.51505990569104,443,Offer contract upgrade + pricing review,,,,,,
6851-WEFYX,0.6101678884067889,High,100.8,61.50492315140432,444,Offer contract upgrade + pricing review,,,,,,
7028-DVOIQ,0.6207869388520791,High,99.05,61.48894629329844,445,Offer contract upgrade + pricing review,,,,,,
7613-LLQFO,0.7276701095777681,High,84.45,61.45174075384252,446,Offer contract upgrade,,,,,,
5095-AESKG,0.671221352671389,High,91.5,61.4167537694321,447,Offer contract upgrade + pricing review,,,,,,
6996-KNSML,0.8197319054924993,High,74.9,61.3979197213882,448,Offer contract upgrade,,,,,,
0334-GDDSO,0.7535718751282482,High,81.35,61.30307204168299,449,Offer contract upgrade,,,,,,
1173-XZPYF,0.6859337014682464,High,89.2,61.18528617096758,450,Offer contract upgrade,,,,,,
9965-YOKZB,0.7296645235193397,High,83.85,61.18237029709663,451,Offer contract upgrade,,,,,,
9253-QXKBE,0.647297239099822,High,94.45,61.137224232978184,452,Offer contract upgrade + pricing review,,,,,,
2789-HQBOU,0.7605838717200047,High,80.35,61.112914092702376,453,Offer contract upgrade,,,,,,
7402-EYFXX,0.6528743202797148,High,93.6,61.1090363781813,454,Offer contract upgrade + pricing review,,,,,,
9279-CJEOJ,0.6402714530440684,High,95.4,61.08189662040413,455,Offer contract upgrade + pricing review,,,,,,
1028-FFNJK,0.6016630711854295,High,101.5,61.068801725321094,456,Offer contract upgrade + pricing review,,,,,,
5380-WJKOV,0.5735481919920711,Medium,106.35,60.996850218356755,457,Offer contract upgrade + pricing review,,,,,,
4795-KTRTH,0.752902781138411,High,81.0,60.98512527221129,458,Offer contract upgrade,,,,,,
4817-VYYWS,0.6084311294349956,High,100.2,60.96479916938656,459,Offer contract upgrade + pricing review,,,,,,
6357-JJPQT,0.7573098643608758,High,80.5,60.9634440810505,460,Offer contract upgrade,,,,,,
4112-LUEIZ,0.6806621911824522,High,89.5,60.91926611082947,461,Offer contract upgrade,,,,,,
5429-LWCMV,0.6833016463261141,High,89.15,60.91634176997308,462,Offer contract upgrade,,,,,,
7563-BIUPC,0.7557486926312447,High,80.6,60.91334462607831,463,Offer contract upgrade,,,,,,
3198-VELRD,0.7182075672543116,High,84.75,60.868091324802904,464,Offer contract upgrade,,,,,,
2568-OIADY,0.6115284963650753,High,99.5,60.847085388325,465,Offer contract upgrade + pricing review,,,,,,
6137-NICCO,0.6468102532735084,High,94.05,60.83250432037346,466,Offer contract upgrade + pricing review,,,,,,
3746-EUBYR,0.8151394421634943,High,74.6,60.80940238539667,467,Offer contract upgrade,,,,,,
8258-GSTJK,0.7895815803073456,High,77.0,60.79778168366561,468,Offer contract upgrade,,,,,,
5196-SGOAK,0.8020266052571723,High,75.7,60.71341401796794,469,Offer contract upgrade,,,,,,
6941-PMGEP,0.7585112428147044,High,80.0,60.68089942517635,470,Offer contract upgrade,,,,,,
3217-FZDMN,0.6423868193564649,High,94.45,60.67343508821811,471,Offer contract upgrade + pricing review,,,,,,
3707-GNWHM,0.8169463769301593,High,74.25,60.658268487064326,472,Offer contract upgrade,,,,,,
6086-ESGRL,0.7566501746801635,High,80.15,60.64551150061511,473,Offer contract upgrade,,,,,,
2952-QAYZF,0.7108062926079547,High,85.3,60.63177675945853,474,Offer contract upgrade,,,,,,
5339-PXDVH,0.6682989482446408,High,90.65,60.581299658376686,475,Offer contract upgrade + pricing review,,,,,,
2379-ENZGV,0.7137081975286665,High,84.85,60.55814056030735,476,Offer contract upgrade,,,,,,
1564-NTYXF,0.7375124630427701,High,82.0,60.476021969507144,477,Offer contract upgrade,,,,,,
5630-IXDXV,0.5686120792243727,Medium,106.35,60.471894625512036,478,Offer contract upgrade + pricing review,,,,,,
6899-PPEEA,0.6262623136512929,High,96.55,60.46562638303233,479,Offer contract upgrade + pricing review,,,,,,
8644-XLFBW,0.8437651103471044,High,71.65,60.455770156370036,480,Offer contract upgrade,,,,,,
3138-BKYAV,0.7079322742519466,High,85.35,60.42201960740364,481,Offer contract upgrade,,,,,,
8397-MVTAZ,0.6038316636791572,High,100.05,60.41335795109968,482,Offer contract upgrade + pricing review,,,,,,
6060-DRTNL,0.7115661463324774,High,84.85,60.3763875163107,483,Offer contract upgrade,,,,,,
5244-IRFIH,0.6384038658014063,High,94.5,60.329165318232896,484,Offer contract upgrade + pricing review,,,,,,
1678-FYZOW,0.7596275155414359,High,79.4,60.314424733990016,485,Offer contract upgrade,,,,,,
1751-NCDLI,0.6100798462558524,High,98.85,60.30639280239101,486,Offer contract upgrade + pricing review,,,,,,
3001-CBHLQ,0.5747657376983378,Medium,104.9,60.29292588455564,487,Offer contract upgrade + pricing review,,,,,,
4806-KEXQR,0.7543168578654422,High,79.9,60.26991694344884,488,Offer contract upgrade,,,,,,
3878-AVSOQ,0.845513421524385,High,71.25,60.24283128361243,489,Offer contract upgrade,,,,,,
2959-MJHIC,0.7495206438218525,High,80.35,60.22398373108584,490,Offer contract upgrade,,,,,,
2371-JQHZZ,0.646907866227128,High,93.0,60.16243155912291,491,Offer contract upgrade + pricing review,,,,,,
9488-HGMJH,0.845513421524385,High,71.15,60.15827994146,492,Offer contract upgrade,,,,,,
8266-VBFQL,0.665189609340752,High,90.4,60.13314068440398,493,Offer contract upgrade + pricing review,,,,,,
5590-BYNII,0.5966668544250832,Medium,100.75,60.11418558332713,494,Offer contract upgrade + pricing review,,,,,,
5318-IXUZF,0.6896867917586461,High,87.15,60.106203901766015,495,Offer contract upgrade,,,,,,
9661-ACXBS,0.5713008832252481,Medium,105.2,60.1008529152961,496,Offer contract upgrade + pricing review,,,,,,
7576-OYWBN,0.7897112261154338,High,76.05,60.057538746078734,497,Offer contract upgrade,,,,,,
2205-YMZZJ,0.7075289178967124,High,84.8,59.9984522376412,498,Offer contract upgrade,,,,,,
3644-QXEHN,0.6174031490229187,High,97.0,59.88810545522311,499,Offer contract upgrade + pricing review,,,,,,
3384-CTMSF,0.5750723432852194,Medium,104.1,59.865030935991335,500,Offer contract upgrade + pricing review,,,,,,
4210-QFJMF,0.7554266273013197,High,79.15,59.79201755089946,501,Offer contract upgrade,,,,,,
5564-NEMQO,0.7939755264366755,High,75.3,59.78635714068166,502,Offer contract upgrade,,,,,,
6900-PXRMS,0.5653096802050511,Medium,105.75,59.781498681684155,503,Offer contract upgrade + pricing review,,,,,,
0637-KVDLV,0.780591690783761,High,76.5,59.71526434495772,504,Offer contract upgrade,,,,,,
5383-MMTWC,0.7106629249792715,High,84.0,59.695685698258806,505,Offer contract upgrade,,,,,,
9451-LPGOO,0.6875272571602684,High,86.8,59.677365921511296,506,Offer contract upgrade,,,,,,
3765-JXVKY,0.7983666122596628,High,74.7,59.63798593579681,507,Offer contract upgrade,,,,,,
5889-LFOLL,0.7046300848446286,High,84.6,59.611705177855576,508,Offer contract upgrade,,,,,,
7783-YKGDV,0.5979080731711199,Medium,99.7,59.611434895160656,509,Offer contract upgrade + pricing review,,,,,,
6100-QQHEB,0.6439553704296227,High,92.55,59.59806953326158,510,Offer contract upgrade + pricing review,,,,,,
8752-STIVR,0.7531909524320154,High,79.0,59.50208524212922,511,Offer contract upgrade,,,,,,
1579-KLYDT,0.6578056337729362,High,90.45,59.498519574762085,512,Offer contract upgrade + pricing review,,,,,,
2215-ZAFGX,0.6954338056037084,High,85.5,59.45959037911707,513,Offer contract upgrade,,,,,,
9317-WZPGV,0.7454169844518823,High,79.75,59.447004510037615,514,Offer contract upgrade,,,,,,
0722-TROQR,0.793671048475814,High,74.9,59.445961530838474,515,Offer contract upgrade,,,,,,
3874-EQOEP,0.625733699777228,High,95.0,59.44470147883666,516,Offer contract upgrade + pricing review,,,,,,
3296-SILRA,0.7780335008751437,High,76.4,59.44175946686098,517,Offer contract upgrade,,,,,,
8290-YWKHZ,0.6377064565730174,High,93.2,59.434241752605224,518,Offer contract upgrade + pricing review,,,,,,
5348-CAGXB,0.66341736150771,High,89.55,59.40902472301543,519,Offer contract upgrade,,,,,,
4391-RESHN,0.5709583969849785,Medium,104.05,59.40822120628702,520,Offer contract upgrade + pricing review,,,,,,
0939-YAPAF,0.5925893305273057,Medium,100.25,59.40708038536239,521,Offer contract upgrade + pricing review,,,,,,
2737-YNGYW,0.7367683107486506,High,80.55,59.346687430803804,522,Offer contract upgrade,,,,,,
1977-STDKI,0.8128217112298725,High,73.0,59.33598491978069,523,Offer contract upgrade,,,,,,
4598-XLKNJ,0.6023915920088161,High,98.5,59.33557181286839,524,Offer contract upgrade + pricing review,,,,,,
2657-VPXTA,0.6671897194031454,High,88.85,59.27980656896947,525,Offer contract upgrade,,,,,,
6661-HBGWL,0.5657635095356326,Medium,104.75,59.26372762385751,526,Offer contract upgrade + pricing review,,,,,,
8931-GJJIQ,0.7107148960429113,High,83.3,59.202550840374506,527,Offer contract upgrade,,,,,,
7817-BOQPW,0.7833846959794298,High,75.55,59.184713781245925,528,Offer contract upgrade,,,,,,
9605-WGJVW,0.8430671317353693,High,70.2,59.18331264782292,529,Offer contract upgrade,,,,,,
1723-HKXJQ,0.5813919425965831,Medium,101.75,59.15663015920233,530,Offer contract upgrade + pricing review,,,,,,
2691-NZETQ,0.6930222546396996,High,85.35,59.149449433498354,531,Offer contract upgrade,,,,,,
1846-XWOQN,0.8430671317353693,High,70.15,59.14115929123616,532,Offer contract upgrade,,,,,,
4274-OWWYO,0.7947088864928555,High,74.35,59.086605710743804,533,Offer contract upgrade,,,,,,
5219-YIPTK,0.5658484911386492,Medium,104.4,59.07458247487498,534,Offer contract upgrade + pricing review,,,,,,
8118-TJAFG,0.5819474421250403,Medium,101.5,59.0676653756916,535,Offer contract upgrade + pricing review,,,,,,
5091-HFAZW,0.6479972892765549,High,91.15,59.06495291755798,536,Offer contract upgrade + pricing review,,,,,,
9837-BMCLM,0.752255068173955,High,78.5,59.05202285165547,537,Offer contract upgrade,,,,,,
1925-TIBLE,0.6826719343940977,High,86.5,59.05112232508945,538,Offer contract upgrade,,,,,,
6116-RFVHN,0.5877026424567597,Medium,100.45,59.034730434781515,539,Offer contract upgrade + pricing review,,,,,,
5561-NWEVX,0.7450050662989919,High,79.2,59.00440125088016,540,Offer contract upgrade,,,,,,
6407-UTSLV,0.7040842890726922,High,83.8,59.0022634242916,541,Offer contract upgrade,,,,,,
6583-KQJLK,0.6228831012024724,High,94.65,58.955885528814015,542,Offer contract upgrade + pricing review,,,,,,
0195-IESCP,0.6914847274120602,High,85.25,58.949073011878134,543,Offer contract upgrade,,,,,,
6910-HADCM,0.7718071065569531,High,76.35,58.92747258562336,544,Offer contract upgrade,,,,,,
7056-IMHCC,0.578164648255166,Medium,101.9,58.91497765720142,545,Offer contract upgrade + pricing review,,,,,,
9090-SGQXL,0.5593670815296582,Medium,105.3,58.901353685073005,546,Offer contract upgrade + pricing review,,,,,,
4289-DTDKW,0.5812601993375072,Medium,101.3,58.881658192889475,547,Offer contract upgrade + pricing review,,,,,,
1618-CFHME,0.775498030585742,High,75.9,58.860300521457816,548,Offer contract upgrade,,,,,,
8051-HJRLT,0.8342293053953719,High,70.55,58.854877495643485,549,Offer contract upgrade,,,,,,
9603-OAIHC,0.8401518588537243,High,70.05,58.85263771270339,550,Offer contract upgrade,,,,,,
3422-GALYP,0.7401767618488319,High,79.45,58.807043728889695,551,Offer contract upgrade,,,,,,
8000-REIQB,0.8396560391028137,High,69.95,58.73393993524182,552,Offer contract upgrade,,,,,,
0432-CAJZV,0.6474101499436629,High,90.7,58.72010059989022,553,Offer contract upgrade + pricing review,,,,,,
9897-KXHCM,0.7310849938980567,High,80.3,58.70612501001395,554,Offer contract upgrade,,,,,,
4143-OOBWZ,0.7219927522150914,High,81.3,58.698010755086926,555,Offer contract upgrade,,,,,,
5550-VFRLC,0.8396116488182707,High,69.85,58.6468736699562,556,Offer contract upgrade,,,,,,
8999-BOHSE,0.6534466749616453,High,89.7,58.61416674405959,557,Offer contract upgrade,,,,,,
0771-WLCLA,0.518840060062203,Medium,112.95,58.60298478402583,558,Offer contract upgrade + pricing review,,,,,,
9801-GDWGV,0.5662179258148562,Medium,103.45,58.57524442554688,559,Offer contract upgrade + pricing review,,,,,,
7394-FKDNK,0.6548273365697692,High,89.45,58.57430525616586,560,Offer contract upgrade,,,,,,
8429-XIBUM,0.5777516612465997,Medium,101.35,58.555130867342875,561,Offer contract upgrade + pricing review,,,,,,
3191-CSNMG,0.7249718745977909,High,80.7,58.50523028004173,562,Offer contract upgrade,,,,,,
4423-YLHDV,0.5603930554164926,Medium,104.4,58.505034985481835,563,Offer contract upgrade + pricing review,,,,,,
8481-YYXWG,0.6545529673756275,High,89.35,58.484307635012314,564,Offer contract upgrade,,,,,,
4871-JTKJF,0.8395627612865674,High,69.65,58.47554632360942,565,Offer contract upgrade,,,,,,
2665-NPTGL,0.5960331752453117,Medium,98.1,58.47085449156508,566,Offer contract upgrade + pricing review,,,,,,
5835-BEQEU,0.7595825546249882,High,76.95,58.44987757839285,567,Offer contract upgrade,,,,,,
0231-LXVAP,0.7699773108025858,High,75.9,58.441277889916265,568,Offer contract upgrade,,,,,,
8375-DKEBR,0.8395627612865674,High,69.6,58.433568185545084,569,Offer contract upgrade,,,,,,
2636-ALXXZ,0.8395627612865674,High,69.6,58.433568185545084,570,Offer contract upgrade,,,,,,
9444-JTXHZ,0.766612819057791,High,76.2,58.41589681220368,571,Offer contract upgrade,,,,,,
6821-BUXUX,0.604286512427603,High,96.65,58.404291426127834,572,Offer contract upgrade + pricing review,,,,,,
1197-BVMVG,0.7841227154363909,High,74.45,58.3779361642393,573,Offer contract upgrade,,,,,,
5539-TMZLF,0.8367526182227562,High,69.75,58.36349512103724,574,Offer contract upgrade,,,,,,
7409-KIUTL,0.8217968057295284,High,71.0,58.34757320679652,575,Offer contract upgrade,,,,,,
1363-TXLSL,0.8298805711773799,High,70.3,58.3406041537698,576,Offer contract upgrade,,,,,,
2506-TNFCO,0.8384577908335535,High,69.55,58.314739352473644,577,Offer contract upgrade,,,,,,
5130-IEKQT,0.5503717379289345,Medium,105.95,58.311885633570604,578,Offer contract upgrade + pricing review,,,,,,
8062-YBDOE,0.8367030287276865,High,69.65,58.276365950883374,579,Offer contract upgrade,,,,,,
1031-IIDEO,0.8216065648267526,High,70.85,58.21082511797542,580,Offer contract upgrade,,,,,,
7206-GZCDC,0.8387749513801062,High,69.25,58.08516538307235,581,Offer contract upgrade,,,,,,
3519-ZKXGG,0.7654882335185847,High,75.85,58.06228251238465,582,Offer contract upgrade,,,,,,
5647-FXOTP,0.5480679982175455,Medium,105.9,58.04040101123807,583,Offer contract upgrade + pricing review,,,,,,
4385-GZQXV,0.6142767699615055,High,94.45,58.018440922864194,584,Offer contract upgrade + pricing review,,,,,,
2018-PZKMU,0.5625401296393361,Medium,103.1,57.997887365815544,585,Offer contract upgrade + pricing review,,,,,,
5229-PRWKT,0.6697703238551475,High,86.55,57.96862152966301,586,Offer contract upgrade,,,,,,
7249-WBIYX,0.6770142444614217,High,85.6,57.952419325897694,587,Offer contract upgrade,,,,,,
5649-ANRML,0.6091236865243995,High,95.1,57.92766258847039,588,Offer contract upgrade + pricing review,,,,,,
4998-IKFSE,0.5765899704144636,Medium,100.45,57.91846252813287,589,Offer contract upgrade + pricing review,,,,,,
3318-OSATS,0.606566094318614,High,95.45,57.89673370271171,590,Offer contract upgrade + pricing review,,,,,,
0447-RXSGD,0.5808061458887519,Medium,99.65,57.87733243781413,591,Offer contract upgrade + pricing review,,,,,,
4581-SSPWD,0.7630194465118757,High,75.8,57.836874045600176,592,Offer contract upgrade,,,,,,
5054-IEXZT,0.7675744841702313,High,75.35,57.83673738222693,593,Offer contract upgrade,,,,,,
0654-HMSHN,0.5537676024455577,Medium,104.4,57.81333769531622,594,Offer contract upgrade + pricing review,,,,,,
0258-NOKBL,0.6393146535162844,High,90.4,57.79404467787211,595,Offer contract upgrade + pricing review,,,,,,
4514-GFCFI,0.6819317992125518,High,84.75,57.79371998326376,596,Offer contract upgrade,,,,,,
5043-TRZWM,0.764591495031184,High,75.55,57.76488744960594,597,Offer contract upgrade,,,,,,
8443-ZRDBZ,0.7594594176627547,High,76.05,57.75688871325249,598,Offer contract upgrade,,,,,,
8017-LXHFA,0.6092346339878186,High,94.75,57.72498157034582,599,Offer contract upgrade + pricing review,,,,,,
7074-IEVOJ,0.726678859936218,High,79.4,57.69830147893571,600,Offer contract upgrade,,,,,,
6786-OBWQR,0.7135511760821509,High,80.85,57.6906125862419,601,Offer contract upgrade,,,,,,
7714-YXSMB,0.5739427970870496,Medium,100.5,57.68125110724849,602,Offer contract upgrade + pricing review,,,,,,
9741-YLNTD,0.6555279421878177,High,87.95,57.65368251541857,603,Offer contract upgrade,,,,,,
7748-UMTRK,0.5688046198847697,Medium,101.3,57.61990799432717,604,Offer contract upgrade + pricing review,,,,,,
9940-RHLFB,0.7647763626495013,High,75.3,57.587660107507446,605,Offer contract upgrade,,,,,,
0480-BIXDE,0.5948545033477477,Medium,96.8,57.581915924061974,606,Offer contract upgrade + pricing review,,,,,,
8183-ONMXC,0.7129715633639461,High,80.75,57.57245374163865,607,Offer contract upgrade,,,,,,
3244-DCJWY,0.8192272561092295,High,70.25,57.550714741673374,608,Offer contract upgrade,,,,,,
1640-PLFMP,0.8192272561092295,High,70.25,57.550714741673374,609,Offer contract upgrade,,,,,,
9399-APLBT,0.7691993526579716,High,74.7,57.459191643550476,610,Offer contract upgrade,,,,,,
4439-JMPMT,0.6699674948575338,High,85.75,57.44971268403353,611,Offer contract upgrade,,,,,,
4702-IOQDC,0.8192272561092295,High,70.1,57.42783065325698,612,Offer contract upgrade,,,,,,
0328-GRPMV,0.8192272561092295,High,70.1,57.42783065325698,613,Offer contract upgrade,,,,,,
8035-PWSEV,0.6426916497250353,High,89.25,57.36022973795941,614,Offer contract upgrade,,,,,,
6518-LGAOV,0.5462795404160569,Medium,105.0,57.35935174368597,615,Offer contract upgrade + pricing review,,,,,,
4749-OJKQU,0.7577264220145847,High,75.65,57.32200382540334,616,Offer contract upgrade,,,,,,
3372-KWFBM,0.6616082628272192,High,86.6,57.295275560837176,617,Offer contract upgrade,,,,,,
1251-STYSZ,0.7133580667489176,High,80.25,57.24698485660063,618,Offer contract upgrade,,,,,,
5376-DEQCP,0.8105666226667605,High,70.6,57.226003560273284,619,Offer contract upgrade,,,,,,
1320-HTRDR,0.7576276051623732,High,75.5,57.20088418975917,620,Offer contract upgrade,,,,,,
3494-JCHRQ,0.8159657934497005,High,70.05,57.158403831151524,621,Offer contract upgrade,,,,,,
4813-HQMGZ,0.6325092317162752,High,90.25,57.083958162393834,622,Offer contract upgrade + pricing review,,,,,,
6646-VRFOL,0.5494906605919458,Medium,103.85,57.06460510247357,623,Offer contract upgrade + pricing review,,,,,,
2024-BASKD,0.7647397795142955,High,74.6,57.04958755176644,624,Offer contract upgrade,,,,,,
9846-GKXAS,0.6272294177555686,High,90.8,56.95243113220563,625,Offer contract upgrade + pricing review,,,,,,
6653-CBBOM,0.80906307537764,High,70.3,56.877134199048086,626,Offer contract upgrade,,,,,,
8380-PEFPE,0.7937364609171856,High,71.65,56.871217424716356,627,Offer contract upgrade,,,,,,
0434-CSFON,0.5656374508604888,Medium,100.5,56.84656381147912,628,Offer contract upgrade + pricing review,,,,,,
1200-TUZHR,0.6670075862543621,High,85.2,56.82904634887165,629,Offer contract upgrade,,,,,,
8943-URTMR,0.7128081340222303,High,79.65,56.77516787487065,630,Offer contract upgrade,,,,,,
5875-YPQFJ,0.8121672137268967,High,69.9,56.77048823951009,631,Offer contract upgrade,,,,,,
9804-ICWBG,0.8121672137268967,High,69.9,56.77048823951009,632,Offer contract upgrade,,,,,,
5542-TBBWB,0.8121672137268967,High,69.9,56.77048823951009,633,Offer contract upgrade,,,,,,
0886-QGENL,0.5606785796162455,Medium,101.25,56.768706186144854,634,Offer contract upgrade + pricing review,,,,,,
7665-TOALD,0.8153071562149605,High,69.6,56.745378072561245,635,Offer contract upgrade,,,,,,
0147-ESWWR,0.5603249105565569,Medium,101.25,56.732897193851386,636,Offer contract upgrade + pricing review,,,,,,
4603-JANFB,0.8121672137268967,High,69.85,56.72987987882373,637,Offer contract upgrade,,,,,,
4686-UXDML,0.5681114324198759,Medium,99.85,56.72592652712461,638,Offer contract upgrade + pricing review,,,,,,
4510-HIMLV,0.8121672137268967,High,69.8,56.68927151813739,639,Offer contract upgrade,,,,,,
7465-ZZRVX,0.8057854580356627,High,70.35,56.68700697280887,640,Offer contract upgrade,,,,,,
6689-TCZHQ,0.7179874967183495,High,78.95,56.685112865913695,641,Offer contract upgrade,,,,,,
2832-KJCRD,0.5468114102436767,Medium,103.65,56.677002671757094,642,Offer contract upgrade + pricing review,,,,,,
0488-GSLFR,0.8153071562149605,High,69.5,56.663847356939755,643,Offer contract upgrade,,,,,,
2446-PLQVO,0.8057854580356627,High,70.3,56.646717699907086,644,Offer contract upgrade,,,,,,
3336-JORSO,0.5125826835855524,Medium,110.45,56.61475740202426,645,Offer contract upgrade + pricing review,,,,,,
7254-IQWOZ,0.8121118329097132,High,69.65,56.563589162161534,646,Offer contract upgrade,,,,,,
5685-IIXLY,0.6764903773843326,High,83.6,56.5545955493302,647,Offer contract upgrade,,,,,,
1569-TTNYJ,0.7178052249666058,High,78.75,56.527161466120205,648,Offer contract upgrade,,,,,,
6502-MJQAE,0.8121118329097132,High,69.6,56.52298357051603,649,Offer contract upgrade,,,,,,
6198-RTPMF,0.6101422300565502,High,92.6,56.49917050323655,650,Offer contract upgrade + pricing review,,,,,,
1820-TQVEV,0.8121118329097132,High,69.55,56.48237797887055,651,Offer contract upgrade,,,,,,
2516-VQRRV,0.7484815260659987,High,75.45,56.4729311416796,652,Offer contract upgrade,,,,,,
0679-IDSTG,0.8140918242615303,High,69.25,56.37585883011097,653,Offer contract upgrade,,,,,,
7660-HDPJV,0.8144265681246518,High,69.2,56.35831851422591,654,Offer contract upgrade,,,,,,
9728-FTTVZ,0.8144265681246518,High,69.2,56.35831851422591,655,Offer contract upgrade,,,,,,
2038-OEQZH,0.6548944374466114,High,86.05,56.3536663422809,656,Offer contract upgrade,,,,,,
6507-ZJSUR,0.6228367715769509,High,90.45,56.33558598913521,657,Offer contract upgrade + pricing review,,,,,,
4090-KPJIP,0.7513944276764375,High,74.95,56.31701235434899,658,Offer contract upgrade,,,,,,
4484-GLZOU,0.535945279805749,Medium,105.05,56.30105164359394,659,Offer contract upgrade + pricing review,,,,,,
7595-EUIVN,0.7425070029878486,High,75.8,56.282030826478916,660,Offer contract upgrade,,,,,,
3428-XZMAZ,0.8113873309618654,High,69.35,56.26971140220537,661,Offer contract upgrade,,,,,,
6457-GIRWB,0.8113873309618654,High,69.35,56.26971140220537,662,Offer contract upgrade,,,,,,
3908-BLSYF,0.6705978274282811,High,83.9,56.26315772123279,663,Offer contract upgrade,,,,,,
3588-WSTTJ,0.5675733530112766,Medium,99.05,56.21814061576695,664,Offer contract upgrade + pricing review,,,,,,
3422-LYEPQ,0.7914799978040375,High,71.0,56.19507984408666,665,Offer contract upgrade,,,,,,
2840-XANRC,0.6030246828483795,High,93.15,56.171749207326556,666,Offer contract upgrade + pricing review,,,,,,
8185-UPYBR,0.7438057400594048,High,75.5,56.15733337448506,667,Offer contract upgrade,,,,,,
5937-EORGB,0.581502847352095,Medium,96.5,56.115024769477166,668,Offer contract upgrade + pricing review,,,,,,
2603-HVKCG,0.5532598100943146,Medium,101.4,56.1005447435635,669,Offer contract upgrade + pricing review,,,,,,
8844-TONUD,0.5801670009705198,Medium,96.65,56.07314064380074,670,Offer contract upgrade + pricing review,,,,,,
4806-HIPDW,0.8131869996905551,High,68.95,56.06924362866378,671,Offer contract upgrade,,,,,,
4229-CZMLL,0.7485360210138521,High,74.9,56.06534797393753,672,Offer contract upgrade,,,,,,
3716-BDVDB,0.811219537543026,High,69.1,56.05527004422309,673,Offer contract upgrade,,,,,,
0404-SWRVG,0.7532195983077895,High,74.4,56.03953811409954,674,Offer contract upgrade,,,,,,
1447-GIQMR,0.8099635457533569,High,69.15,56.008979188844634,675,Offer contract upgrade,,,,,,
6088-BXMRG,0.5665269056211335,Medium,98.85,56.00118462064904,676,Offer contract upgrade + pricing review,,,,,,
8709-KRDVL,0.5598046545876697,Medium,100.0,55.98046545876697,677,Offer contract upgrade + pricing review,,,,,,
3247-ZVOUO,0.6543268271795102,High,85.55,55.9776600652071,678,Offer contract upgrade,,,,,,
7341-LXCAF,0.749673550363396,High,74.65,55.96313053462752,679,Offer contract upgrade,,,,,,
6435-SRWBJ,0.6757279036998226,High,82.75,55.91648403116032,680,Offer contract upgrade,,,,,,
7508-MYBOG,0.6489732161435586,High,86.1,55.87659390996039,681,Offer contract upgrade,,,,,,
5959-BELXA,0.5806990138191717,Medium,96.15,55.834210178713356,682,Offer contract upgrade + pricing review,,,,,,
3211-AAPKX,0.5660855123275474,Medium,98.55,55.7877272398798,683,Offer contract upgrade + pricing review,,,,,,
9133-AYJZG,0.5647784472106023,Medium,98.7,55.743632739686454,684,Offer contract upgrade + pricing review,,,,,,
8784-CGILN,0.5580063459324758,Medium,99.85,55.716933641357706,685,Offer contract upgrade + pricing review,,,,,,
3951-NJCVI,0.5861180853870285,Medium,95.05,55.710524016037056,686,Offer contract upgrade + pricing review,,,,,,
6402-ZFPPI,0.5419147881362857,Medium,102.8,55.70884022041017,687,Offer contract upgrade + pricing review,,,,,,
9185-TQCVP,0.654117071389747,High,85.15,55.69806862883696,688,Offer contract upgrade,,,,,,
7235-NXZCP,0.7432893223713507,High,74.85,55.63520577949559,689,Offer contract upgrade,,,,,,
2786-GCDPI,0.529981225161847,Medium,104.95,55.62152958073584,690,Offer contract upgrade + pricing review,,,,,,
7901-TBKJX,0.5504095711369262,Medium,101.05,55.6188871633864,691,Offer contract upgrade + pricing review,,,,,,
9306-CPCBC,0.7490306940650064,High,74.25,55.61552903432673,692,Offer contract upgrade,,,,,,
7198-GLXTC,0.7036430761146499,High,79.0,55.587803013057346,693,Offer contract upgrade,,,,,,
9050-IKDZA,0.6805880890696393,High,81.5,55.467929259175605,694,Offer contract upgrade,,,,,,
8132-YPVBX,0.6445951768265663,High,85.95,55.402955448243375,695,Offer contract upgrade,,,,,,
8309-IEYJD,0.7844971471022704,High,70.6,55.38549858542029,696,Offer contract upgrade,,,,,,
0952-KMEEH,0.5642837489135636,Medium,98.15,55.384449955866266,697,Offer contract upgrade + pricing review,,,,,,
5956-VKDTT,0.7446167241344465,High,74.35,55.36225343939609,698,Offer contract upgrade,,,,,,
4009-ALQFH,0.55624612385446,Medium,99.5,55.346489323518774,699,Offer contract upgrade + pricing review,,,,,,
5980-NOPLP,0.5758620494943082,Medium,96.1,55.34034295640301,700,Offer contract upgrade + pricing review,,,,,,
9129-UXERG,0.5339482844904395,Medium,103.6,55.31704227320953,701,Offer contract upgrade + pricing review,,,,,,
0946-CLJTI,0.5603152862630942,Medium,98.7,55.3031187541674,702,Offer contract upgrade + pricing review,,,,,,
4803-AXVYP,0.5549578952245962,Medium,99.55,55.24605846960855,703,Offer contract upgrade + pricing review,,,,,,
4884-ZTHVF,0.6342750496003919,High,87.1,55.24535682019413,704,Offer contract upgrade,,,,,,
2135-DQWAQ,0.647572030210486,High,85.3,55.237894176954455,705,Offer contract upgrade,,,,,,
1853-UDXBW,0.7886704604019088,High,70.0,55.20693222813362,706,Offer contract upgrade,,,,,,
5449-FIBXJ,0.534371025372318,Medium,103.3,55.20052692096044,707,Offer contract upgrade + pricing review,,,,,,
6907-NZZIJ,0.5565096663402229,Medium,99.15,55.177933417633106,708,Offer contract upgrade + pricing review,,,,,,
1013-QCWAM,0.5470999650971898,Medium,100.8,55.147676481796736,709,Offer contract upgrade + pricing review,,,,,,
0139-IVFJG,0.6097767130372679,High,90.35,55.09332602291715,710,Offer contract upgrade + pricing review,,,,,,
9601-BRXPO,0.5248482321977417,Medium,104.95,55.08282196915299,711,Offer contract upgrade + pricing review,,,,,,
0390-DCFDQ,0.7817659391783468,High,70.45,55.07541041511453,712,Offer contract upgrade,,,,,,
6110-OHIHY,0.6945171097086036,High,79.25,55.04048094440684,713,Offer contract upgrade,,,,,,
6087-MVHJH,0.6221124056597291,High,88.45,55.025842280603044,714,Offer contract upgrade,,,,,,
8949-JTMAY,0.5580618809439184,Medium,98.6,55.02490146107035,715,Offer contract upgrade + pricing review,,,,,,
5134-IKDAY,0.7880001698156325,High,69.8,55.00241185313114,716,Offer contract upgrade,,,,,,
2123-AGEEN,0.6518465403286966,High,84.35,54.983255676725555,717,Offer contract upgrade,,,,,,
4550-EVXNY,0.788525722624879,High,69.65,54.92081658082282,718,Offer contract upgrade,,,,,,
6918-UMQCG,0.6846531419298282,High,80.2,54.909181982772225,719,Offer contract upgrade,,,,,,
4124-MMETB,0.5800527840044916,Medium,94.65,54.90199600602513,720,Offer contract upgrade + pricing review,,,,,,
9961-JBNMK,0.5667535529940083,Medium,96.8,54.86174392982,721,Offer contract upgrade + pricing review,,,,,,
9840-EFJQB,0.7378177813581273,High,74.35,54.856752043976755,722,Offer contract upgrade,,,,,,
1704-NRWYE,0.6783463938662099,High,80.85,54.84430594408306,723,Offer contract upgrade,,,,,,
2424-WVHPL,0.7340812700676773,High,74.7,54.835870874055495,724,Offer contract upgrade,,,,,,
9696-RMYBA,0.6830258704850946,High,80.1,54.71037222585607,725,Offer contract upgrade,,,,,,
6127-ISGTU,0.6436545681407467,High,84.95,54.67845556355643,726,Offer contract upgrade,,,,,,
3904-UKFRE,0.6823941627455818,High,80.1,54.6597724359211,727,Offer contract upgrade,,,,,,
3177-LASXD,0.7659658843033983,High,71.35,54.65166584504746,728,Offer contract upgrade,,,,,,
6140-QNRQQ,0.7636553489478175,High,71.55,54.63954021721634,729,Offer contract upgrade,,,,,,
0013-EXCHZ,0.6512213821945347,High,83.9,54.63747396612147,730,Offer contract upgrade,,,,,,
5655-JSMZM,0.5677947964340266,Medium,96.2,54.62185941695336,731,Offer contract upgrade + pricing review,,,,,,
6394-MFYNG,0.5081411713835311,Medium,107.4,54.57436180659124,732,Offer contract upgrade + pricing review,,,,,,
5186-SAMNZ,0.7847952073669581,High,69.5,54.54326691200359,733,Offer contract upgrade,,,,,,
4137-BTIKL,0.6010228118698387,High,90.75,54.54282017718786,734,Offer contract upgrade + pricing review,,,,,,
7693-LCKZL,0.680097021022955,High,80.15,54.50977623498985,735,Offer contract upgrade,,,,,,
8800-JOOCF,0.648499921524532,High,84.05,54.50641840413691,736,Offer contract upgrade,,,,,,
0793-TWELN,0.6799322502599876,High,80.15,54.49656985833801,737,Offer contract upgrade,,,,,,
8042-JVNFH,0.7636553489478175,High,71.35,54.486809147426776,738,Offer contract upgrade,,,,,,
6712-OAWRH,0.5970979070004284,Medium,91.25,54.485184013789095,739,Offer contract upgrade + pricing review,,,,,,
3597-MVHJT,0.5693762106102768,Medium,95.6,54.432365734342454,740,Offer contract upgrade + pricing review,,,,,,
9095-HFAFX,0.6717278627498942,High,81.0,54.409956882741426,741,Offer contract upgrade,,,,,,
9565-DJPIB,0.6070278037266514,High,89.6,54.389691213907966,742,Offer contract upgrade,,,,,,
4919-IKATY,0.6432786947352269,High,84.5,54.35704970512668,743,Offer contract upgrade,,,,,,
0968-GSIKN,0.7677295764769029,High,70.8,54.35525401456472,744,Offer contract upgrade,,,,,,
4633-MKHYU,0.6142407949621669,High,88.4,54.29888627465556,745,Offer contract upgrade,,,,,,
5385-SUIRI,0.5210407331683465,Medium,104.2,54.29244439614171,746,Offer contract upgrade + pricing review,,,,,,
1469-LBJQJ,0.5158227348430054,Medium,105.2,54.26455170548417,747,Offer contract upgrade + pricing review,,,,,,
8714-CTZJW,0.6548777321118997,High,82.85,54.25662010547089,748,Offer contract upgrade,,,,,,
5159-YFPKQ,0.7154908713433131,High,75.8,54.23420804782313,749,Offer contract upgrade,,,,,,
4706-AXVKM,0.6392180140085294,High,84.8,54.20568758792329,750,Offer contract upgrade,,,,,,
0135-NMXAP,0.6038360848986036,High,89.75,54.194288619649676,751,Offer contract upgrade,,,,,,
3871-IKPYH,0.7838241034833403,High,69.1,54.16224555069881,752,Offer contract upgrade,,,,,,
2761-OCIAX,0.7249958493793406,High,74.7,54.15718994863674,753,Offer contract upgrade,,,,,,
2880-FPNAE,0.7296302204380462,High,74.2,54.13856235650302,754,Offer contract upgrade,,,,,,
1980-KXVPM,0.721349235966747,High,75.05,54.13726015930436,755,Offer contract upgrade,,,,,,
8875-AKBYH,0.6413709501460674,High,84.35,54.099639644820776,756,Offer contract upgrade,,,,,,
5609-CEBID,0.5744542390117763,Medium,94.1,54.05614389100815,757,Offer contract upgrade + pricing review,,,,,,
4039-HEUNW,0.5600151020077385,Medium,96.5,54.041457343746764,758,Offer contract upgrade + pricing review,,,,,,
1320-REHCS,0.4875930742889821,Medium,110.75,54.00093297750477,759,Offer contract upgrade + pricing review,,,,,,
7599-FKVXZ,0.5079817288349305,Medium,106.15,53.92226051582788,760,Offer contract upgrade + pricing review,,,,,,
0923-PNFUB,0.643833909045303,High,83.75,53.92108988254413,761,Offer contract upgrade,,,,,,
3990-QYKBE,0.5827813927290305,Medium,92.5,53.90727882743532,762,Offer contract upgrade + pricing review,,,,,,
0378-TOVMS,0.6282546501029674,High,85.8,53.9042489788346,763,Offer contract upgrade,,,,,,
9274-CNFMO,0.7185045863681897,High,74.95,53.85191874829582,764,Offer contract upgrade,,,,,,
9894-EZEWG,0.7242062173492977,High,74.3,53.80852194905282,765,Offer contract upgrade,,,,,,
0817-HSUSE,0.7124417701643831,High,75.5,53.78935364741093,766,Offer contract upgrade,,,,,,
7752-XUSCI,0.5077345424074897,Medium,105.9,53.769088040953164,767,Offer contract upgrade + pricing review,,,,,,
3370-HXOPH,0.70617156123846,High,76.1,53.7396558102468,768,Offer contract upgrade,,,,,,
4128-ETESU,0.5388682012079881,Medium,99.7,53.72515966043641,769,Offer contract upgrade + pricing review,,,,,,
0495-ZBNGW,0.6722639876657672,High,79.9,53.7138926144948,770,Offer contract upgrade,,,,,,
3420-YJLQT,0.6749237560088197,High,79.55,53.690184790501604,771,Offer contract upgrade,,,,,,
0114-PEGZZ,0.4991126143340605,Medium,107.55,53.67956167162821,772,Offer contract upgrade + pricing review,,,,,,
6377-WHAOX,0.5056897567004797,Medium,106.15,53.67896767375592,773,Offer contract upgrade + pricing review,,,,,,
5357-TZHPP,0.6359010514009191,High,84.4,53.670048738237575,774,Offer contract upgrade,,,,,,
9985-MWVIX,0.7648373616987577,High,70.15,53.65334092316786,775,Offer contract upgrade,,,,,,
2619-WFQWU,0.7648373616987577,High,70.15,53.65334092316786,776,Offer contract upgrade,,,,,,
0023-XUOPT,0.5697912089018768,Medium,94.1,53.61735275766661,777,Offer contract upgrade + pricing review,,,,,,
0396-YCHWO,0.5617443129983659,Medium,95.4,53.59040746004411,778,Offer contract upgrade + pricing review,,,,,,
2587-EKXTS,0.48061522410884583,Medium,111.5,53.58859748813631,779,Offer contract upgrade + pricing review,,,,,,
6416-TVAIH,0.7821781954498479,High,68.5,53.57920638831458,780,Offer contract upgrade,,,,,,
0225-ZORZP,0.6353556896691458,High,84.3,53.56048463910899,781,Offer contract upgrade,,,,,,
0148-DCDOS,0.5652025132797499,Medium,94.7,53.52467800759232,782,Offer contract upgrade + pricing review,,,,,,
2262-SLNVK,0.76335309004847,High,70.1,53.51105161239774,783,Offer contract upgrade,,,,,,
5569-OUICF,0.5280091368941501,Medium,101.3,53.487325567377404,784,Offer contract upgrade + pricing review,,,,,,
4369-HTUIF,0.6276804114526146,High,85.15,53.44698703519013,785,Offer contract upgrade,,,,,,
8361-LTMKD,0.7182127421958235,High,74.4,53.43502801936928,786,Offer contract upgrade,,,,,,
6432-TWQLB,0.6254522087736585,High,85.4,53.41361862927044,787,Offer contract upgrade,,,,,,
2038-LLMLM,0.5139883770308716,Medium,103.85,53.37769295465602,788,Offer contract upgrade + pricing review,,,,,,
8861-HGGKB,0.6172590305255188,High,86.45,53.3620431889311,789,Offer contract upgrade,,,,,,
7480-QNVZJ,0.5575495808101797,Medium,95.7,53.3574948835342,790,Offer contract upgrade + pricing review,,,,,,
5032-MIYKT,0.7543523108714556,High,70.7,53.33270837861191,791,Offer contract upgrade,,,,,,
9840-DVNDC,0.6623472956766995,High,80.5,53.31895730197431,792,Offer contract upgrade,,,,,,
4550-VBOFE,0.5175320619413559,Medium,102.95,53.27992577686259,793,Offer contract upgrade + pricing review,,,,,,
3587-PMCOY,0.5385655156943633,Medium,98.9,53.26412950217253,794,Review pricing or offer,,,,,,
7240-FQLHE,0.5334746259757097,Medium,99.75,53.214093941077046,795,Offer contract upgrade + pricing review,,,,,,
4873-ILOLJ,0.5886212462993593,Medium,90.35,53.18192960314711,796,Offer contract upgrade + pricing review,,,,,,
3066-RRJIO,0.7602095060411798,High,69.95,53.17665494758052,797,Offer contract upgrade,,,,,,
4902-OHLSK,0.5389295688011708,Medium,98.65,53.16540196223551,798,Offer contract upgrade + pricing review,,,,,,
9391-EOYLI,0.6603950970997267,High,80.45,53.12878556167301,799,Offer contract upgrade,,,,,,
5583-SXDAG,0.7578816916451169,High,70.0,53.051718415158184,800,Offer contract upgrade,,,,,,
8276-MQBYC,0.5424298844317346,Medium,97.8,53.049642697423636,801,Offer contract upgrade + pricing review,,,,,,
8059-UDZFY,0.5034390042267061,Medium,105.35,53.03729909528348,802,Offer contract upgrade + pricing review,,,,,,
2688-BHGOG,0.6660939926434389,High,79.55,52.987777114785565,803,Offer contract upgrade,,,,,,
8903-WMRNW,0.5207640100811358,Medium,101.75,52.98773802575557,804,Offer contract upgrade + pricing review,,,,,,
3295-YVUSR,0.7298153545364635,High,72.6,52.984594739347244,805,Offer contract upgrade,,,,,,
9617-INGJY,0.7504252375089221,High,70.6,52.980021768129895,806,Offer contract upgrade,,,,,,
1915-IOFGU,0.7513501040892893,High,70.5,52.97018233829489,807,Offer contract upgrade,,,,,,
8083-YTZES,0.7118341527735604,High,74.35,52.92486925871422,808,Offer contract upgrade,,,,,,
6400-BWQKW,0.6692664021101622,High,79.05,52.90550908680832,809,Offer contract upgrade,,,,,,
0899-LIIBW,0.5244574937007505,Medium,100.85,52.89153823972068,810,Offer contract upgrade + pricing review,,,,,,
1379-FRVEB,0.5809152082414305,Medium,91.0,52.863283949970175,811,Offer contract upgrade + pricing review,,,,,,
0219-YTZUE,0.6231475642853935,High,84.8,52.84291345140137,812,Offer contract upgrade,,,,,,
1771-OADNZ,0.5508528121852523,Medium,95.9,52.826784688565695,813,Offer contract upgrade + pricing review,,,,,,
6376-GAHQE,0.6783958016366491,High,77.85,52.813113157413135,814,Offer contract upgrade,,,,,,
7153-OANIO,0.7548251379854712,High,69.95,52.800018402083715,815,Offer contract upgrade,,,,,,
6599-RCLCJ,0.48182270036377367,Medium,109.55,52.783676824851405,816,Offer contract upgrade + pricing review,,,,,,
5842-POCOP,0.5936441016632316,Medium,88.9,52.77496063786129,817,Offer contract upgrade,,,,,,
1833-TCXKK,0.4895918952604596,Medium,107.75,52.753526714314525,818,Offer contract upgrade + pricing review,,,,,,
3254-YRILK,0.5976968291850575,Medium,88.2,52.716860334122075,819,Offer contract upgrade,,,,,,
1342-JPNKI,0.6123719358332602,High,86.05,52.69460507845204,820,Offer contract upgrade,,,,,,
1602-IJQQE,0.6988347923192237,High,75.35,52.657201601253504,821,Offer contract upgrade,,,,,,
1112-CUNAO,0.5857534293313615,Medium,89.85,52.629945625422835,822,Offer contract upgrade,,,,,,
2276-YDAVZ,0.700723921721224,High,75.1,52.624366521263916,823,Offer contract upgrade,,,,,,
5729-KLZAR,0.6508277093869472,High,80.85,52.61942030393468,824,Offer contract upgrade,,,,,,
4759-TRPLW,0.7473911076756895,High,70.4,52.616333980368545,825,Offer contract upgrade,,,,,,
2692-BUCFV,0.5185356855465463,Medium,101.45,52.60544529869712,826,Offer contract upgrade + pricing review,,,,,,
0324-BRPCJ,0.5249855791311002,Medium,100.2,52.60355502893624,827,Offer contract upgrade + pricing review,,,,,,
7908-QCBCA,0.7577904176648858,High,69.4,52.590654985943075,828,Offer contract upgrade,,,,,,
2674-MIAHT,0.6548234786336325,High,80.3,52.58232533428069,829,Offer contract upgrade,,,,,,
7928-VJYAB,0.5803112165981696,Medium,90.6,52.57619622379416,830,Offer contract upgrade + pricing review,,,,,,
8225-BTJAU,0.6634202219428472,High,79.25,52.57605258897064,831,Offer contract upgrade,,,,,,
1035-IPQPU,0.5076036648336288,Medium,103.5,52.536979310280586,832,Offer contract upgrade + pricing review,,,,,,
4636-QRJKY,0.6524733072795872,High,80.5,52.52410123600677,833,Offer contract upgrade,,,,,,
7831-QGOXH,0.6160086466628445,High,85.2,52.48393669567435,834,Offer contract upgrade,,,,,,
9314-IJWSQ,0.6189081901717114,High,84.8,52.48341452656113,835,Offer contract upgrade,,,,,,
3143-JQEGI,0.5939734562649449,Medium,88.35,52.47755486100788,836,Offer contract upgrade,,,,,,
8808-ELEHO,0.6452232600840849,High,81.25,52.4243898818319,837,Offer contract upgrade,,,,,,
7825-ECJRF,0.4914370664310254,Medium,106.6,52.38719128154731,838,Offer contract upgrade + pricing review,,,,,,
9250-WYPLL,0.6930158809882382,High,75.55,52.35734980866139,839,Offer contract upgrade,,,,,,
4285-GYRQC,0.6060174077081377,High,86.25,52.26900141482688,840,Offer contract upgrade,,,,,,
4062-HBMOS,0.5070379825377559,Medium,103.05,52.25026410051574,841,Offer contract upgrade + pricing review,,,,,,
6198-ZFIOJ,0.6905030815192535,High,75.6,52.20203296285556,842,Offer contract upgrade,,,,,,
2845-HSJCY,0.5982101419961353,Medium,87.25,52.19383488916281,843,Offer contract upgrade,,,,,,
0925-VYDLG,0.6935805301156239,High,75.25,52.1919348912007,844,Offer contract upgrade,,,,,,
4077-CROMM,0.5008356177382486,Medium,104.2,52.187071368325505,845,Offer contract upgrade + pricing review,,,,,,
7479-NITWS,0.5840390654215336,Medium,89.35,52.183890495414026,846,Offer contract upgrade,,,,,,
8519-IMDHU,0.6089605077249123,High,85.6,52.12701946125249,847,Offer contract upgrade,,,,,,
5804-LEPIM,0.7407955676513132,High,70.35,52.11496818426988,848,Offer contract upgrade,,,,,,
9692-TUSXH,0.5424304127909875,Medium,96.05,52.10044114857435,849,Offer contract upgrade + pricing review,,,,,,
1513-XNPPH,0.5823936529669601,Medium,89.4,52.065992575246234,850,Offer contract upgrade,,,,,,
2468-SJFLM,0.700374324040317,High,74.3,52.037812276195545,851,Offer contract upgrade,,,,,,
3834-XUIFC,0.6106817344465219,High,85.2,52.03008377484366,852,Offer contract upgrade,,,,,,
4123-DVHPH,0.5907522748767247,Medium,88.05,52.01573780289561,853,Offer contract upgrade,,,,,,
7048-GXDAY,0.48847439571633844,Medium,106.4,51.973675704218415,854,Offer contract upgrade + pricing review,,,,,,
8063-GBATB,0.6096217791249559,High,85.25,51.970256670402485,855,Offer contract upgrade,,,,,,
7994-UYIVZ,0.606579028033695,High,85.65,51.95349375108598,856,Offer contract upgrade,,,,,,
2856-HYAPG,0.7561776607996437,High,68.65,51.911596413895545,857,Offer contract upgrade,,,,,,
2800-QQUSO,0.5168566471446147,Medium,100.3,51.840721708604846,858,Offer contract upgrade + pricing review,,,,,,
5288-AHOUP,0.6603597302558057,High,78.5,51.83823882508075,859,Offer contract upgrade,,,,,,
0772-GYEQQ,0.5863956280614497,Medium,88.35,51.80805373922908,860,Offer contract upgrade,,,,,,
0168-XZKBB,0.5959470650195371,Medium,86.85,51.758002596946795,861,Offer contract upgrade,,,,,,
0812-WUPTB,0.7303527941046924,High,70.85,51.74549546231746,862,Offer contract upgrade,,,,,,
7426-RHZGU,0.5392280409204585,Medium,95.9,51.711969124271974,863,Offer contract upgrade + pricing review,,,,,,
2675-DHUTR,0.5227187228882443,Medium,98.9,51.69688169364736,864,Offer contract upgrade + pricing review,,,,,,
8687-BAFGU,0.6983785477682798,High,74.0,51.68001253485271,865,Offer contract upgrade,,,,,,
9278-VZKCD,0.4732403638073569,Medium,109.1,51.630523691382635,866,Offer contract upgrade + pricing review,,,,,,
4315-MURBD,0.5217060600358446,Medium,98.9,51.596729337545035,867,Offer contract upgrade + pricing review,,,,,,
2057-ZBLPD,0.5954599229276992,Medium,86.5,51.50728333324599,868,Offer contract upgrade,,,,,,
9971-ZWPBF,0.4729351789300432,Medium,108.9,51.50264098548171,869,Offer contract upgrade + pricing review,,,,,,
4342-HENTK,0.7288803232191119,High,70.65,51.49539483543026,870,Offer contract upgrade,,,,,,
8433-WXGNA,0.6802370990837641,High,75.7,51.49394840064094,871,Offer contract upgrade,,,,,,
5216-WASFJ,0.6065875464686553,High,84.85,51.4689533178654,872,Offer contract upgrade,,,,,,
2697-NQBPF,0.48827994230979854,Medium,105.35,51.44029192233727,873,Offer contract upgrade + pricing review,,,,,,
1891-UAWWU,0.5663373253286862,Medium,90.8,51.42342913984471,874,Offer contract upgrade + pricing review,,,,,,
9102-IAYHT,0.6014565260566911,High,85.45,51.39446015154426,875,Offer contract upgrade,,,,,,
6331-EWIEB,0.6026964435055914,High,85.25,51.37987180885167,876,Offer contract upgrade,,,,,,
9763-PDTKK,0.5431425171521607,Medium,94.4,51.27265361916397,877,Offer contract upgrade + pricing review,,,,,,
0576-WNXXC,0.5364184421636669,Medium,95.55,51.254782148738364,878,Offer contract upgrade + pricing review,,,,,,
0689-NKYLF,0.6159574489043285,High,83.2,51.24765974884013,879,Offer contract upgrade,,,,,,
9190-MFJLN,0.533900040098333,Medium,95.9,51.20101384543014,880,Offer contract upgrade + pricing review,,,,,,
6502-HCJTI,0.5404681296132061,Medium,94.7,51.18233187437062,881,Offer contract upgrade + pricing review,,,,,,
5366-IJEQJ,0.5762758566727398,Medium,88.7,51.115668486872025,882,Offer contract upgrade,,,,,,
3074-GQWYX,0.6729491027220253,High,75.9,51.076836896601726,883,Offer contract upgrade,,,,,,
1746-TGTWV,0.6777754148669757,High,75.35,51.07037751022661,884,Offer contract upgrade,,,,,,
3855-ONCAR,0.6471854126589002,High,78.9,51.062929058787226,885,Offer contract upgrade,,,,,,
5276-KQWHG,0.7327052858342143,High,69.6,50.99628789406132,886,Offer contract upgrade,,,,,,
7363-QTBIW,0.6391231829818267,High,79.75,50.97007384280068,887,Offer contract upgrade,,,,,,
7823-JSOAG,0.6836557159335959,High,74.5,50.932350837052894,888,Offer contract upgrade,,,,,,
7952-OBOYL,0.5667592105869279,Medium,89.85,50.92331507123547,889,Offer contract upgrade,,,,,,
6856-RAURS,0.6792576700615783,High,74.9,50.87639948761222,890,Offer contract upgrade,,,,,,
2868-SNELZ,0.6311484494168307,High,80.6,50.87056502299655,891,Offer contract upgrade,,,,,,
4971-PUYQO,0.5377544753777687,Medium,94.55,50.844685646968024,892,Offer contract upgrade + pricing review,,,,,,
3791-LGQCY,0.5049184125357584,Medium,100.65,50.82003822172409,893,Offer contract upgrade + pricing review,,,,,,
3249-ZPQRG,0.647713186786565,High,78.45,50.81309950340602,894,Offer contract upgrade,,,,,,
9606-PBKBQ,0.5975064155330175,Medium,85.0,50.78804532030649,895,Offer contract upgrade,,,,,,
6000-APYLU,0.62793550100449,High,80.8,50.73718848116279,896,Offer contract upgrade,,,,,,
5445-UTODQ,0.6250864564549538,High,81.1,50.69451161849675,897,Offer contract upgrade,,,,,,
1508-DFXCU,0.6223731517964207,High,81.45,50.692293213818466,898,Offer contract upgrade,,,,,,
5712-PTIWW,0.6348065577961175,High,79.85,50.68930364001998,899,Offer contract upgrade,,,,,,
2055-PDADH,0.7196363307171565,High,70.4,50.66239768248782,900,Offer contract upgrade,,,,,,
1122-JWTJW,0.7167831656996786,High,70.65,50.640730656682294,901,Offer contract upgrade,,,,,,
1184-PJVDB,0.6330227098827719,High,79.95,50.610165655127616,902,Offer contract upgrade,,,,,,
5570-PTWEH,0.6730413140002538,High,75.15,50.57905474711907,903,Offer contract upgrade,,,,,,
0876-WDUUZ,0.5921880617315509,Medium,85.4,50.57286047187445,904,Offer contract upgrade,,,,,,
6242-MBHPK,0.5316434898046393,Medium,95.1,50.55929588042119,905,Offer contract upgrade + pricing review,,,,,,
1062-LHZOD,0.7231414651650216,High,69.9,50.547588415035015,906,Offer contract upgrade,,,,,,
8621-MNIHH,0.5362804496570087,Medium,94.25,50.54443238017307,907,Offer contract upgrade + pricing review,,,,,,
5117-IFGPS,0.5994067906286802,Medium,84.3,50.529992449997735,908,Offer contract upgrade,,,,,,
3269-ATYWD,0.5280624768585328,Medium,95.65,50.50917591151867,909,Offer contract upgrade + pricing review,,,,,,
4770-UEZOX,0.6751224900978512,High,74.75,50.46540613481438,910,Offer contract upgrade,,,,,,
4647-MUZON,0.5259374713768876,Medium,95.95,50.463700378612366,911,Offer contract upgrade + pricing review,,,,,,
0515-YPMCW,0.7158913049554532,High,70.45,50.43454243411168,912,Offer contract upgrade,,,,,,
3096-JRDSO,0.48349030797827247,Medium,104.3,50.42803912213382,913,Offer contract upgrade + pricing review,,,,,,
0872-NXJYS,0.6335557704035928,High,79.55,50.399361535605806,914,Offer contract upgrade,,,,,,
7137-RYLPP,0.5877609035501694,Medium,85.7,50.37110943424952,915,Offer contract upgrade,,,,,,
2506-CLAKW,0.513146515149936,Medium,98.15,50.365330461966224,916,Offer contract upgrade + pricing review,,,,,,
6424-ELEYH,0.6734274052841339,High,74.75,50.33869854498901,917,Offer contract upgrade,,,,,,
5502-RLUYV,0.48421127008267645,Medium,103.95,50.33376152509422,918,Offer contract upgrade + pricing review,,,,,,
1268-ASBGA,0.5890798564315999,Medium,85.35,50.27796574643705,919,Offer contract upgrade,,,,,,
2378-VTKDH,0.48167457411788694,Medium,104.35,50.2627418092015,920,Offer contract upgrade + pricing review,,,,,,
3721-CNEYS,0.7083818782838901,High,70.95,50.25969426424201,921,Offer contract upgrade,,,,,,
5099-BAILX,0.45373190676778,Medium,110.75,50.25080867453164,922,Offer contract upgrade + pricing review,,,,,,
9992-RRAMN,0.5900367254838859,Medium,85.1,50.21212533867868,923,Offer contract upgrade,,,,,,
1086-LXKFY,0.7261105436957804,High,69.1,50.174238569378424,924,Offer contract upgrade,,,,,,
3672-YITQD,0.5961382561953542,Medium,84.1,50.13522734602929,925,Offer contract upgrade,,,,,,
8063-RJYNF,0.5317926098830935,Medium,94.25,50.121453481481566,926,Offer contract upgrade + pricing review,,,,,,
9747-DDZOS,0.6817084440006559,High,73.5,50.105570634048206,927,Offer contract upgrade,,,,,,
1212-GLHMD,0.5820931752065357,Medium,86.05,50.089117726522396,928,Offer contract upgrade,,,,,,
5628-FCGYG,0.5953918291087484,Medium,84.1,50.07245282804574,929,Offer contract upgrade,,,,,,
6437-UKHMV,0.6282559022573995,High,79.7,50.07199540991474,930,Offer contract upgrade,,,,,,
1264-BYWMS,0.5169465300666264,Medium,96.8,50.040424110449436,931,Offer contract upgrade + pricing review,,,,,,
7044-YAACC,0.7128249819050033,High,70.2,50.04031372973124,932,Offer contract upgrade,,,,,,
7130-VTEWQ,0.659754993675703,High,75.75,49.9764407709345,933,Offer contract upgrade,,,,,,
8708-XPXHZ,0.5304383710089128,Medium,94.2,49.967294549039586,934,Offer contract upgrade + pricing review,,,,,,
9436-ZBZCT,0.5554803295245953,Medium,89.95,49.965455640737346,935,Offer contract upgrade,,,,,,
0511-JTEOY,0.7022478265733831,High,71.1,49.929820469367534,936,Offer contract upgrade,,,,,,
8040-MNRTF,0.7022478265733831,High,71.1,49.929820469367534,937,Offer contract upgrade,,,,,,
2114-MGINA,0.5558907886180874,Medium,89.8,49.91899281790425,938,Offer contract upgrade,,,,,,
7181-OQCUT,0.4802615071817802,Medium,103.85,49.87515752082787,939,Offer contract upgrade + pricing review,,,,,,
9912-GVSEQ,0.531326668716939,Medium,93.85,49.86500785908472,940,Offer contract upgrade + pricing review,,,,,,
9600-UDOPK,0.530103769873912,Medium,94.05,49.85625955664142,941,Offer contract upgrade + pricing review,,,,,,
9850-OWRHQ,0.6722559405914215,High,74.1,49.81416519782432,942,Offer contract upgrade,,,,,,
3106-ULWFW,0.5846098723516077,Medium,85.2,49.80876112435698,943,Offer contract upgrade,,,,,,
3005-NFMTA,0.5040891652521522,Medium,98.8,49.80400952691264,944,Offer contract upgrade + pricing review,,,,,,
6467-CHFZW,0.5009855077353106,Medium,99.35,49.7729101935031,945,Offer contract upgrade + pricing review,,,,,,
8734-DKSTZ,0.5789637429981741,Medium,85.95,49.761933710693064,946,Offer contract upgrade,,,,,,
0151-ONTOV,0.7017334110160657,High,70.9,49.75289884103906,947,Offer contract upgrade,,,,,,
3916-NRPAP,0.5805395366421969,Medium,85.7,49.75223829023628,948,Offer contract upgrade,,,,,,
3753-TSEMP,0.5642274541353557,Medium,88.15,49.73665008203161,949,Offer contract upgrade,,,,,,
5144-TVGLP,0.5248284117523363,Medium,94.75,49.72749201353386,950,Offer contract upgrade + pricing review,,,,,,
6212-ATMLK,0.5194957304441191,Medium,95.7,49.7157414035022,951,Offer contract upgrade + pricing review,,,,,,
0004-TLHLJ,0.6725731351629679,High,73.9,49.70315468854333,952,Offer contract upgrade,,,,,,
1932-UEDCX,0.4935942437513012,Medium,100.6,49.655580921380896,953,Offer contract upgrade + pricing review,,,,,,
3737-GCSPV,0.5161454727169019,Medium,96.2,49.653194475365964,954,Offer contract upgrade + pricing review,,,,,,
0519-XUZJU,0.7017334110160657,High,70.75,49.64763882938664,955,Offer contract upgrade,,,,,,
9121-PHQSR,0.5835023292074801,Medium,85.05,49.62687309909618,956,Offer contract upgrade,,,,,,
4631-OACRM,0.6247842023417157,High,79.4,49.60786566593223,957,Offer contract upgrade,,,,,,
6559-PDZLR,0.5027701860396842,Medium,98.65,49.59827885281484,958,Offer contract upgrade + pricing review,,,,,,
6319-IEJWJ,0.5493564116017151,Medium,90.2,49.55194832647471,959,Offer contract upgrade + pricing review,,,,,,
3312-UUMZW,0.5012805937945245,Medium,98.85,49.55158669658874,960,Offer contract upgrade + pricing review,,,,,,
2920-RNCEZ,0.7080523662001674,High,69.95,49.52826301570171,961,Offer contract upgrade,,,,,,
6833-JMZYP,0.5265409925329934,Medium,94.0,49.494853298101376,962,Offer contract upgrade + pricing review,,,,,,
5569-KGJHX,0.5795175647133974,Medium,85.35,49.46182414828847,963,Offer contract upgrade,,,,,,
7517-LDMPS,0.58435976978661,Medium,84.6,49.4368365239472,964,Offer contract upgrade,,,,,,
9168-INPSZ,0.47441255071678995,Medium,104.15,49.41006715715368,965,Offer contract upgrade + pricing review,,,,,,
9710-ZUSHQ,0.46260243509895516,Medium,106.75,49.38280994681346,966,Offer contract upgrade + pricing review,,,,,,
7881-INRLC,0.48922433296877016,Medium,100.85,49.33827397990047,967,Offer contract upgrade + pricing review,,,,,,
4822-NGOCH,0.5839938036089917,Medium,84.45,49.31827671477935,968,Offer contract upgrade,,,,,,
4840-ORQXB,0.46952541246163726,Medium,104.75,49.182786955356505,969,Offer contract upgrade + pricing review,,,,,,
1343-EHPYB,0.47531793566280317,Medium,103.4,49.14787454753385,970,Offer contract upgrade + pricing review,,,,,,
2077-MPJQO,0.6518145042602309,High,75.4,49.14681362122141,971,Offer contract upgrade,,,,,,
4446-BZKHU,0.46550701534607797,Medium,105.55,49.134265469778526,972,Offer contract upgrade + pricing review,,,,,,
8922-LIEGH,0.5477616455601546,Medium,89.7,49.13421960674587,973,Offer contract upgrade,,,,,,
9430-FRQOC,0.5638527211930027,Medium,87.1,49.11157201591053,974,Offer contract upgrade,,,,,,
6860-YRJZP,0.6628282051539833,High,74.05,49.082428591652466,975,Offer contract upgrade,,,,,,
4583-PARNH,0.5357236989327367,Medium,91.55,49.04550463729205,976,Offer contract upgrade + pricing review,,,,,,
8835-VSDSE,0.6928162421921052,High,70.7,48.982108322981844,977,Offer contract upgrade,,,,,,
0637-YLETY,0.5121855917713937,Medium,95.6,48.96494257334523,978,Offer contract upgrade + pricing review,,,,,,
2799-ARNLO,0.7060357493901197,High,69.35,48.9635792202048,979,Offer contract upgrade,,,,,,
3352-ALMCK,0.47642937520184303,Medium,102.65,48.90547536446919,980,Offer contract upgrade + pricing review,,,,,,
1219-NNDDO,0.6361753100272837,High,76.85,48.89007257559675,981,Offer contract upgrade,,,,,,
2474-BRUCM,0.479856480469502,Medium,101.85,48.87338253581878,982,Offer contract upgrade + pricing review,,,,,,
4290-BSXUX,0.6132806299778554,High,79.65,48.847802177736185,983,Offer contract upgrade,,,,,,
6032-KRXXO,0.5409747500785959,Medium,90.25,48.82297119459328,984,Offer contract upgrade + pricing review,,,,,,
2026-TGDHM,0.6149371149953649,High,79.3,48.76451321913243,985,Offer contract upgrade,,,,,,
7598-UAASY,0.638178035003089,High,76.4,48.756801874236004,986,Offer contract upgrade,,,,,,
6595-YGXIT,0.5479097569231304,Medium,88.95,48.73657287831245,987,Offer contract upgrade,,,,,,
5480-TBGPH,0.49076313512317266,Medium,99.3,48.732779317731044,988,Offer contract upgrade + pricing review,,,,,,
4482-EWFMI,0.6990480370332123,High,69.7,48.7236481812149,989,Offer contract upgrade,,,,,,
3331-HQDTW,0.44353732668932083,Medium,109.8,48.70039847048743,990,Offer contract upgrade + pricing review,,,,,,
3427-GGZZI,0.5463555310961494,Medium,89.1,48.68027782066691,991,Offer contract upgrade,,,,,,
6005-OBZPH,0.5460398435316636,Medium,89.15,48.67945205084781,992,Offer contract upgrade,,,,,,
7625-XCQRH,0.6361175688901828,High,76.5,48.662994020098985,993,Offer contract upgrade,,,,,,
1792-UXAFY,0.545448074181622,Medium,89.15,48.626695813291605,994,Offer contract upgrade,,,,,,
6651-AZVTJ,0.4868937091387094,Medium,99.8,48.5919921720432,995,Offer contract upgrade + pricing review,,,,,,
4325-NFSKC,0.5359831261572157,Medium,90.6,48.560071229843736,996,Offer contract upgrade + pricing review,,,,,,
4741-WWJQZ,0.6057595642013163,High,80.15,48.5516290707355,997,Offer contract upgrade,,,,,,
5399-ZIMKF,0.6503818910983847,High,74.65,48.55100817049443,998,Offer contract upgrade,,,,,,
4585-HETAI,0.6582883584736732,High,73.75,48.54876643743339,999,Offer contract upgrade,,,,,,
0207-MDKNV,0.4617499902767597,Medium,105.1,48.529923978087446,1000,Offer contract upgrade + pricing review,,,,,,
8739-WWKDU,0.5419848686630512,Medium,89.5,48.50764574534308,1001,Offer contract upgrade,,,,,,
0895-DQHEW,0.46483368904429045,Medium,104.3,48.482153767319495,1002,Offer contract upgrade + pricing review,,,,,,
6267-DCFFZ,0.5382267834020871,Medium,90.05,48.46732184535794,1003,Offer contract upgrade + pricing review,,,,,,
1226-IENZN,0.6154441639872907,High,78.75,48.46622791399915,1004,Offer contract upgrade,,,,,,
4553-DVPZG,0.47769188130074935,Medium,101.35,48.414072169830945,1005,Offer contract upgrade + pricing review,,,,,,
7638-QVMVY,0.6125235942182969,High,79.0,48.389363943245456,1006,Offer contract upgrade,,,,,,
5692-ICXLW,0.5331755470608448,Medium,90.7,48.35902211841862,1007,Offer contract upgrade + pricing review,,,,,,
2452-KDRRH,0.47649790552962373,Medium,101.4,48.31688762070385,1008,Offer contract upgrade + pricing review,,,,,,
6175-IRFIT,0.6132404385641451,High,78.75,48.29268453692643,1009,Offer contract upgrade,,,,,,
0524-IAVZO,0.5681267515055964,Medium,85.0,48.290773877975695,1010,Offer contract upgrade,,,,,,
5928-QLDHB,0.6331683115190582,High,76.25,48.27908375332819,1011,Offer contract upgrade,,,,,,
9658-WYUFB,0.5113713307272989,Medium,94.4,48.27345362065702,1012,Offer contract upgrade + pricing review,,,,,,
3934-HXCFZ,0.4861406445812691,Medium,99.25,48.24945897469096,1013,Offer contract upgrade + pricing review,,,,,,
9058-MJLZC,0.5099535668171105,Medium,94.6,48.241607420898646,1014,Offer contract upgrade + pricing review,,,,,,
6818-DJXAA,0.5294180289080985,Medium,91.1,48.22998243352777,1015,Offer contract upgrade + pricing review,,,,,,
5899-OUVKV,0.5100396043340795,Medium,94.5,48.19874260957051,1016,Offer contract upgrade + pricing review,,,,,,
4110-PFEUZ,0.6927838441740976,High,69.55,48.18311636230848,1017,Offer contract upgrade,,,,,,
3768-NLUBH,0.47889410213940703,Medium,100.6,48.176746675224344,1018,Offer contract upgrade + pricing review,,,,,,
4501-EQDRN,0.6910853633690571,High,69.7,48.168649826823284,1019,Offer contract upgrade,,,,,,
6481-ESCNL,0.4790139391652102,Medium,100.55,48.16485158306188,1020,Offer contract upgrade + pricing review,,,,,,
1754-GKYPY,0.5362227210872335,Medium,89.75,48.1259892175792,1021,Offer contract upgrade,,,,,,
5940-AHUHD,0.6815517406031956,High,70.6,48.11755288658561,1022,Offer contract upgrade,,,,,,
7321-PKUYW,0.5335469001966299,Medium,90.15,48.09925305272618,1023,Offer contract upgrade + pricing review,,,,,,
9208-OLGAQ,0.5659432556391742,Medium,84.95,48.07687956654785,1024,Offer contract upgrade,,,,,,
8111-RKSPX,0.6656149931681165,High,72.2,48.05740250673801,1025,Offer contract upgrade,,,,,,
1766-GKNMI,0.5659658724767795,Medium,84.9,48.050502573278585,1026,Offer contract upgrade,,,,,,
0508-OOLTO,0.6704172678490754,High,71.65,48.035397241386256,1027,Offer contract upgrade,,,,,,
6692-UDPJC,0.523808536178454,Medium,91.65,48.007052340755315,1028,Offer contract upgrade + pricing review,,,,,,
3757-NJYBX,0.4513940427406654,Medium,106.35,48.005756445469764,1029,Offer contract upgrade + pricing review,,,,,,
0928-XUTSN,0.5963084476421499,Medium,80.5,48.002830035193064,1030,Offer contract upgrade,,,,,,
0685-MLYYM,0.6780333466893014,High,70.75,47.97085927826807,1031,Offer contract upgrade,,,,,,
1302-UHBDD,0.5330385347455292,Medium,89.95,47.94681620036035,1032,Offer contract upgrade,,,,,,
8212-DJRCH,0.5306020178157361,Medium,90.35,47.93989230965175,1033,Offer contract upgrade + pricing review,,,,,,
4658-HCOHW,0.4661725567195571,Medium,102.8,47.92253883077047,1034,Offer contract upgrade + pricing review,,,,,,
7354-OIJLX,0.6317798484478848,High,75.85,47.92050150477206,1035,Offer contract upgrade,,,,,,
3797-FKOGQ,0.5555276461215811,Medium,86.2,47.8864830956803,1036,Offer contract upgrade,,,,,,
6352-TWCAU,0.5537849958868898,Medium,86.45,47.87471289442162,1037,Offer contract upgrade,,,,,,
5228-EXCET,0.5920794568410539,Medium,80.85,47.869624085599206,1038,Offer contract upgrade,,,,,,
9889-TMAHG,0.4770566615999925,Medium,100.3,47.84878315847924,1039,Offer contract upgrade + pricing review,,,,,,
5364-XYIRR,0.5055161070008884,Medium,94.65,47.84709952763409,1040,Offer contract upgrade + pricing review,,,,,,
4612-SSVHJ,0.5873645563403763,Medium,81.45,47.840843113923654,1041,Offer contract upgrade,,,,,,
2792-LSHWX,0.5735850630154544,Medium,83.4,47.836994255488904,1042,Offer contract upgrade,,,,,,
8800-ZKRFW,0.44474091917252084,Medium,107.5,47.80964881104599,1043,Offer contract upgrade + pricing review,,,,,,
0875-CABNR,0.5650165680570375,Medium,84.6,47.800401657625365,1044,Offer contract upgrade,,,,,,
0848-ZGQIJ,0.5049395141877441,Medium,94.65,47.79252501786998,1045,Offer contract upgrade + pricing review,,,,,,
9408-SSNVZ,0.6807979359274466,High,70.15,47.75797520531039,1046,Offer contract upgrade,,,,,,
5129-JLPIS,0.45259401442702196,Medium,105.5,47.748668522050814,1047,Offer contract upgrade + pricing review,,,,,,
8417-FMLZI,0.5713113619311715,Medium,83.55,47.73306428934938,1048,Offer contract upgrade,,,,,,
7379-POKDZ,0.6788573639343729,High,70.3,47.72367268458641,1049,Offer contract upgrade,,,,,,
5884-GCYMI,0.6873448023549176,High,69.4,47.701729283431284,1050,Offer contract upgrade,,,,,,
8378-LKJAF,0.4715464926873159,Medium,101.15,47.69692773532201,1051,Offer contract upgrade + pricing review,,,,,,
1550-EENBN,0.4570181924716591,Medium,104.35,47.68984838441762,1052,Offer contract upgrade + pricing review,,,,,,
6923-JHPMP,0.5923272786616071,Medium,80.45,47.652729568326286,1053,Offer contract upgrade,,,,,,
9408-HRXRK,0.4531472970549677,Medium,105.15,47.64843828532986,1054,Offer contract upgrade + pricing review,,,,,,
2187-PKZAY,0.5958416719158595,Medium,79.95,47.63754166967296,1055,Offer contract upgrade,,,,,,
2824-MYYBN,0.49990302720682606,Medium,95.25,47.61576334145018,1056,Offer contract upgrade + pricing review,,,,,,
7861-UVUFT,0.5647263214409445,Medium,84.3,47.606428897471616,1057,Offer contract upgrade,,,,,,
4505-EXZHB,0.6398406616519839,High,74.4,47.60414522690761,1058,Offer contract upgrade,,,,,,
0674-DGMAQ,0.5089254483841164,Medium,93.5,47.58452942391488,1059,Offer contract upgrade + pricing review,,,,,,
4220-TINQT,0.4473624454856514,Medium,106.35,47.57699607739902,1060,Offer contract upgrade + pricing review,,,,,,
8393-DLHGA,0.4960563128326328,Medium,95.9,47.57180040064949,1061,Offer contract upgrade + pricing review,,,,,,
6365-MTGZX,0.4953035899880983,Medium,96.0,47.54914463885744,1062,Offer contract upgrade + pricing review,,,,,,
3640-PHQXK,0.5288132998332847,Medium,89.9,47.5403156550123,1063,Offer contract upgrade,,,,,,
5701-YVSVF,0.5731132452208099,Medium,82.9,47.51108802880514,1064,Offer contract upgrade,,,,,,
7321-VGNKU,0.67527144149207,High,70.35,47.505345908967115,1065,Offer contract upgrade,,,,,,
0093-EXYQL,0.5187930595165648,Medium,91.55,47.49550459874151,1066,Offer contract upgrade + pricing review,,,,,,
7394-LWLYN,0.6769830298029074,High,70.15,47.49035954067396,1067,Offer contract upgrade,,,,,,
6077-BDPXA,0.6764438133217491,High,70.15,47.4525335045207,1068,Offer contract upgrade,,,,,,
2685-SREOM,0.5323607855666973,Medium,89.1,47.433345993992724,1069,Offer contract upgrade,,,,,,
6390-DSAZX,0.6443577846426173,High,73.6,47.424732949696626,1070,Offer contract upgrade,,,,,,
1658-TJVOA,0.6396096746006904,High,74.1,47.39507688791115,1071,Offer contract upgrade,,,,,,
9685-WKZGT,0.6314253208182246,High,74.95,47.32532779532593,1072,Offer contract upgrade,,,,,,
2272-QAGFO,0.6369453177213388,High,74.3,47.32503710669547,1073,Offer contract upgrade,,,,,,
4282-YMKNA,0.6327159078855203,High,74.75,47.295514114442646,1074,Offer contract upgrade,,,,,,
3223-WZWJM,0.5632614435647758,Medium,83.95,47.285798187262934,1075,Offer contract upgrade,,,,,,
5183-SNMJQ,0.4969842417358293,Medium,95.1,47.26320138907736,1076,Offer contract upgrade + pricing review,,,,,,
7245-NIIWQ,0.6764309829391332,High,69.85,47.24870415829845,1077,Offer contract upgrade,,,,,,
2362-IBOOY,0.5574664156991789,Medium,84.75,47.24527873050541,1078,Offer contract upgrade,,,,,,
9921-ZVRHG,0.5870835227705852,Medium,80.45,47.23086940689358,1079,Offer contract upgrade,,,,,,
3761-FLYZI,0.4340795843071475,Medium,108.8,47.227858772617644,1080,Offer contract upgrade + pricing review,,,,,,
4822-YCXMX,0.5565417602757045,Medium,84.8,47.19474127137973,1081,Offer contract upgrade,,,,,,
8337-MSSXB,0.5468422849279175,Medium,86.3,47.19248918927928,1082,Offer contract upgrade,,,,,,
8065-YKXKD,0.6309833092657897,High,74.75,47.16600236761778,1083,Offer contract upgrade,,,,,,
5673-FSSMF,0.7840267857019566,High,60.15,47.15921115997269,1084,Offer contract upgrade,,,,,,
2860-RANUS,0.5490232983746292,Medium,85.8,47.10619900054318,1085,Offer contract upgrade,,,,,,
0691-IFBQW,0.4281609286435951,Medium,110.0,47.09770215079546,1086,Review pricing or offer,,,,,,
2504-DSHIH,0.5423313474481157,Medium,86.8,47.07436095849644,1087,Offer contract upgrade,,,,,,
0362-ZBZWJ,0.554147259927997,Medium,84.9,47.04710236788694,1088,Offer contract upgrade,,,,,,
8873-GLDMH,0.6368408163914786,High,73.85,47.03069429051069,1089,Offer contract upgrade,,,,,,
0354-WYROK,0.475380706928671,Medium,98.9,47.01515191524557,1090,Offer contract upgrade + pricing review,,,,,,
8327-LZKAS,0.4370905524326696,Medium,107.55,47.00908891413361,1091,Review pricing or offer,,,,,,
3550-SAHFP,0.5637093496164015,Medium,83.35,46.98517429052706,1092,Offer contract upgrade,,,,,,
6168-YBYNP,0.4219391763466648,Medium,111.35,46.98292728620112,1093,Offer contract upgrade + pricing review,,,,,,
8107-KNCIM,0.6254069735469251,High,75.1,46.96806371337407,1094,Offer contract upgrade,,,,,,
0506-LVNGN,0.6213290740393237,High,75.55,46.9414115436709,1095,Offer contract upgrade,,,,,,
3003-CMDUU,0.49328161877779664,Medium,95.15,46.935746026707356,1096,Offer contract upgrade + pricing review,,,,,,
7233-DRTRF,0.4581312824105156,Medium,102.4,46.9126433188368,1097,Offer contract upgrade + pricing review,,,,,,
1965-AKTSX,0.5938199142690354,Medium,78.95,46.882082231540345,1098,Offer contract upgrade,,,,,,
3627-FHKBK,0.6225803822733995,High,75.3,46.880302785186984,1099,Offer contract upgrade,,,,,,
0840-DFEZH,0.6219582270360431,High,75.35,46.864552407165846,1100,Offer contract upgrade,,,,,,
6168-WFVVF,0.6664415666799527,High,70.3,46.85084213760067,1101,Offer contract upgrade,,,,,,
1482-OXZSY,0.46609055122326437,Medium,100.4,46.795491342815744,1102,Offer contract upgrade + pricing review,,,,,,
5934-RMPOV,0.5515597200460067,Medium,84.75,46.74468627389907,1103,Offer contract upgrade,,,,,,
8010-EZLOU,0.5820192336078531,Medium,80.2,46.67794253534982,1104,Offer contract upgrade,,,,,,
0644-OQMDK,0.660488164997955,High,70.65,46.66348885710553,1105,Offer contract upgrade,,,,,,
5940-NFXKV,0.5570821015425029,Medium,83.65,46.599917794030375,1106,Offer contract upgrade,,,,,,
9172-JITSM,0.513153858397964,Medium,90.8,46.59437034253513,1107,Offer contract upgrade + pricing review,,,,,,
3877-JRJIP,0.7778684580151816,High,59.85,46.55542721220862,1108,Offer contract upgrade,,,,,,
1024-VRZHF,0.620604219369627,High,74.95,46.51428624175354,1109,Offer contract upgrade,,,,,,
3932-IJWDZ,0.4487003327131447,Medium,103.65,46.50778948571745,1110,Offer contract upgrade + pricing review,,,,,,
9093-FPDLG,0.4936723682603437,Medium,94.2,46.50393709012438,1111,Offer contract upgrade + pricing review,,,,,,
7571-YXDAD,0.6208316239437419,High,74.9,46.500288633386276,1112,Offer contract upgrade,,,,,,
9524-EGPJC,0.5157608499077937,Medium,90.1,46.47005257669221,1113,Offer contract upgrade + pricing review,,,,,,
0133-BMFZO,0.5385129062661396,Medium,86.25,46.44673816545454,1114,Offer contract upgrade,,,,,,
3750-CKVKH,0.6848018771094231,High,67.75,46.39532717416341,1115,Offer contract upgrade,,,,,,
9054-FOWNV,0.5226462293818862,Medium,88.75,46.3848528576424,1116,Offer contract upgrade,,,,,,
3199-XGZCY,0.6159084764688717,High,75.25,46.34711285428259,1117,Offer contract upgrade,,,,,,
6711-FLDFB,0.6186039036272042,High,74.9,46.333432381677596,1118,Offer contract upgrade,,,,,,
0388-EOPEX,0.622157294219361,High,74.4,46.288502689920456,1119,Offer contract upgrade,,,,,,
8182-BJDSI,0.5144259979283157,Medium,89.95,46.272618513652,1120,Offer contract upgrade,,,,,,
9237-HQITU,0.6543419700023295,High,70.7,46.2619772791647,1121,Offer contract upgrade,,,,,,
4184-TJFAN,0.5237797650765009,Medium,88.3,46.24975325625503,1122,Offer contract upgrade,,,,,,
3317-VLGQT,0.5919718159265347,Medium,78.1,46.23299882386235,1123,Offer contract upgrade,,,,,,
3411-WLRSQ,0.6195349289014923,High,74.6,46.21730569605132,1124,Offer contract upgrade,,,,,,
5515-AKOAJ,0.46166905589865226,Medium,100.1,46.21307249545509,1125,Offer contract upgrade + pricing review,,,,,,
3420-ZDBMA,0.6464639504331409,High,71.45,46.189849258447914,1126,Offer contract upgrade,,,,,,
3167-SNQPL,0.4557985216851017,Medium,101.15,46.10402046844804,1127,Offer contract upgrade + pricing review,,,,,,
0709-TVGUR,0.61771565337819,High,74.55,46.05070195934406,1128,Offer contract upgrade,,,,,,
7207-RMRDB,0.4363112070072261,Medium,105.5,46.03083233926235,1129,Offer contract upgrade + pricing review,,,,,,
2984-MIIZL,0.6152618206420742,High,74.8,46.02158418402715,1130,Offer contract upgrade,,,,,,
1608-GMEWB,0.49000576566020404,Medium,93.9,46.01154139549316,1131,Offer contract upgrade + pricing review,,,,,,
2800-VEQXM,0.6150145498557752,High,74.75,45.9723376017192,1132,Offer contract upgrade,,,,,,
4238-JSSWH,0.45042778709075443,Medium,102.05,45.966155672611485,1133,Offer contract upgrade + pricing review,,,,,,
2058-DCJBE,0.6583929308822422,High,69.75,45.922906929036394,1134,Offer contract upgrade,,,,,,
0093-XWZFY,0.43943731462253194,Medium,104.5,45.92119937805459,1135,Offer contract upgrade + pricing review,,,,,,
5949-XIKAE,0.5490774068421793,Medium,83.55,45.87541734166408,1136,Offer contract upgrade,,,,,,
6047-YHPVI,0.6580861325307161,High,69.7,45.86860343739092,1137,Offer contract upgrade,,,,,,
0963-ZBDRN,0.4767962128974277,Medium,96.2,45.86779568073254,1138,Offer contract upgrade + pricing review,,,,,,
8610-WFCJF,0.47947209530873264,Medium,95.6,45.837532311514835,1139,Offer contract upgrade + pricing review,,,,,,
5331-RGMTT,0.462498263824847,Medium,99.05,45.81045303185109,1140,Offer contract upgrade + pricing review,,,,,,
3703-VAVCL,0.5088147603602232,Medium,90.0,45.79332843242009,1141,Offer contract upgrade + pricing review,,,,,,
6221-AVQYL,0.6251518304925686,High,73.25,45.79237158358065,1142,Offer contract upgrade,,,,,,
9334-GWGOW,0.6111640510287458,High,74.85,45.74562921950162,1143,Offer contract upgrade,,,,,,
9799-CAYJJ,0.6597935212407721,High,69.3,45.7236910219855,1144,Offer contract upgrade,,,,,,
3524-WQDSG,0.4600112668261308,Medium,99.3,45.67911879583479,1145,Offer contract upgrade + pricing review,,,,,,
1236-WFCDV,0.5048026619299897,Medium,90.45,45.65940077156757,1146,Offer contract upgrade + pricing review,,,,,,
2919-HBCJO,0.5953764298040755,Medium,76.65,45.63560334448239,1147,Offer contract upgrade,,,,,,
9415-DPEWS,0.5160785876072087,Medium,88.35,45.59554321509689,1148,Offer contract upgrade,,,,,,
4587-NUKOX,0.5763857199196757,Medium,79.1,45.59211044564634,1149,Offer contract upgrade,,,,,,
0027-KWYKW,0.5441776135634518,Medium,83.75,45.574875135939095,1150,Offer contract upgrade,,,,,,
5981-ITEMU,0.46921761570695786,Medium,97.1,45.56103048514561,1151,Offer contract upgrade + pricing review,,,,,,
9490-DFPMD,0.5382067003537719,Medium,84.65,45.5591971849468,1152,Offer contract upgrade,,,,,,
8785-CJSHH,0.4563136653591708,Medium,99.8,45.540103802845245,1153,Offer contract upgrade + pricing review,,,,,,
5989-PGKJB,0.5276324543115911,Medium,86.25,45.508299184374735,1154,Offer contract upgrade,,,,,,
4283-FUTGF,0.5695689183665764,Medium,79.85,45.480078131571126,1155,Offer contract upgrade,,,,,,
2325-NBPZG,0.6099911529959631,High,74.55,45.47484045584905,1156,Offer contract upgrade,,,,,,
1689-YQBYY,0.593435523205405,Medium,76.6,45.457161077534025,1157,Offer contract upgrade,,,,,,
5666-CYCYZ,0.5074388902356226,Medium,89.55,45.4411526206,1158,Offer contract upgrade,,,,,,
6680-WKXRZ,0.610476512483971,High,74.4,45.41945252880744,1159,Offer contract upgrade,,,,,,
5119-NZPTV,0.6479201819583285,High,70.1,45.41920475527882,1160,Offer contract upgrade,,,,,,
2568-BRGYX,0.6469144111922634,High,70.2,45.4133916656969,1161,Offer contract upgrade,,,,,,
5055-MGMGF,0.43208271036941864,Medium,105.05,45.390288724307425,1162,Offer contract upgrade + pricing review,,,,,,
1597-LHYNC,0.47732679652344373,Medium,95.0,45.346045669727154,1163,Offer contract upgrade + pricing review,,,,,,
2519-FAKOD,0.45667897258161183,Medium,99.25,45.32538802872497,1164,Offer contract upgrade + pricing review,,,,,,
5119-KEPFY,0.477036842262661,Medium,95.0,45.3185000149528,1165,Offer contract upgrade + pricing review,,,,,,
0402-CQAJN,0.44471748675706235,Medium,101.9,45.316711900544654,1166,Offer contract upgrade + pricing review,,,,,,
1866-OBPNR,0.6074313123764816,High,74.6,45.31437590328552,1167,Offer contract upgrade,,,,,,
4521-YEEHE,0.5099145663350366,Medium,88.85,45.305909218868,1168,Offer contract upgrade,,,,,,
9717-QEBGU,0.6443449689567396,High,70.3,45.2974513176588,1169,Offer contract upgrade,,,,,,
8535-SFUTN,0.42546623867018807,Medium,106.45,45.29088110644152,1170,Offer contract upgrade + pricing review,,,,,,
1084-UQCHV,0.6491510387490693,High,69.75,45.27828495274758,1171,Offer contract upgrade,,,,,,
0122-OAHPZ,0.6130595210325857,High,73.85,45.274445628256444,1172,Offer contract upgrade,,,,,,
9367-WXLCH,0.5356375937226315,Medium,84.5,45.26137666956237,1173,Offer contract upgrade,,,,,,
3853-LYGAM,0.4729847758282479,Medium,95.65,45.24099380797191,1174,Offer contract upgrade + pricing review,,,,,,
3197-ARFOY,0.4306235869370022,Medium,105.0,45.21547662838523,1175,Offer contract upgrade + pricing review,,,,,,
9420-LOJKX,0.4561347748492683,Medium,99.1,45.202956187562485,1176,Offer contract upgrade + pricing review,,,,,,
8189-XRIKE,0.496704089543075,Medium,90.95,45.17523694394267,1177,Offer contract upgrade + pricing review,,,,,,
2874-YXVVA,0.42967521144232357,Medium,105.1,45.158864722588206,1178,Offer contract upgrade + pricing review,,,,,,
9659-QEQSY,0.3903351916175595,Medium,115.65,45.14226491057075,1179,Offer contract upgrade + pricing review,,,,,,
5019-GQVCR,0.5319438219175123,Medium,84.85,45.13543328970092,1180,Offer contract upgrade,,,,,,
2080-GKCWQ,0.6019678952368727,High,74.95,45.11749374800361,1181,Offer contract upgrade,,,,,,
0112-QAWRZ,0.49670434208898834,Medium,90.8,45.10075426168014,1182,Offer contract upgrade + pricing review,,,,,,
4277-PVRAN,0.5626337028416529,Medium,80.1,45.066959597616396,1183,Offer contract upgrade,,,,,,
0611-DFXKO,0.5059257108332277,Medium,89.0,45.02738826415727,1184,Offer contract upgrade,,,,,,
8676-TRMJS,0.6003284238216262,High,75.0,45.02463178662197,1185,Offer contract upgrade,,,,,,
2277-DJJDL,0.45427797298606937,Medium,99.0,44.97351932562087,1186,Offer contract upgrade + pricing review,,,,,,
3545-CNWRG,0.4570773006829815,Medium,98.35,44.95355252217123,1187,Offer contract upgrade + pricing review,,,,,,
8272-ONJLV,0.4693683055628238,Medium,95.7,44.91854684236224,1188,Review pricing or offer,,,,,,
7270-BDIOA,0.4989428711608904,Medium,90.0,44.90485840448014,1189,Offer contract upgrade + pricing review,,,,,,
3030-YDNRM,0.5989952255320071,Medium,74.85,44.83479263107073,1190,Offer contract upgrade,,,,,,
9714-EDSUC,0.47226330803760835,Medium,94.9,44.817787932769036,1191,Offer contract upgrade + pricing review,,,,,,
4566-GOLUK,0.4173632275721224,Medium,107.35,44.80394247986734,1192,Offer contract upgrade + pricing review,,,,,,
4572-DVCGN,0.5582108230598134,Medium,80.25,44.79641855055002,1193,Offer contract upgrade,,,,,,
2260-USTRB,0.637736622597747,High,70.2,44.76911090636184,1194,Offer contract upgrade,,,,,,
3174-RKMOW,0.4071264945162939,Medium,109.95,44.763558072066516,1195,Offer contract upgrade + pricing review,,,,,,
2959-FENLU,0.5246853585626081,Medium,85.3,44.75566108539047,1196,Offer contract upgrade,,,,,,
1894-IGFSG,0.5012231470855638,Medium,89.25,44.73416587738657,1197,Offer contract upgrade,,,,,,
8016-NCFVO,0.38375539181294777,Medium,116.5,44.70750314620842,1198,Offer contract upgrade + pricing review,,,,,,
2897-DOVND,0.6392085227400678,High,69.8,44.61675488725673,1199,Offer contract upgrade,,,,,,
8541-QVFKM,0.6068748779440052,High,73.5,44.605303528884384,1200,Offer contract upgrade,,,,,,
2815-CPTUL,0.6348787220186932,High,70.25,44.6002302218132,1201,Offer contract upgrade,,,,,,
5482-VXSXJ,0.47805486891747917,Medium,93.2,44.55471378310906,1202,Offer contract upgrade + pricing review,,,,,,
0280-XJGEX,0.42952548022802584,Medium,103.7,44.54179229964628,1203,Offer contract upgrade + pricing review,,,,,,
5271-DBYSJ,0.5625306579827676,Medium,79.15,44.524301579336054,1204,Offer contract upgrade,,,,,,
5442-BHQNG,0.6318195501578285,High,70.35,44.44850535360323,1205,Offer contract upgrade,,,,,,
6710-HSJRD,0.38943825653381636,Medium,114.1,44.43490507050844,1206,Offer contract upgrade + pricing review,,,,,,
5760-FXFVO,0.5620838033421822,Medium,78.95,44.376516273865285,1207,Offer contract upgrade,,,,,,
0315-LVCRK,0.5228158491556939,Medium,84.8,44.33478400840284,1208,Offer contract upgrade,,,,,,
4299-SIMNS,0.5462978646663288,Medium,81.15,44.332071717672584,1209,Offer contract upgrade,,,,,,
5520-FVEWJ,0.5245925345267071,Medium,84.5,44.32806916750675,1210,Offer contract upgrade,,,,,,
0455-XFASS,0.6372778475851973,High,69.55,44.32267429955047,1211,Offer contract upgrade,,,,,,
7576-JMYWV,0.4016966683477076,Medium,110.2,44.26697285191738,1212,Offer contract upgrade + pricing review,,,,,,
4450-DLLMH,0.6204916051878803,High,71.3,44.24105144989586,1213,Offer contract upgrade,,,,,,
6260-ONULR,0.7043224379617253,High,62.8,44.23144910399635,1214,Offer contract upgrade,,,,,,
4854-CIDCF,0.5974027605673263,Medium,73.85,44.11819386789705,1215,Offer contract upgrade,,,,,,
9633-XQABV,0.6276286609342301,High,70.25,44.09091343062966,1216,Offer contract upgrade,,,,,,
4690-PKDQG,0.4612690977025018,Medium,95.55,44.07426228547404,1217,Offer contract upgrade + pricing review,,,,,,
2067-QYTCF,0.396229847535055,Medium,111.15,44.04094755352137,1218,Offer contract upgrade + pricing review,,,,,,
1258-YMZNM,0.39848752524397063,Medium,110.5,44.03287153945875,1219,Review pricing or offer,,,,,,
7786-WBJYI,0.5648048845395546,Medium,77.95,44.02654074985828,1220,Offer contract upgrade,,,,,,
3071-VBYPO,0.48966744317026245,Medium,89.85,43.99661976884808,1221,Offer contract upgrade,,,,,,
2154-KVJFF,0.5516146510332438,Medium,79.75,43.991268419901196,1222,Offer contract upgrade,,,,,,
3536-IQCTX,0.5156530337059653,Medium,85.3,43.98520377511883,1223,Offer contract upgrade,,,,,,
9508-ILZDG,0.45637221349062246,Medium,96.35,43.97146276982147,1224,Offer contract upgrade + pricing review,,,,,,
0581-BXBUB,0.603109403737109,High,72.75,43.87620912187468,1225,Offer contract upgrade,,,,,,
4559-UWIHT,0.5308557908155999,Medium,82.65,43.87523111090933,1226,Offer contract upgrade,,,,,,
5439-WIKXB,0.4634438297507135,Medium,94.55,43.81861410292996,1227,Offer contract upgrade + pricing review,,,,,,
2719-BDAQO,0.4667128362335153,Medium,93.85,43.8009996805154,1228,Offer contract upgrade + pricing review,,,,,,
5599-HVLTW,0.5450080913076432,Medium,80.35,43.79140013656912,1229,Offer contract upgrade,,,,,,
4373-MAVJG,0.4817453393854842,Medium,90.9,43.790651350140514,1230,Offer contract upgrade + pricing review,,,,,,
9050-QLROH,0.4823985991782771,Medium,90.7,43.753552945469735,1231,Offer contract upgrade + pricing review,,,,,,
2082-OJVTK,0.4901693770550809,Medium,89.2,43.723108433313215,1232,Offer contract upgrade,,,,,,
8384-FZBJK,0.4344796096957284,Medium,100.6,43.70864873539028,1233,Offer contract upgrade + pricing review,,,,,,
8714-EUHJO,0.4793366642281401,Medium,91.15,43.69153694439497,1234,Offer contract upgrade + pricing review,,,,,,
5857-TYBCJ,0.4897264238968312,Medium,89.2,43.68359701159734,1235,Offer contract upgrade,,,,,,
2774-LVQUS,0.5258165101139955,Medium,83.05,43.66906116496733,1236,Offer contract upgrade,,,,,,
9560-ARGQJ,0.5391147042188746,Medium,81.0,43.66829104172884,1237,Offer contract upgrade,,,,,,
0018-NYROU,0.632956466758696,High,68.95,43.64234838301209,1238,Offer contract upgrade,,,,,,
9866-QEVEE,0.507124490464907,Medium,86.0,43.612706179982005,1239,Offer contract upgrade,,,,,,
7422-WNBTY,0.4671427480060306,Medium,93.35,43.60777552636296,1240,Offer contract upgrade + pricing review,,,,,,
0320-JDNQG,0.4367187936534736,Medium,99.85,43.606371546299336,1241,Offer contract upgrade + pricing review,,,,,,
2360-RDGRO,0.4181538445613182,Medium,104.25,43.59253829551742,1242,Offer contract upgrade + pricing review,,,,,,
2403-BCASL,0.388989652577568,Medium,111.95,43.54739160605874,1243,Review pricing or offer,,,,,,
0376-YMCJC,0.4806360425452814,Medium,90.6,43.545625454602494,1244,Offer contract upgrade + pricing review,,,,,,
1565-RHDJD,0.5179442094831889,Medium,84.05,43.53321080706202,1245,Offer contract upgrade,,,,,,
1730-ZMAME,0.5472368449217774,Medium,79.5,43.5053291712813,1246,Offer contract upgrade,,,,,,
4301-VVZKA,0.5768233533672622,Medium,75.4,43.49248084389157,1247,Offer contract upgrade,,,,,,
7130-YXBRO,0.38993366315576883,Medium,111.45,43.458106758710436,1248,Offer contract upgrade + pricing review,,,,,,
4659-NZRUF,0.45670991103720987,Medium,95.15,43.455948035190524,1249,Offer contract upgrade + pricing review,,,,,,
8565-CLBZW,0.4833322837830758,Medium,89.85,43.42740569790936,1250,Offer contract upgrade,,,,,,
1587-FKLZB,0.436188128872332,Medium,99.5,43.40071882279703,1251,Offer contract upgrade + pricing review,,,,,,
9643-AVVWI,0.5422333343209531,Medium,80.0,43.37866674567625,1252,Offer contract upgrade,,,,,,
2507-QZPQS,0.45307458575164006,Medium,95.7,43.35923785643195,1253,Offer contract upgrade + pricing review,,,,,,
8104-OSKWT,0.5424035594374934,Medium,79.8,43.28380404311197,1254,Offer contract upgrade,,,,,,
0378-NHQXU,0.49041101992695757,Medium,88.25,43.278772508554006,1255,Offer contract upgrade,,,,,,
3647-GMGDH,0.456922798349057,Medium,94.7,43.2705890036557,1256,Offer contract upgrade + pricing review,,,,,,
5716-LIBJC,0.4153309164757753,Medium,104.15,43.256714950952,1257,Review pricing or offer,,,,,,
1867-BDVFH,0.5816515376101524,Medium,74.35,43.24579182131483,1258,Offer contract upgrade,,,,,,
3838-OZURD,0.41178238691941965,Medium,105.0,43.23715062653906,1259,Offer contract upgrade + pricing review,,,,,,
3223-DWFIO,0.6230235927440996,High,69.35,43.2066861568033,1260,Offer contract upgrade,,,,,,
3771-PZOBW,0.47612010916080416,Medium,90.7,43.18409390088494,1261,Offer contract upgrade + pricing review,,,,,,
8485-GJCDN,0.6249323365607313,High,69.05,43.151577839518495,1262,Offer contract upgrade,,,,,,
3365-SAIGS,0.5160987818741707,Medium,83.55,43.12005322558696,1263,Offer contract upgrade,,,,,,
3376-BMGFE,0.6066993116390743,High,70.9,43.014981195210375,1264,Offer contract upgrade,,,,,,
6496-JDSSB,0.5374463112173067,Medium,80.0,42.995704897384535,1265,Offer contract upgrade,,,,,,
4523-WXCEF,0.4251107226085953,Medium,101.1,42.97869405572898,1266,Offer contract upgrade + pricing review,,,,,,
0947-IDHRQ,0.5347909751046191,Medium,80.3,42.94371530090092,1267,Offer contract upgrade,,,,,,
8468-EHYJA,0.43078306248822695,Medium,99.65,42.92753217695182,1268,Offer contract upgrade + pricing review,,,,,,
5281-BUZGT,0.4719531241628472,Medium,90.85,42.87694133019466,1269,Offer contract upgrade + pricing review,,,,,,
1548-FEHVL,0.4033725543396439,Medium,106.2,42.838165270870185,1270,Offer contract upgrade + pricing review,,,,,,
9167-APMXZ,0.5090167397936005,Medium,84.15,42.833758653631484,1271,Offer contract upgrade,,,,,,
7534-BFESC,0.5622747847368618,Medium,76.1,42.78911111847518,1272,Offer contract upgrade,,,,,,
6362-QHAFM,0.39486993939038867,Medium,108.3,42.76441443597909,1273,Review pricing or offer,,,,,,
7278-CKDNC,0.5305199335021638,Medium,80.5,42.706854646924185,1274,Offer contract upgrade,,,,,,
4763-PGDPO,0.6057239677862999,High,70.4,42.642967332155514,1275,Offer contract upgrade,,,,,,
6771-XWBDM,0.40801885480357286,Medium,104.5,42.63797032697337,1276,Offer contract upgrade + pricing review,,,,,,
2739-CACDQ,0.5158453031575513,Medium,82.65,42.63461430597162,1277,Offer contract upgrade,,,,,,
8436-BJUMM,0.5080896209228627,Medium,83.75,42.552505752289754,1278,Offer contract upgrade,,,,,,
5118-MUEYH,0.4048153464806391,Medium,105.1,42.54609291511517,1279,Offer contract upgrade + pricing review,,,,,,
3671-SHRSP,0.5268218394803076,Medium,80.6,42.46184026211279,1280,Offer contract upgrade,,,,,,
6705-LXORM,0.605979844116596,High,70.05,42.448888080367546,1281,Offer contract upgrade,,,,,,
3571-RFHAR,0.3888858303218633,Medium,109.15,42.44688837963138,1282,Offer contract upgrade + pricing review,,,,,,
5804-HYIEZ,0.4000811519800987,Medium,106.05,42.42860616748946,1283,Offer contract upgrade + pricing review,,,,,,
6715-OFDBP,0.6053987833045692,High,70.05,42.40818477048507,1284,Offer contract upgrade,,,,,,
8699-ASUFO,0.5698649993817531,Medium,74.4,42.397955954002434,1285,Offer contract upgrade,,,,,,
2754-XBHTB,0.5459886059903606,Medium,77.65,42.396015255151504,1286,Offer contract upgrade,,,,,,
2027-WKXMW,0.3891231955540939,Medium,108.75,42.31714751650771,1287,Offer contract upgrade + pricing review,,,,,,
6458-CYIDZ,0.5242589194663514,Medium,80.7,42.307694800934556,1288,Offer contract upgrade,,,,,,
6993-OHLXR,0.6135140422154626,High,68.95,42.301793210756145,1289,Offer contract upgrade,,,,,,
8617-ENBDS,0.5746943196005649,Medium,73.6,42.297501922601576,1290,Offer contract upgrade,,,,,,
4846-WHAFZ,0.5524730485400582,Medium,76.5,42.264188213314455,1291,Offer contract upgrade,,,,,,
8696-JKZNU,0.5541847914036298,Medium,76.25,42.25659034452677,1292,Offer contract upgrade,,,,,,
0082-OQIQY,0.44829410058646657,Medium,94.2,42.229304275245156,1293,Offer contract upgrade + pricing review,,,,,,
0620-DLSLK,0.5150499839249462,Medium,81.9,42.18259368345309,1294,Offer contract upgrade,,,,,,
3005-TYFRD,0.4066786015260014,Medium,103.65,42.15223704817004,1295,Offer contract upgrade + pricing review,,,,,,
5373-SFODM,0.4941946605133305,Medium,85.25,42.13009480876143,1296,Offer contract upgrade,,,,,,
5832-XKAES,0.6023987302449823,High,69.8,42.04743137109976,1297,Offer contract upgrade,,,,,,
9927-DSWDF,0.4018483912518134,Medium,104.6,42.033341724939675,1298,Offer contract upgrade + pricing review,,,,,,
7495-OOKFY,0.5211436833511528,Medium,80.65,42.03023806227048,1299,Offer contract upgrade,,,,,,
2344-JMOGN,0.44282802686812156,Medium,94.85,42.002238348441324,1300,Offer contract upgrade + pricing review,,,,,,
8637-XJIVR,0.5316385285233021,Medium,78.95,41.9728618269147,1301,Offer contract upgrade,,,,,,
7586-ZATGZ,0.4934818494288244,Medium,84.9,41.89660901650719,1302,Offer contract upgrade,,,,,,
5747-PMBSQ,0.4525304540184791,Medium,92.5,41.859066996709316,1303,Offer contract upgrade + pricing review,,,,,,
8631-WUXGY,0.4193396500314605,Medium,99.8,41.85009707313976,1304,Offer contract upgrade + pricing review,,,,,,
8012-SOUDQ,0.4635598313886582,Medium,90.25,41.8362747828264,1305,Offer contract upgrade + pricing review,,,,,,
5652-MSDEY,0.5521434117600305,Medium,75.75,41.824863440822305,1306,Offer contract upgrade,,,,,,
7979-CORPM,0.46178831529321634,Medium,90.55,41.81493194980074,1307,Offer contract upgrade + pricing review,,,,,,
3130-ICDUP,0.518850203231268,Medium,80.55,41.79338387027863,1308,Offer contract upgrade,,,,,,
7703-ZEKEF,0.5151689558757071,Medium,81.0,41.72868542593228,1309,Offer contract upgrade,,,,,,
1918-ZBFQJ,0.525889022446721,Medium,79.25,41.67670502890264,1310,Offer contract upgrade,,,,,,
0921-OHLVP,0.5017114278960436,Medium,83.05,41.667134086766424,1311,Offer contract upgrade,,,,,,
3692-JHONH,0.39086681073159674,Medium,106.5,41.627315342915054,1312,Review pricing or offer,,,,,,
2302-ANTDP,0.35408685132697704,Medium,117.45,41.58750068835345,1313,Offer contract upgrade + pricing review,,,,,,
4983-CCWMC,0.5973557762033852,Medium,69.6,41.57596202375561,1314,Offer contract upgrade,,,,,,
0529-ONKER,0.5491809199726059,Medium,75.65,41.545536595927636,1315,Offer contract upgrade,,,,,,
9355-NPPFS,0.5271710119434924,Medium,78.8,41.541075741147196,1316,Offer contract upgrade,,,,,,
5307-DZCVC,0.48331630685608057,Medium,85.95,41.54103657428013,1317,Offer contract upgrade,,,,,,
1580-BMCMR,0.4756223728621181,Medium,87.3,41.52183315086291,1318,Offer contract upgrade,,,,,,
0311-UNPFF,0.4675828423164502,Medium,88.8,41.52135639770078,1319,Offer contract upgrade,,,,,,
5879-SESNB,0.5514534272678555,Medium,75.25,41.49687040190613,1320,Offer contract upgrade,,,,,,
9898-KZQDZ,0.43825978242918173,Medium,94.55,41.43746242867913,1321,Offer contract upgrade + pricing review,,,,,,
5909-ECHUI,0.7362372080976729,High,56.25,41.4133429554941,1322,Offer contract upgrade,,,,,,
0397-GZBBC,0.441224904206681,Medium,93.85,41.408957259797006,1323,Offer contract upgrade + pricing review,,,,,,
7326-RIGQZ,0.5926007545931864,Medium,69.8,41.36353267060441,1324,Offer contract upgrade,,,,,,
8642-GVWRF,0.5189640670757218,Medium,79.7,41.36143614593503,1325,Offer contract upgrade,,,,,,
4183-MYFRB,0.4590979197307209,Medium,90.05,41.34176767175141,1326,Offer contract upgrade + pricing review,,,,,,
4412-YLTKF,0.5285519679136097,Medium,78.05,41.253481095657236,1327,Offer contract upgrade,,,,,,
0330-IVZHA,0.5896247718673636,Medium,69.95,41.24425279212209,1328,Offer contract upgrade,,,,,,
2656-FMOKZ,0.5539696578156825,Medium,74.45,41.24304102437757,1329,Offer contract upgrade,,,,,,
5222-IMUKT,0.45205273924524303,Medium,91.05,41.15940190827938,1330,Offer contract upgrade + pricing review,,,,,,
2397-BRLOM,0.5114857477691835,Medium,80.45,41.149028408030816,1331,Offer contract upgrade,,,,,,
0581-MDMPW,0.4625788744040479,Medium,88.95,41.14639087824006,1332,Offer contract upgrade,,,,,,
6347-DCUIK,0.5540204280838429,Medium,74.15,41.080614742416955,1333,Offer contract upgrade,,,,,,
1194-HVAIF,0.4321763864537422,Medium,95.0,41.05675671310551,1334,Offer contract upgrade + pricing review,,,,,,
7562-GSUHK,0.44037539127839853,Medium,93.2,41.04298646714675,1335,Offer contract upgrade + pricing review,,,,,,
2608-BHKFN,0.5858925423383637,Medium,70.05,41.04177259080238,1336,Offer contract upgrade,,,,,,
4154-AQUGT,0.4606309327861073,Medium,89.05,41.01918456460285,1337,Offer contract upgrade,,,,,,
4547-KQRTM,0.5121255186776166,Medium,80.05,40.99564777014321,1338,Offer contract upgrade,,,,,,
0310-MVLET,0.4131743026669167,Medium,99.15,40.966232109424794,1339,Offer contract upgrade + pricing review,,,,,,
2079-FBMZK,0.5914398604131849,Medium,69.25,40.95721033361305,1340,Offer contract upgrade,,,,,,
8818-XYFCQ,0.4110963857674821,Medium,99.55,40.92464520315284,1341,Offer contract upgrade + pricing review,,,,,,
6988-CJEYV,0.4144316049516315,Medium,98.7,40.90439940872603,1342,Offer contract upgrade + pricing review,,,,,,
9494-MRNYX,0.5440947206073002,Medium,75.05,40.83430878157788,1343,Offer contract upgrade,,,,,,
2883-ILGWO,0.3892260558797087,Medium,104.9,40.829813261781446,1344,Offer contract upgrade + pricing review,,,,,,
9822-OAOVB,0.7362677105699903,High,55.45,40.826044551105966,1345,Offer contract upgrade,,,,,,
3196-NVXLZ,0.48229378743158535,Medium,84.6,40.80205441671212,1346,Offer contract upgrade,,,,,,
6034-YMTOB,0.5393428300471708,Medium,75.65,40.80128509306847,1347,Offer contract upgrade,,,,,,
4441-NIHPT,0.5491186880838125,Medium,74.3,40.79951852462727,1348,Offer contract upgrade,,,,,,
3063-QFSZL,0.7362677105699903,High,55.4,40.78923116557746,1349,Offer contract upgrade,,,,,,
9079-YEXQJ,0.36695607383085155,Medium,111.1,40.7688198026076,1350,Offer contract upgrade + pricing review,,,,,,
5649-RXQTV,0.41131208403460934,Medium,99.0,40.719896319426326,1351,Offer contract upgrade + pricing review,,,,,,
5153-RTHKF,0.47664165408810466,Medium,85.35,40.68136517641973,1352,Offer contract upgrade,,,,,,
2227-JRSJX,0.41023637825868775,Medium,99.15,40.67493690434889,1353,Offer contract upgrade + pricing review,,,,,,
8849-AYPTR,0.44571972097492174,Medium,91.25,40.67192453896161,1354,Offer contract upgrade + pricing review,,,,,,
6719-OXYBR,0.4765054666355041,Medium,85.3,40.645916304008495,1355,Offer contract upgrade,,,,,,
9492-TOKRI,0.45142406250508593,Medium,90.0,40.62816562545773,1356,Offer contract upgrade + pricing review,,,,,,
1307-ATKGB,0.45323693574638396,Medium,89.55,40.58736759608868,1357,Offer contract upgrade,,,,,,
0727-IWKVK,0.5079607930823267,Medium,79.9,40.586067367277906,1358,Offer contract upgrade,,,,,,
5889-JTMUL,0.4268385926851841,Medium,95.05,40.57100823472675,1359,Offer contract upgrade + pricing review,,,,,,
5536-RTPWK,0.4093088059362782,Medium,99.05,40.54203722798836,1360,Offer contract upgrade + pricing review,,,,,,
7852-LECYP,0.43159209385745195,Medium,93.8,40.483338403828995,1361,Offer contract upgrade + pricing review,,,,,,
4536-PLEQY,0.47598925618331683,Medium,85.05,40.482886238391096,1362,Offer contract upgrade,,,,,,
6284-AHOOQ,0.44692687716718155,Medium,90.5,40.44688238362993,1363,Offer contract upgrade + pricing review,,,,,,
5501-TVMGM,0.7319580480766615,High,55.25,40.44068215623555,1364,Offer contract upgrade,,,,,,
3744-ZRRDZ,0.49096117373542525,Medium,82.35,40.43065265711227,1365,Offer contract upgrade,,,,,,
2632-UCGVD,0.4041043760192753,Medium,100.05,40.430642820728494,1366,Offer contract upgrade + pricing review,,,,,,
8640-SDGKB,0.5432638066221925,Medium,74.4,40.41882721269113,1367,Offer contract upgrade,,,,,,
7072-MBHEV,0.517386148241316,Medium,78.1,40.40785817764678,1368,Offer contract upgrade,,,,,,
6330-JKLPC,0.5017870076311484,Medium,80.5,40.393854114307445,1369,Offer contract upgrade,,,,,,
0940-OUQEC,0.500474776775233,Medium,80.7,40.388314485761306,1370,Offer contract upgrade,,,,,,
7912-SYRQT,0.5374060659888497,Medium,75.1,40.359195555762604,1371,Offer contract upgrade,,,,,,
6693-FRIRW,0.39827747356913823,Medium,101.3,40.3455080725537,1372,Offer contract upgrade + pricing review,,,,,,
3583-EKAPL,0.7325826376195701,High,55.0,40.29204506907636,1373,Offer contract upgrade,,,,,,
2823-LKABH,0.4238926786523598,Medium,95.05,40.2909991059068,1374,Offer contract upgrade + pricing review,,,,,,
2014-MKGMH,0.39850130282133256,Medium,101.1,40.28848171523672,1375,Review pricing or offer,,,,,,
9904-EHEVJ,0.4406092912354191,Medium,91.35,40.24965875435553,1376,Offer contract upgrade + pricing review,,,,,,
8854-CCVSQ,0.4990382961348481,Medium,80.65,40.2474385832755,1377,Offer contract upgrade,,,,,,
7801-KICAO,0.5426348567702213,Medium,74.15,40.23637462951191,1378,Offer contract upgrade,,,,,,
0674-EYYZV,0.7353949362868301,High,54.65,40.18933326807526,1379,Offer contract upgrade,,,,,,
6339-YPSAH,0.5440322386708949,Medium,73.8,40.14957921391204,1380,Offer contract upgrade,,,,,,
3453-RTHJQ,0.5809503113436313,Medium,69.1,40.14366651384492,1381,Offer contract upgrade,,,,,,
8325-QRPZR,0.5341005332269827,Medium,75.15,40.13765507200775,1382,Offer contract upgrade,,,,,,
3488-PGMQJ,0.5382846491366021,Medium,74.5,40.10220636067686,1383,Offer contract upgrade,,,,,,
3866-MDTUB,0.5666491433630257,Medium,70.75,40.09042689293407,1384,Offer contract upgrade,,,,,,
0818-OCPZO,0.49192474652446977,Medium,81.45,40.06727060441806,1385,Offer contract upgrade,,,,,,
9944-AEXBM,0.4675969145559531,Medium,85.65,40.049675731717386,1386,Offer contract upgrade,,,,,,
2983-ZANRP,0.5443608148651933,Medium,73.55,40.03773793333497,1387,Offer contract upgrade,,,,,,
3956-MGXOG,0.4966545772481946,Medium,80.6,40.030358926204485,1388,Offer contract upgrade,,,,,,
4817-QRJSX,0.4940297039872038,Medium,81.0,40.01640602296351,1389,Offer contract upgrade,,,,,,
6103-BOCOU,0.49505545771241605,Medium,80.7,39.950975437391975,1390,Offer contract upgrade,,,,,,
7774-OJSXI,0.3860629562591008,Medium,103.45,39.93821282500398,1391,Review pricing or offer,,,,,,
9773-PEQBZ,0.49990578861771473,Medium,79.85,39.91747722112452,1392,Offer contract upgrade,,,,,,
5022-KVDQT,0.49064428003253785,Medium,81.3,39.88937996664533,1393,Offer contract upgrade,,,,,,
1965-DDBWU,0.4478314899223191,Medium,89.05,39.87939417758251,1394,Offer contract upgrade,,,,,,
8695-ARGXZ,0.5275013198454678,Medium,75.55,39.85272471432509,1395,Offer contract upgrade,,,,,,
6311-UEUME,0.5050157038134215,Medium,78.9,39.84573903087896,1396,Offer contract upgrade,,,,,,
9835-ZIITK,0.3594137183897462,Medium,110.85,39.84101068350336,1397,Review pricing or offer,,,,,,
3703-KBKZP,0.5334004878971829,Medium,74.45,39.711666323945266,1398,Offer contract upgrade,,,,,,
9158-VCTQB,0.34952170789902864,Medium,113.6,39.705666017329655,1399,Offer contract upgrade + pricing review,,,,,,
7508-SMHXL,0.4458023628497846,Medium,89.0,39.67641029363083,1400,Offer contract upgrade,,,,,,
0265-EDXBD,0.5295973977368491,Medium,74.9,39.66684509049,1401,Offer contract upgrade,,,,,,
2495-KZNFB,0.436720915083074,Medium,90.65,39.588750952280655,1402,Offer contract upgrade + pricing review,,,,,,
5122-CYFXA,0.5252724250642821,Medium,75.3,39.55301360734044,1403,Offer contract upgrade,,,,,,
5442-XSDCW,0.49704645000241054,Medium,79.5,39.515192775191636,1404,Offer contract upgrade,,,,,,
9529-OFXHY,0.4502550168141416,Medium,87.75,39.50987772544092,1405,Offer contract upgrade,,,,,,
2979-SXESE,0.4175489484685417,Medium,94.4,39.416620735430335,1406,Offer contract upgrade + pricing review,,,,,,
0221-WMXNQ,0.5229776401842859,Medium,75.35,39.406365187885946,1407,Offer contract upgrade,,,,,,
8552-OBVRU,0.3770426913858256,Medium,104.5,39.40096124981877,1408,Offer contract upgrade + pricing review,,,,,,
3914-FDRHP,0.4567306609163111,Medium,86.25,39.393019504031834,1409,Offer contract upgrade,,,,,,
8677-HDZEE,0.37295658132398884,Medium,105.45,39.328271500614626,1410,Offer contract upgrade + pricing review,,,,,,
3858-VOBET,0.5245462161245094,Medium,74.95,39.31473889853198,1411,Offer contract upgrade,,,,,,
3966-HRMZA,0.5236152882164608,Medium,75.05,39.29732738064538,1412,Offer contract upgrade,,,,,,
5908-QMGOE,0.5293022787308588,Medium,74.2,39.27422908182972,1413,Offer contract upgrade,,,,,,
2208-UGTGR,0.3978181037927758,Medium,98.6,39.224865033967696,1414,Offer contract upgrade + pricing review,,,,,,
8543-MSDMF,0.5062189526067794,Medium,77.4,39.18134693176473,1415,Offer contract upgrade,,,,,,
0481-SUMCB,0.3831760074087512,Medium,102.15,39.14142915680394,1416,Review pricing or offer,,,,,,
7538-GWHML,0.5619352589129065,Medium,69.65,39.138790783283945,1417,Offer contract upgrade,,,,,,
7813-ZGGAW,0.4051256166876532,Medium,96.6,39.1351345720273,1418,Offer contract upgrade + pricing review,,,,,,
6847-KJLTS,0.38963171289206605,Medium,100.4,39.11902397436344,1419,Offer contract upgrade + pricing review,,,,,,
5914-DVBWJ,0.4573939278498159,Medium,85.45,39.08431113476677,1420,Offer contract upgrade,,,,,,
6664-FPDAC,0.3490420267048424,Medium,111.95,39.07525488960711,1421,Review pricing or offer,,,,,,
0491-KAPQG,0.5301312525937856,Medium,73.7,39.070673316162,1422,Offer contract upgrade,,,,,,
0177-PXBAT,0.3551694920485448,Medium,109.9,39.033127176135075,1423,Offer contract upgrade + pricing review,,,,,,
3315-TOTBP,0.5133969585392701,Medium,76.0,39.01816884898453,1424,Offer contract upgrade,,,,,,
2091-RFFBA,0.5277001266220591,Medium,73.9,38.99703935737017,1425,Offer contract upgrade,,,,,,
9779-DPNEJ,0.4863269004254591,Medium,80.15,38.97910106910055,1426,Offer contract upgrade,,,,,,
1522-VVDMG,0.43384209158666265,Medium,89.75,38.937327719902974,1427,Offer contract upgrade,,,,,,
4947-DSMXK,0.39846945331730077,Medium,97.7,38.93046558910029,1428,Offer contract upgrade + pricing review,,,,,,
4829-AUOAX,0.40512950623102884,Medium,96.05,38.91268907349032,1429,Offer contract upgrade + pricing review,,,,,,
4989-LIXVT,0.4057391082223025,Medium,95.9,38.91038047851882,1430,Offer contract upgrade + pricing review,,,,,,
9450-TRJUU,0.46784468209823765,Medium,83.15,38.90128531646846,1431,Offer contract upgrade,,,,,,
2905-KFQUV,0.5523562265137658,Medium,70.4,38.885878346569115,1432,Offer contract upgrade,,,,,,
0634-SZPQA,0.431801887327373,Medium,90.05,38.88375995382994,1433,Offer contract upgrade + pricing review,,,,,,
4910-AQFFX,0.49002415927874415,Medium,79.35,38.88341703876834,1434,Offer contract upgrade,,,,,,
8563-OYMQY,0.4273662394466713,Medium,90.95,38.86895947767476,1435,Offer contract upgrade + pricing review,,,,,,
0468-YRPXN,0.39298640336459606,Medium,98.8,38.82705665242209,1436,Offer contract upgrade + pricing review,,,,,,
7892-QVYKW,0.45247065777796364,Medium,85.6,38.73148830579368,1437,Offer contract upgrade,,,,,,
3999-QGRJH,0.555655556386248,Medium,69.7,38.72919228012149,1438,Offer contract upgrade,,,,,,
1475-VWVDO,0.5170612446528484,Medium,74.9,38.727887224498346,1439,Offer contract upgrade,,,,,,
8914-RBTSB,0.41264418896665284,Medium,93.8,38.706024925072036,1440,Offer contract upgrade + pricing review,,,,,,
4176-FXYBO,0.35319365638059746,Medium,109.55,38.69236505649445,1441,Offer contract upgrade + pricing review,,,,,,
5899-MQZZL,0.5157065829621279,Medium,75.0,38.67799372215959,1442,Offer contract upgrade,,,,,,
8019-ENHXU,0.388810237212549,Medium,99.45,38.667178090788,1443,Offer contract upgrade + pricing review,,,,,,
8837-VVWLQ,0.45511361933364036,Medium,84.95,38.66190196239275,1444,Offer contract upgrade,,,,,,
6877-LGWXO,0.49191454659435,Medium,78.55,38.639887634986195,1445,Offer contract upgrade,,,,,,
1989-PRJHP,0.5114884232265287,Medium,75.5,38.61737595360292,1446,Offer contract upgrade,,,,,,
1323-OOEPC,0.39237524004482444,Medium,98.4,38.609723620410726,1447,Offer contract upgrade + pricing review,,,,,,
2460-NGXBJ,0.513293812058474,Medium,75.2,38.59969466679725,1448,Offer contract upgrade,,,,,,
1597-FZREH,0.5046999027312609,Medium,76.4,38.559072568668334,1449,Offer contract upgrade,,,,,,
9919-YLNNG,0.3710249893125444,Medium,103.8,38.51239389064211,1450,Offer contract upgrade + pricing review,,,,,,
0979-PHULV,0.3869071757453198,Medium,99.45,38.47791862787206,1451,Offer contract upgrade + pricing review,,,,,,
6298-QDFNH,0.48385403969293417,Medium,79.35,38.393818049634326,1452,Offer contract upgrade,,,,,,
4361-BKAXE,0.3351868928939017,Medium,114.5,38.37889923635174,1453,Offer contract upgrade + pricing review,,,,,,
4816-LXZYW,0.4846876246859408,Medium,79.15,38.363025493892216,1454,Offer contract upgrade,,,,,,
9625-QSTYE,0.47260267616454243,Medium,81.15,38.35170717075262,1455,Offer contract upgrade,,,,,,
4818-QIUFN,0.48419373930363124,Medium,79.15,38.32393446588242,1456,Offer contract upgrade,,,,,,
5312-UXESG,0.39070069673298957,Medium,98.05,38.308203314669626,1457,Offer contract upgrade + pricing review,,,,,,
9512-UIBFX,0.4022709395883342,Medium,95.15,38.27607990183,1458,Offer contract upgrade + pricing review,,,,,,
1472-TNCWL,0.40393319427185764,Medium,94.7,38.25247349754492,1459,Offer contract upgrade + pricing review,,,,,,
2252-ISRNH,0.4233541471971703,Medium,90.35,38.25004719926434,1460,Review pricing or offer,,,,,,
8992-JQYUN,0.7595524521882496,High,50.35,38.24346596767837,1461,Offer contract upgrade,,,,,,
6551-GNYDG,0.47269498654293884,Medium,80.9,38.24102441132376,1462,Offer contract upgrade,,,,,,
4059-IIEBK,0.48643672722815734,Medium,78.55,38.20960492377176,1463,Offer contract upgrade,,,,,,
6178-KFNHS,0.4876727990494721,Medium,78.3,38.18478016557366,1464,Offer contract upgrade,,,,,,
0196-JTUQI,0.5076557365597077,Medium,75.2,38.17571138929002,1465,Offer contract upgrade,,,,,,
2951-QOQTK,0.4724255234963299,Medium,80.8,38.17198229850345,1466,Offer contract upgrade,,,,,,
5982-FPVQN,0.4010900133709247,Medium,95.15,38.16371477224349,1467,Offer contract upgrade + pricing review,,,,,,
2856-NNASM,0.4256007771298045,Medium,89.55,38.11254959197399,1468,Offer contract upgrade,,,,,,
1624-WOIWJ,0.4499516880984488,Medium,84.7,38.11090798193862,1469,Offer contract upgrade,,,,,,
8486-AYEQH,0.5008389215410121,Medium,76.05,38.088799983193965,1470,Offer contract upgrade,,,,,,
8981-FJGLA,0.4882618068194821,Medium,78.0,38.0844209319196,1471,Offer contract upgrade,,,,,,
1907-UBQFC,0.5227727817759857,Medium,72.85,38.08399715238056,1472,Offer contract upgrade,,,,,,
2528-HFYZX,0.4981273961653838,Medium,76.45,38.081839436843595,1473,Offer contract upgrade,,,,,,
4029-HPFVY,0.5413856091831307,Medium,70.3,38.05940832557409,1474,Offer contract upgrade,,,,,,
9412-GHEEC,0.36272050258803756,Medium,104.8,38.013108671226334,1475,Offer contract upgrade + pricing review,,,,,,
3717-OEAUQ,0.5374722311158341,Medium,70.7,37.99928673988947,1476,Offer contract upgrade,,,,,,
9465-RWMXL,0.4815985484336572,Medium,78.9,37.998125471415555,1477,Offer contract upgrade,,,,,,
9903-LYSAB,0.5191329054144681,Medium,73.15,37.97457203106835,1478,Offer contract upgrade,,,,,,
2359-KMGLI,0.47288211170197203,Medium,80.25,37.948789464083255,1479,Offer contract upgrade,,,,,,
0564-MUUQK,0.3966202485632378,Medium,95.5,37.87723373778921,1480,Offer contract upgrade + pricing review,,,,,,
9947-OTFQU,0.5090900228754563,Medium,74.4,37.87629770193396,1481,Offer contract upgrade,,,,,,
4010-YLMVT,0.35530430578251143,Medium,106.6,37.87543899641572,1482,Offer contract upgrade + pricing review,,,,,,
5922-ABDVO,0.42226890221911967,Medium,89.65,37.85640708394408,1483,Offer contract upgrade,,,,,,
6173-GOLSU,0.3988740719323155,Medium,94.65,37.75343090839367,1484,Offer contract upgrade + pricing review,,,,,,
2615-YVMYX,0.3511186365044891,Medium,107.5,37.74525342423258,1485,Offer contract upgrade + pricing review,,,,,,
1095-JUDTC,0.39706608734457743,Medium,95.05,37.74113160210209,1486,Offer contract upgrade + pricing review,,,,,,
7460-ITWWP,0.43813616561863067,Medium,86.1,37.7235238597641,1487,Offer contract upgrade,,,,,,
9053-EJUNL,0.42288444697107175,Medium,89.2,37.721292669819604,1488,Offer contract upgrade,,,,,,
3496-LFSZU,0.5343797214945493,Medium,70.5,37.673770365365726,1489,Offer contract upgrade,,,,,,
6179-GJPSO,0.34789810954198,Medium,108.15,37.62518054696514,1490,Offer contract upgrade + pricing review,,,,,,
1196-AMORA,0.5110857630724359,Medium,73.6,37.61591216213128,1491,Offer contract upgrade,,,,,,
1428-GTBJJ,0.5044691934604293,Medium,74.55,37.608178372475,1492,Offer contract upgrade,,,,,,
1092-GANHU,0.49050825599690123,Medium,76.65,37.59745782216248,1493,Offer contract upgrade,,,,,,
5981-ZVXOT,0.34699223147423797,Medium,108.35,37.59660828023368,1494,Review pricing or offer,,,,,,
6591-QGOYB,0.35239630668585703,Medium,106.65,37.58306610804665,1495,Offer contract upgrade + pricing review,,,,,,
2070-XYMFH,0.47328710138403235,Medium,79.35,37.555331494822966,1496,Offer contract upgrade,,,,,,
9274-UARKJ,0.45131334694563396,Medium,83.2,37.549270465876745,1497,Offer contract upgrade,,,,,,
5828-AVIPD,0.37192588200764537,Medium,100.95,37.5459177886718,1498,Review pricing or offer,,,,,,
0111-KLBQG,0.3994665904064815,Medium,93.95,37.52988616868894,1499,Offer contract upgrade + pricing review,,,,,,
3323-CPBWR,0.3871485681345859,Medium,96.9,37.51469625224138,1500,Offer contract upgrade + pricing review,,,,,,
3804-RVTGV,0.36121576189623233,Medium,103.85,37.51225687292373,1501,Offer contract upgrade + pricing review,,,,,,
0682-USIXD,0.43538808108876575,Medium,86.05,37.46514437768829,1502,Offer contract upgrade,,,,,,
7767-UXAGJ,0.7424890944839435,High,50.45,37.45857481671495,1503,Offer contract upgrade,,,,,,
4879-GZLFH,0.4062220232059877,Medium,92.15,37.43335943843177,1504,Offer contract upgrade + pricing review,,,,,,
9793-WECQC,0.39264974202875585,Medium,95.3,37.41952041534043,1505,Offer contract upgrade + pricing review,,,,,,
9699-UBQFS,0.39583709609448714,Medium,94.5,37.40660558092903,1506,Offer contract upgrade + pricing review,,,,,,
0411-EZJZE,0.6203106060298781,High,60.25,37.37371401330015,1507,Offer contract upgrade,,,,,,
7821-DPRQE,0.3469771024657039,Medium,107.7,37.36943393555631,1508,Offer contract upgrade + pricing review,,,,,,
2037-SGXHH,0.3944380240900551,Medium,94.65,37.33355898012371,1509,Offer contract upgrade + pricing review,,,,,,
3714-NTNFO,0.441478292451185,Medium,84.5,37.30491571212513,1510,Offer contract upgrade,,,,,,
9576-ANLXO,0.5363556963609076,Medium,69.55,37.303538681901124,1511,Offer contract upgrade,,,,,,
8120-JDCAM,0.5361145293052847,Medium,69.55,37.28676551318255,1512,Offer contract upgrade,,,,,,
5626-MGTUK,0.41822114846384517,Medium,89.1,37.263504328128604,1513,Offer contract upgrade,,,,,,
5339-TJFEK,0.35308550069381245,Medium,105.5,37.250520323197215,1514,Offer contract upgrade + pricing review,,,,,,
7268-IGMFD,0.39651190298349753,Medium,93.9,37.23246769015042,1515,Offer contract upgrade + pricing review,,,,,,
9356-AXGMP,0.33615906817821284,Medium,110.7,37.21280884732816,1516,Review pricing or offer,,,,,,
8224-DWCKX,0.5076440777997103,Medium,73.3,37.21031090271877,1517,Offer contract upgrade,,,,,,
5950-AAAGJ,0.441344272839431,Medium,84.3,37.20532220036403,1518,Offer contract upgrade,,,,,,
6961-VCPMC,0.46211988174634405,Medium,80.4,37.154438492406065,1519,Offer contract upgrade,,,,,,
5650-YLIBA,0.4577645468623189,Medium,81.15,37.14759297787718,1520,Offer contract upgrade,,,,,,
4629-NRXKX,0.5271941795477897,Medium,70.4,37.114470240164394,1521,Offer contract upgrade,,,,,,
6379-RXJRQ,0.5293728865854892,Medium,70.1,37.10903934964279,1522,Offer contract upgrade,,,,,,
2398-YPMUR,0.5289563284787837,Medium,70.15,37.10628644278668,1523,Offer contract upgrade,,,,,,
7975-TZMLR,0.3595127948423981,Medium,103.1,37.06576914825124,1524,Review pricing or offer,,,,,,
5233-AOZUF,0.494215428587834,Medium,74.95,37.041446372658164,1525,Offer contract upgrade,,,,,,
5364-EVNIB,0.46369300589088147,Medium,79.8,37.00270187009234,1526,Offer contract upgrade,,,,,,
3374-LXDEV,0.41380573640178253,Medium,89.4,36.99423283431936,1527,Offer contract upgrade,,,,,,
9821-POOTN,0.491718596823508,Medium,75.2,36.977238481127806,1528,Offer contract upgrade,,,,,,
0089-IIQKO,0.36970365641206,Medium,99.95,36.951880458385396,1529,Offer contract upgrade + pricing review,,,,,,
5035-PGZXH,0.3455665054872963,Medium,106.8,36.90650278604324,1530,Review pricing or offer,,,,,,
1902-XBTFB,0.41276254784850186,Medium,89.4,36.90097177765607,1531,Offer contract upgrade,,,,,,
6629-CZTTH,0.6621257523084222,High,55.7,36.88040440357912,1532,Offer contract upgrade,,,,,,
7064-FRRSW,0.3723340491390745,Medium,99.0,36.86107086476837,1533,Review pricing or offer,,,,,,
6522-YRBXD,0.38980728568511835,Medium,94.55,36.85627886152794,1534,Offer contract upgrade + pricing review,,,,,,
0256-LTHVJ,0.4538745017991939,Medium,81.05,36.78652837082467,1535,Offer contract upgrade,,,,,,
9885-AIBVB,0.42839460878576135,Medium,85.8,36.75625743381832,1536,Offer contract upgrade,,,,,,
0265-PSUAE,0.3648956969083126,Medium,100.7,36.74499667866708,1537,Offer contract upgrade + pricing review,,,,,,
3518-PZXZQ,0.664287152712301,High,55.3,36.73507954499024,1538,Offer contract upgrade,,,,,,
3500-RMZLT,0.3814163901559709,Medium,96.3,36.73039837202,1539,Offer contract upgrade + pricing review,,,,,,
1552-AAGRX,0.34504700394702414,Medium,106.4,36.713001219963374,1540,Offer contract upgrade + pricing review,,,,,,
0348-SDKOL,0.35907189648595733,Medium,102.1,36.661240631216245,1541,Offer contract upgrade + pricing review,,,,,,
6583-QGCSI,0.4158589365720647,Medium,88.05,36.616379365170296,1542,Offer contract upgrade,,,,,,
2956-GGUCQ,0.4642608465939385,Medium,78.85,36.60696775393205,1543,Offer contract upgrade,,,,,,
1845-CSBRZ,0.42880730808244816,Medium,85.35,36.598703744836946,1544,Offer contract upgrade,,,,,,
3370-GQEAL,0.4280539140123741,Medium,85.45,36.577206952357365,1545,Offer contract upgrade,,,,,,
8819-IMISP,0.45454516896395053,Medium,80.45,36.568158843149824,1546,Offer contract upgrade,,,,,,
4074-SJFFA,0.6670850234268276,High,54.75,36.522905032618816,1547,Offer contract upgrade,,,,,,
8685-WHQPW,0.4908968877156343,Medium,74.4,36.522728446043196,1548,Offer contract upgrade,,,,,,
8123-QBNAZ,0.3493000242994468,Medium,104.5,36.50185253929219,1549,Offer contract upgrade + pricing review,,,,,,
0727-BMPLR,0.3647501071227553,Medium,100.0,36.47501071227553,1550,Review pricing or offer,,,,,,
1427-VERSM,0.3694542437809925,Medium,98.7,36.465133861183965,1551,Offer contract upgrade + pricing review,,,,,,
0100-DUVFC,0.34776698110969734,Medium,104.8,36.44597962029628,1552,Review pricing or offer,,,,,,
8270-RKSAP,0.5166794239580881,Medium,70.5,36.42589938904521,1553,Offer contract upgrade,,,,,,
6845-RGTYS,0.3688284609876178,Medium,98.75,36.42181052252726,1554,Offer contract upgrade + pricing review,,,,,,
8058-DMYRU,0.4040868585713201,Medium,90.05,36.38802161434737,1555,Offer contract upgrade + pricing review,,,,,,
8128-YVJRG,0.4567960169578277,Medium,79.65,36.383802750690975,1556,Offer contract upgrade,,,,,,
2916-BQZLN,0.4292649592434172,Medium,84.75,36.380205295879605,1557,Offer contract upgrade,,,,,,
6413-XKKPU,0.406703739587752,Medium,89.4,36.359314319145035,1558,Offer contract upgrade,,,,,,
3312-ZWLGF,0.4582211732378413,Medium,79.3,36.336939037760814,1559,Offer contract upgrade,,,,,,
4480-QQRHC,0.490453335944539,Medium,74.05,36.31806952669311,1560,Offer contract upgrade,,,,,,
9732-EQMWY,0.36533255269392717,Medium,99.4,36.314055737776364,1561,Offer contract upgrade + pricing review,,,,,,
7739-LAXOG,0.39883143168083457,Medium,91.05,36.31360185453999,1562,Offer contract upgrade + pricing review,,,,,,
1384-RCUXW,0.4506558472972833,Medium,80.55,36.300328499796166,1563,Offer contract upgrade,,,,,,
7641-EUYET,0.36031236986129145,Medium,100.7,36.28345564503205,1564,Offer contract upgrade + pricing review,,,,,,
0428-IKYCP,0.4170118900641114,Medium,87.0,36.28003443557769,1565,Offer contract upgrade,,,,,,
5226-NOZFC,0.4230801775611733,Medium,85.75,36.27912522587061,1566,Offer contract upgrade,,,,,,
5028-GZLDO,0.5130894044420353,Medium,70.7,36.2754208940519,1567,Offer contract upgrade,,,,,,
4929-BSTRX,0.676155309517742,High,53.55,36.20811682467509,1568,Offer contract upgrade,,,,,,
4248-QPAVC,0.42395452220639945,Medium,85.35,36.18451847031619,1569,Offer contract upgrade,,,,,,
9048-JVYVF,0.5216988337687849,Medium,69.35,36.17981412186523,1570,Offer contract upgrade,,,,,,
3088-LHEFH,0.4575399603333741,Medium,79.0,36.14565686633655,1571,Offer contract upgrade,,,,,,
2040-VZIKE,0.35788161018365483,Medium,100.85,36.092360387021586,1572,Offer contract upgrade + pricing review,,,,,,
2322-VCZHZ,0.4007670079697711,Medium,90.0,36.0690307172794,1573,Offer contract upgrade + pricing review,,,,,,
7789-HKSBS,0.34277344902786056,Medium,105.2,36.05976683773093,1574,Review pricing or offer,,,,,,
3070-DVEYC,0.48858273127873275,Medium,73.75,36.03297643180654,1575,Offer contract upgrade,,,,,,
0641-EVBOJ,0.43731834459961655,Medium,82.3,35.99129976054844,1576,Offer contract upgrade,,,,,,
7206-PQBBZ,0.5123436149944758,Medium,70.2,35.966521772612204,1577,Offer contract upgrade,,,,,,
2955-BJZHG,0.4448158091628685,Medium,80.85,35.96335817081792,1578,Offer contract upgrade,,,,,,
9921-QFQUL,0.3987802702966177,Medium,90.15,35.95004136724009,1579,Offer contract upgrade + pricing review,,,,,,
2386-LAHRK,0.6715224808686369,High,53.5,35.92645272647207,1580,Offer contract upgrade,,,,,,
4546-FOKWR,0.4804098519640903,Medium,74.75,35.91063643431575,1581,Offer contract upgrade,,,,,,
5294-DMSFH,0.40898204651081593,Medium,87.8,35.90862368364964,1582,Offer contract upgrade,,,,,,
4652-NNHNY,0.4859277773049191,Medium,73.85,35.88576635396827,1583,Offer contract upgrade,,,,,,
8982-NHAVY,0.35695198463130495,Medium,100.5,35.87367445544615,1584,Review pricing or offer,,,,,,
7395-IGJOS,0.43984937935605517,Medium,81.5,35.8477244175185,1585,Offer contract upgrade,,,,,,
9822-WMWVG,0.3362266983320018,Medium,106.5,35.808143372358195,1586,Offer contract upgrade + pricing review,,,,,,
3891-PUQOD,0.604719727173998,High,59.2,35.79940784870068,1587,Offer contract upgrade,,,,,,
7067-KSAZT,0.33678698301960464,Medium,106.25,35.78361694583299,1588,Review pricing or offer,,,,,,
4351-QLCSU,0.6500685557526652,High,55.0,35.75377056639659,1589,Offer contract upgrade,,,,,,
2921-XWDJH,0.4283477883805085,Medium,83.45,35.745622940353435,1590,Offer contract upgrade,,,,,,
3096-IZETN,0.45754634648215614,Medium,78.1,35.73436966025639,1591,Offer contract upgrade,,,,,,
4911-BANWH,0.41265002807748896,Medium,86.55,35.71485993010667,1592,Offer contract upgrade,,,,,,
6891-JPYFF,0.3393277262559611,Medium,105.25,35.7142431884399,1593,Offer contract upgrade + pricing review,,,,,,
2347-WKKAE,0.37786469481863205,Medium,94.4,35.67042719087887,1594,Offer contract upgrade + pricing review,,,,,,
2696-NARTR,0.4811507969308672,Medium,73.85,35.53298635334454,1595,Offer contract upgrade,,,,,,
3162-KKZXO,0.3546110265293098,Medium,100.15,35.51429430691038,1596,Review pricing or offer,,,,,,
5649-VUKMC,0.37174253172208027,Medium,95.5,35.501411779458664,1597,Review pricing or offer,,,,,,
7537-CBQUZ,0.32422815473680155,Medium,109.4,35.470560128206095,1598,Offer contract upgrade + pricing review,,,,,,
0701-RFGFI,0.3717933695616237,Medium,95.4,35.4690874561789,1599,Offer contract upgrade + pricing review,,,,,,
9574-RKJIF,0.37560360717496405,Medium,94.4,35.45698051731661,1600,Offer contract upgrade + pricing review,,,,,,
4349-GFQHK,0.6518523768446309,High,54.35,35.42817668150569,1601,Offer contract upgrade,,,,,,
1421-HCERK,0.3347704601277092,Medium,105.7,35.38523763549887,1602,Offer contract upgrade + pricing review,,,,,,
1216-BGTSP,0.32624779344859656,Medium,108.45,35.381573199500295,1603,Offer contract upgrade + pricing review,,,,,,
7529-ZDFXI,0.39373721413067525,Medium,89.85,35.37728868964117,1604,Offer contract upgrade,,,,,,
7011-CVEUC,0.36938252954411394,Medium,95.7,35.3499080773717,1605,Offer contract upgrade + pricing review,,,,,,
8456-QDAVC,0.4491170208148869,Medium,78.7,35.3455095381316,1606,Offer contract upgrade,,,,,,
8490-BXHEO,0.4388004833708472,Medium,80.55,35.345378935521744,1607,Offer contract upgrade,,,,,,
7245-JMTTQ,0.31698372496633187,Medium,111.5,35.343685333746,1608,Review pricing or offer,,,,,,
2694-CIUMO,0.4442285577018763,Medium,79.55,35.33838176518426,1609,Offer contract upgrade,,,,,,
5405-ZMYXQ,0.47328826800632545,Medium,74.6,35.307304793271875,1610,Offer contract upgrade,,,,,,
1728-CXQBE,0.37428618083978693,Medium,94.25,35.27647254414992,1611,Offer contract upgrade + pricing review,,,,,,
0504-HHAPI,0.3994450812208018,Medium,88.3,35.2710006717968,1612,Offer contract upgrade,,,,,,
5453-AXEPF,0.4380772243763767,Medium,80.5,35.26521656229832,1613,Offer contract upgrade,,,,,,
3955-JBZZM,0.447490476958276,Medium,78.8,35.262249584312144,1614,Offer contract upgrade,,,,,,
2675-OTVVJ,0.3940439912188614,Medium,89.45,35.247235014527156,1615,Offer contract upgrade,,,,,,
3349-ANQNH,0.35419720079234207,Medium,99.5,35.24262147883804,1616,Review pricing or offer,,,,,,
2519-LBNQL,0.3371936290372197,Medium,104.35,35.18615519003388,1617,Review pricing or offer,,,,,,
5628-RKIFK,0.3464159601701582,Medium,101.55,35.17854075527956,1618,Offer contract upgrade + pricing review,,,,,,
8348-HFYIV,0.7139636744393533,High,49.25,35.16271096613815,1619,Offer contract upgrade,,,,,,
7603-USHJS,0.47676937724240115,Medium,73.75,35.16174157162708,1620,Offer contract upgrade,,,,,,
0666-UXTJO,0.41265988522890346,Medium,85.2,35.158622221502576,1621,Offer contract upgrade,,,,,,
9398-MMQTO,0.47184739418092186,Medium,74.45,35.12903849676963,1622,Offer contract upgrade,,,,,,
2573-GYRUU,0.38503544217121793,Medium,91.05,35.05747700968939,1623,Offer contract upgrade + pricing review,,,,,,
6862-CQUMB,0.3646557218418416,Medium,96.1,35.043414869000976,1624,Offer contract upgrade + pricing review,,,,,,
5498-TXHLF,0.40013388021674134,Medium,87.45,34.991707824954034,1625,Offer contract upgrade,,,,,,
5389-FFVKB,0.43553126522291735,Medium,80.3,34.97316059740026,1626,Offer contract upgrade,,,,,,
4013-UBXWQ,0.46795845920168094,Medium,74.65,34.933098979405486,1627,Offer contract upgrade,,,,,,
9052-VKDUW,0.31930024656036576,Medium,109.4,34.93144697370402,1628,Offer contract upgrade + pricing review,,,,,,
9281-OFDMF,0.38496632734381486,Medium,90.7,34.916445890084006,1629,Offer contract upgrade + pricing review,,,,,,
9137-UIYPG,0.32624668565005044,Medium,106.9,34.8757706959904,1630,Offer contract upgrade + pricing review,,,,,,
1262-OPMFY,0.46035434956470767,Medium,75.75,34.87184197952661,1631,Offer contract upgrade,,,,,,
7426-GSWPO,0.336890464280768,Medium,103.5,34.86816305305949,1632,Offer contract upgrade + pricing review,,,,,,
2189-WWOEW,0.4058979935618554,Medium,85.9,34.86663764696338,1633,Offer contract upgrade,,,,,,
2027-CWDNU,0.40698030587656164,Medium,85.6,34.837514183033676,1634,Offer contract upgrade,,,,,,
4547-LYTDD,0.479430707162635,Medium,72.65,34.83064087536543,1635,Offer contract upgrade,,,,,,
7018-WBJNK,0.4447388441065343,Medium,78.3,34.823051493541634,1636,Offer contract upgrade,,,,,,
1891-FZYSA,0.3871189654647923,Medium,89.95,34.821350943558066,1637,Offer contract upgrade,,,,,,
0439-IFYUN,0.4661008346950595,Medium,74.7,34.81773235172094,1638,Offer contract upgrade,,,,,,
7568-PODML,0.7685948361621804,High,45.3,34.81734607814677,1639,Offer contract upgrade,,,,,,
1452-KIOVK,0.39070323923811995,Medium,89.1,34.81165861611648,1640,Offer contract upgrade,,,,,,
3424-NMNBO,0.3195889433318148,Medium,108.85,34.78725648166804,1641,Review pricing or offer,,,,,,
3452-ABWRL,0.4040701604286711,Medium,86.05,34.77023730488715,1642,Offer contract upgrade,,,,,,
5027-QPKTE,0.5009697711837562,Medium,69.35,34.74225363159349,1643,Offer contract upgrade,,,,,,
8778-LMWTJ,0.4637099022007375,Medium,74.85,34.7086861797252,1644,Offer contract upgrade,,,,,,
6741-EGCBI,0.38303282857915166,Medium,90.5,34.66447098641323,1645,Offer contract upgrade + pricing review,,,,,,
3884-HCSWG,0.49511198000637985,Medium,70.0,34.65783860044659,1646,Offer contract upgrade,,,,,,
5461-QKNTN,0.3674913516716808,Medium,94.3,34.6544344626395,1647,Offer contract upgrade + pricing review,,,,,,
8152-UOBNY,0.32435012410730685,Medium,106.8,34.640593254660374,1648,Review pricing or offer,,,,,,
6259-WJQLC,0.4269151402850947,Medium,81.1,34.62281787712118,1649,Offer contract upgrade,,,,,,
2672-TGEFF,0.3896551186991367,Medium,88.8,34.60137454048334,1650,Offer contract upgrade,,,,,,
6204-IEUXJ,0.4316819795527541,Medium,80.1,34.5777265621756,1651,Offer contract upgrade,,,,,,
4360-PNRQB,0.45731511024909305,Medium,75.6,34.573022334831435,1652,Offer contract upgrade,,,,,,
0248-IPDFW,0.6894661243104929,High,50.1,34.5422528279557,1653,Offer contract upgrade,,,,,,
0141-YEAYS,0.39944728206265756,Medium,86.45,34.53221753431675,1654,Offer contract upgrade,,,,,,
6906-ANDWJ,0.4609598606598871,Medium,74.9,34.52589356342555,1655,Offer contract upgrade,,,,,,
1077-HUUJM,0.48587461056044695,Medium,71.05,34.52139108031975,1656,Offer contract upgrade,,,,,,
4201-JMNGR,0.6181351724312409,High,55.8,34.49194262166324,1657,Offer contract upgrade,,,,,,
9286-DOJGF,0.4601375246912069,Medium,74.95,34.48730747560596,1658,Offer contract upgrade,,,,,,
2195-ZRVAX,0.4041858304911241,Medium,85.3,34.477051340892885,1659,Offer contract upgrade,,,,,,
9432-VOFYX,0.4869019369143655,Medium,70.8,34.472657133537076,1660,Offer contract upgrade,,,,,,
0637-UBJRP,0.4101346382518002,Medium,84.05,34.47181634506381,1661,Offer contract upgrade,,,,,,
4191-XOVOM,0.3266849797039645,Medium,105.4,34.43259686079786,1662,Offer contract upgrade + pricing review,,,,,,
8329-UTMVM,0.3289685345982112,Medium,104.65,34.4265571457028,1663,Review pricing or offer,,,,,,
2657-ALMWY,0.4052219304377675,Medium,84.95,34.42360299068835,1664,Offer contract upgrade,,,,,,
2931-SVLTV,0.31248590792468933,Medium,110.1,34.40469846250829,1665,Offer contract upgrade + pricing review,,,,,,
0376-OIWME,0.36729203747401384,Medium,93.6,34.378534707567695,1666,Offer contract upgrade + pricing review,,,,,,
9979-RGMZT,0.36540371846262515,Medium,94.05,34.36621972140989,1667,Review pricing or offer,,,,,,
2740-TVLFN,0.6849349868801288,High,50.15,34.34948959203846,1668,Offer contract upgrade,,,,,,
4948-WBBKL,0.4579383311363772,Medium,74.9,34.29958100211466,1669,Offer contract upgrade,,,,,,
8212-CRQXP,0.4284981645500129,Medium,80.0,34.27985316400103,1670,Offer contract upgrade,,,,,,
0596-BQCEQ,0.34199205371745167,Medium,100.15,34.25050417980279,1671,Offer contract upgrade + pricing review,,,,,,
5149-TGWDZ,0.32741903996616717,Medium,104.55,34.23166062846278,1672,Review pricing or offer,,,,,,
9360-AHGNL,0.3123068752758228,Medium,109.55,34.213218186466385,1673,Review pricing or offer,,,,,,
2203-GHNWN,0.42857790015109715,Medium,79.65,34.13622974703489,1674,Offer contract upgrade,,,,,,
5651-YLPRD,0.3963265677150252,Medium,86.1,34.12371748026367,1675,Offer contract upgrade,,,,,,
4329-YPDDQ,0.3153295090157461,Medium,108.2,34.11865287550373,1676,Offer contract upgrade + pricing review,,,,,,
4919-MOAVT,0.48975279229950874,Medium,69.65,34.11128198366079,1677,Offer contract upgrade,,,,,,
9576-SYUHJ,0.37420963252370865,Medium,91.15,34.10920800453604,1678,Offer contract upgrade + pricing review,,,,,,
1016-DJTSV,0.4893459384870928,Medium,69.7,34.10741191255037,1679,Offer contract upgrade,,,,,,
2144-BFDSO,0.3134264740974476,Medium,108.75,34.08512905809743,1680,Offer contract upgrade + pricing review,,,,,,
4512-ZUIYL,0.48687251010050003,Medium,70.0,34.081075707035005,1681,Offer contract upgrade,,,,,,
3540-RZJYU,0.3948773738833835,Medium,86.2,34.03842962874766,1682,Offer contract upgrade,,,,,,
1818-ESQMW,0.3807792016950316,Medium,89.2,33.96550479119682,1683,Offer contract upgrade,,,,,,
7483-IQWIB,0.3652252317329779,Medium,92.95,33.94768528958029,1684,Offer contract upgrade + pricing review,,,,,,
2974-GGUXS,0.36909501799057154,Medium,91.95,33.93828690423305,1685,Offer contract upgrade + pricing review,,,,,,
6608-QQLVK,0.6718227686210846,High,50.5,33.927049815364775,1686,Offer contract upgrade,,,,,,
2971-SGAFL,0.43061498008875754,Medium,78.75,33.91092968198966,1687,Offer contract upgrade,,,,,,
6702-OHFWR,0.7820887537703627,High,43.3,33.8644430382567,1688,Offer contract upgrade,,,,,,
0869-PAPRP,0.3948921633172702,Medium,85.7,33.842258396290056,1689,Offer contract upgrade,,,,,,
3348-CFRNX,0.3662146996842403,Medium,92.35,33.81992751583959,1690,Offer contract upgrade + pricing review,,,,,,
1319-YLZJG,0.3991063925156265,Medium,84.6,33.764400806822,1691,Offer contract upgrade,,,,,,
1984-FCOWB,0.30818548692899495,Medium,109.5,33.74631081872494,1692,Review pricing or offer,,,,,,
6907-FLBER,0.6207493200324775,High,54.3,33.70668807776353,1693,Offer contract upgrade,,,,,,
2003-CKLOR,0.33873259412654316,Medium,99.5,33.70389311559104,1694,Offer contract upgrade + pricing review,,,,,,
8404-GFGCZ,0.5135198095511546,Medium,65.6,33.68689950655574,1695,Offer contract upgrade,,,,,,
8651-ENBZX,0.3174959933579512,Medium,106.0,33.65457529594283,1696,Review pricing or offer,,,,,,
4398-HSCJH,0.5290484456614479,Medium,63.6,33.64748114406809,1697,Offer contract upgrade,,,,,,
7567-ECMCM,0.4204853369890401,Medium,79.85,33.57575415857485,1698,Offer contract upgrade,,,,,,
8782-LKFPK,0.3712682345866418,Medium,90.4,33.56264840663242,1699,Offer contract upgrade + pricing review,,,,,,
8564-LDKFL,0.31641552459040556,Medium,106.0,33.54004560658299,1700,Review pricing or offer,,,,,,
7982-VCELR,0.3536940973887979,Medium,94.8,33.530200432458045,1701,Offer contract upgrade + pricing review,,,,,,
2811-POVEX,0.3790112613874041,Medium,88.45,33.52354606971589,1702,Offer contract upgrade,,,,,,
5606-AMZBO,0.4287473977620643,Medium,78.15,33.50660913510533,1703,Offer contract upgrade,,,,,,
0537-QYZZN,0.4196109740414784,Medium,79.85,33.50593627721205,1704,Offer contract upgrade,,,,,,
3234-VKACU,0.4762575019457388,Medium,70.3,33.48090238678544,1705,Offer contract upgrade,,,,,,
9940-HPQPG,0.36469730605424205,Medium,91.75,33.46097783047671,1706,Offer contract upgrade + pricing review,,,,,,
5931-FLJJF,0.47717022572458445,Medium,70.1,33.44963282329337,1707,Offer contract upgrade,,,,,,
3161-GETRM,0.3711866776511992,Medium,90.05,33.42536032249049,1708,Offer contract upgrade + pricing review,,,,,,
1173-NOEYG,0.3706988385790841,Medium,90.15,33.41850029790443,1709,Offer contract upgrade + pricing review,,,,,,
0947-MUGVO,0.4535838229826716,Medium,73.65,33.406448562673766,1710,Offer contract upgrade,,,,,,
6729-GDNGC,0.41387329869433925,Medium,80.7,33.39957520463318,1711,Offer contract upgrade,,,,,,
5553-AOINX,0.3183597371606769,Medium,104.9,33.39593642815501,1712,Review pricing or offer,,,,,,
6353-BRMMA,0.3206030225837956,Medium,104.1,33.374774650973116,1713,Offer contract upgrade + pricing review,,,,,,
5572-ZDXHY,0.39575416748660497,Medium,84.3,33.362076319120796,1714,Offer contract upgrade,,,,,,
3329-WDIOK,0.6592990896002098,High,50.6,33.36053393377062,1715,Offer contract upgrade,,,,,,
1910-FMXJM,0.414613699358125,Medium,80.4,33.33494142839325,1716,Offer contract upgrade,,,,,,
2311-QYMUQ,0.37238199399423183,Medium,89.45,33.30956936278404,1717,Offer contract upgrade,,,,,,
6166-ILMNY,0.47705638400607236,Medium,69.75,33.27468278442355,1718,Offer contract upgrade,,,,,,
9369-XFEHK,0.41194656934399,Medium,80.6,33.20289348912559,1719,Offer contract upgrade,,,,,,
0650-BWOZN,0.45140905348227073,Medium,73.55,33.20113588362101,1720,Offer contract upgrade,,,,,,
5671-UUNXD,0.3295017584217107,Medium,100.65,33.16435198514518,1721,Review pricing or offer,,,,,,
0570-BFQHT,0.4116004820330415,Medium,80.55,33.15441882776149,1722,Offer contract upgrade,,,,,,
0988-JRWWP,0.6112523069191568,High,54.2,33.1298750350183,1723,Offer contract upgrade,,,,,,
3627-FCRDW,0.4664013708141988,Medium,71.0,33.11449732780812,1724,Offer contract upgrade,,,,,,
3657-COGMW,0.30631446676989865,Medium,108.1,33.11259385782604,1725,Offer contract upgrade + pricing review,,,,,,
0407-BDJKB,0.34530370518384196,Medium,95.75,33.06282977135287,1726,Offer contract upgrade + pricing review,,,,,,
2737-WFVYW,0.7304579139406829,High,45.25,33.0532206058159,1727,Offer contract upgrade,,,,,,
6486-LHTMA,0.3643478498368589,Medium,90.7,33.046349980203104,1728,Review pricing or offer,,,,,,
6331-LWDTQ,0.45752732774057037,Medium,72.15,33.01059669648215,1729,Offer contract upgrade,,,,,,
5976-JCJRH,0.46955673532671466,Medium,70.3,33.00983849346804,1730,Offer contract upgrade,,,,,,
7901-HXJVA,0.43141822573950944,Medium,76.45,32.9819233577855,1731,Offer contract upgrade,,,,,,
7658-UYUQS,0.3807120106163898,Medium,86.55,32.950624518848535,1732,Offer contract upgrade,,,,,,
2482-CZGBB,0.4706179079322988,Medium,70.0,32.94325355526092,1733,Offer contract upgrade,,,,,,
4760-THGOT,0.34999380747535275,Medium,94.1,32.93441728343069,1734,Offer contract upgrade + pricing review,,,,,,
2141-RRYGO,0.47934351185662133,Medium,68.65,32.906932088957056,1735,Offer contract upgrade,,,,,,
3235-ETOOB,0.4413359304420268,Medium,74.5,32.879526817930994,1736,Offer contract upgrade,,,,,,
2085-BOJKI,0.34018344209311707,Medium,96.65,32.87872967829977,1737,Review pricing or offer,,,,,,
5998-VVEJY,0.40838356566682715,Medium,80.5,32.87487703617958,1738,Offer contract upgrade,,,,,,
9191-MYQKX,0.43728574365946116,Medium,75.15,32.86202363600851,1739,Offer contract upgrade,,,,,,
0691-NIKRI,0.3098202730968369,Medium,105.95,32.82545793460987,1740,Review pricing or offer,,,,,,
3002-WQZWT,0.44218457043331777,Medium,74.2,32.81009512615218,1741,Offer contract upgrade,,,,,,
2669-OIDSD,0.32791957498760793,Medium,100.05,32.808353477510174,1742,Offer contract upgrade + pricing review,,,,,,
1769-GRUIK,0.46107552581799466,Medium,71.1,32.78246988565942,1743,Offer contract upgrade,,,,,,
3398-ZOUAA,0.47424226015475784,Medium,69.1,32.770140176693765,1744,Offer contract upgrade,,,,,,
3755-JBMNH,0.4561093891914484,Medium,71.8,32.74865414394599,1745,Offer contract upgrade,,,,,,
9233-PSYHO,0.32640814741489627,Medium,100.15,32.68977596360186,1746,Review pricing or offer,,,,,,
8065-BVEPF,0.3295791336755409,Medium,99.1,32.6612921472461,1747,Offer contract upgrade + pricing review,,,,,,
6635-CPNUN,0.3375094280937653,Medium,96.6,32.60341075385772,1748,Offer contract upgrade + pricing review,,,,,,
4317-VTEOA,0.6417585511060613,High,50.75,32.56924646863261,1749,Offer contract upgrade,,,,,,
6646-QVXLR,0.31354105486776,Medium,103.75,32.529884442530104,1750,Review pricing or offer,,,,,,
4484-CGXFK,0.5880792760557206,Medium,55.3,32.52078396588135,1751,Offer contract upgrade,,,,,,
2886-KEFUM,0.30249613277530085,Medium,107.5,32.51833427334484,1752,Review pricing or offer,,,,,,
5035-BVCXS,0.4281157609134693,Medium,75.9,32.493986253332324,1753,Offer contract upgrade,,,,,,
3737-XBQDD,0.3829340912474308,Medium,84.85,32.4919576423445,1754,Offer contract upgrade,,,,,,
5816-QVHRX,0.3237705780455531,Medium,100.3,32.47418897796897,1755,Offer contract upgrade + pricing review,,,,,,
6075-SLNIL,0.3414096406224892,Medium,95.1,32.46805682319872,1756,Offer contract upgrade + pricing review,,,,,,
1842-EZJMK,0.3127146947712298,Medium,103.7,32.428513847776536,1757,Offer contract upgrade + pricing review,,,,,,
7272-QDCKA,0.3235734518092697,Medium,100.2,32.42205987128882,1758,Review pricing or offer,,,,,,
2604-IJPDU,0.33578799072848253,Medium,96.55,32.420330504834986,1759,Offer contract upgrade + pricing review,,,,,,
8445-DNBAE,0.6474241330159185,High,50.05,32.40357785744672,1760,Offer contract upgrade,,,,,,
8779-QRDMV,0.8172366257095967,High,39.65,32.40343220938551,1761,Offer contract upgrade,,,,,,
9058-CBREO,0.6407058524413073,High,50.55,32.38768084090808,1762,Offer contract upgrade,,,,,,
5394-SVGJV,0.32772896937885,Medium,98.8,32.37962217463038,1763,Offer contract upgrade + pricing review,,,,,,
4727-MCYZG,0.5824435113910367,Medium,55.55,32.354737057772084,1764,Offer contract upgrade,,,,,,
0363-QJVFX,0.2991353202498398,Low,108.15,32.35148488502018,1765,Offer contract upgrade + pricing review,,,,,,
9445-SZLCH,0.3319202501798613,Medium,97.35,32.312436355009496,1766,Offer contract upgrade + pricing review,,,,,,
0422-UXFAP,0.3267580343843385,Medium,98.85,32.30003169889186,1767,Review pricing or offer,,,,,,
2359-KLTEK,0.3400506212793143,Medium,94.9,32.270803959406926,1768,Offer contract upgrade + pricing review,,,,,,
2232-DMLXU,0.5845771704692364,Medium,55.2,32.26865980990185,1769,Offer contract upgrade,,,,,,
7481-ATQQS,0.35465733622254597,Medium,90.85,32.2206189958183,1770,Offer contract upgrade + pricing review,,,,,,
6233-HXJMX,0.36078022256277126,Medium,89.3,32.21767387485547,1771,Offer contract upgrade,,,,,,
2235-DWLJU,0.7255920276342507,High,44.4,32.21628602696073,1772,Offer contract upgrade,,,,,,
5543-QDCRY,0.5705262005496899,Medium,56.4,32.17767771100251,1773,Offer contract upgrade,,,,,,
6778-YSNIH,0.5445905422685589,Medium,59.0,32.130841993844975,1774,Offer contract upgrade,,,,,,
6711-VTNRE,0.3669665874746605,Medium,87.55,32.12792473340652,1775,Offer contract upgrade,,,,,,
3419-SNJJD,0.30508787393776315,Medium,105.25,32.11049873194957,1776,Offer contract upgrade + pricing review,,,,,,
9844-FELAJ,0.29743008550100924,Low,107.9,32.0927062255589,1777,Review pricing or offer,,,,,,
0899-WZRSD,0.30455323918675714,Medium,105.35,32.08468374832486,1778,Offer contract upgrade + pricing review,,,,,,
1346-UFHAX,0.4007770232463203,Medium,80.0,32.062161859705625,1779,Offer contract upgrade,,,,,,
4013-TLDHQ,0.4095311916784142,Medium,78.25,32.045815748835906,1780,Offer contract upgrade,,,,,,
7682-AZNDK,0.3562234477253884,Medium,89.85,32.00667677812614,1781,Offer contract upgrade,,,,,,
8519-QJGJD,0.4245861066972377,Medium,75.35,31.992563139636857,1782,Offer contract upgrade,,,,,,
5336-UFNZP,0.29758459006368865,Low,107.45,31.975464202343346,1783,Review pricing or offer,,,,,,
6994-KERXL,0.5713740708653359,Medium,55.9,31.939810561372273,1784,Offer contract upgrade,,,,,,
6050-IJRHS,0.2998119780394339,Low,106.5,31.92997566119971,1785,Review pricing or offer,,,,,,
8802-UNOJF,0.38099685343634576,Medium,83.8,31.927536317965775,1786,Offer contract upgrade,,,,,,
8155-IBNHG,0.42304833748964055,Medium,75.4,31.897844646718898,1787,Offer contract upgrade,,,,,,
5016-IBERQ,0.37839277781740377,Medium,84.25,31.87959153111627,1788,Offer contract upgrade,,,,,,
9912-OMZDS,0.30030637548773476,Medium,106.15,31.877521758023047,1789,Review pricing or offer,,,,,,
2623-DRYAM,0.31324428045280794,Medium,101.75,31.87260553607321,1790,Review pricing or offer,,,,,,
8495-LJDFO,0.2925292128586274,Low,108.95,31.871057740947453,1791,Offer contract upgrade + pricing review,,,,,,
5108-ADXWO,0.43323072735752444,Medium,73.5,31.842458460778047,1792,Offer contract upgrade,,,,,,
5886-VLQVU,0.354210604292489,Medium,89.85,31.825822795680136,1793,Offer contract upgrade,,,,,,
5977-CKHON,0.3436441855196645,Medium,92.55,31.80426936984495,1794,Offer contract upgrade + pricing review,,,,,,
9470-XCCEM,0.3547416275416122,Medium,89.65,31.802586909105536,1795,Offer contract upgrade,,,,,,
4007-NHVHI,0.3282747987728955,Medium,96.85,31.79341426115493,1796,Offer contract upgrade + pricing review,,,,,,
6128-CZOMY,0.6959633721016579,High,45.65,31.770727936440682,1797,Offer contract upgrade,,,,,,
1899-VXWXM,0.2993971665865989,Low,106.1,31.76603937483814,1798,Review pricing or offer,,,,,,
1391-UBDAR,0.4356938572745165,Medium,72.9,31.762082195312253,1799,Offer contract upgrade,,,,,,
3567-PQTSO,0.3015967709238412,Medium,105.25,31.743060139734286,1800,Review pricing or offer,,,,,,
2105-PHWON,0.3339961678196084,Medium,95.0,31.729635942862796,1801,Offer contract upgrade + pricing review,,,,,,
1928-BXYIV,0.5188148971640989,Medium,61.15,31.725530961584646,1802,Offer contract upgrade,,,,,,
4678-DVQEO,0.607718412656969,High,52.2,31.722901140693786,1803,Offer contract upgrade,,,,,,
4619-EVPHY,0.3485310181040989,Medium,91.0,31.716322647473003,1804,Review pricing or offer,,,,,,
5609-IMCGG,0.3756597303873369,Medium,84.35,31.686898258171865,1805,Offer contract upgrade,,,,,,
4811-JBUVU,0.352459182326061,Medium,89.9,31.686080491112886,1806,Offer contract upgrade,,,,,,
1855-AGAWH,0.33775884075841167,Medium,93.8,31.681779263139013,1807,Review pricing or offer,,,,,,
6067-NGCEU,0.28526989540628855,Low,111.05,31.679221884868344,1808,Offer contract upgrade + pricing review,,,,,,
5712-AHQNN,0.3456382216007686,Medium,91.65,31.677743009710447,1809,Offer contract upgrade + pricing review,,,,,,
4488-KQFDT,0.3043679510719302,Medium,103.95,31.639048513927147,1810,Review pricing or offer,,,,,,
7129-CAKJW,0.3948483270380239,Medium,80.05,31.607608579393812,1811,Offer contract upgrade,,,,,,
8630-FJLIB,0.4527770186037234,Medium,69.8,31.60383589853989,1812,Offer contract upgrade,,,,,,
1656-DRSMG,0.2876140001661581,Low,109.85,31.59439791825247,1813,Offer contract upgrade + pricing review,,,,,,
0380-NEAVX,0.31640027015287864,Medium,99.85,31.59256697476493,1814,Review pricing or offer,,,,,,
2135-RXIHG,0.6914846168516114,High,45.65,31.56627275927606,1815,Offer contract upgrade,,,,,,
5175-WLYXL,0.40028064560245374,Medium,78.85,31.562128905753475,1816,Offer contract upgrade,,,,,,
8020-BWHYL,0.4189425018328043,Medium,75.3,31.54637038801016,1817,Offer contract upgrade,,,,,,
4503-BDXBD,0.42086520927940047,Medium,74.95,31.543847435491067,1818,Offer contract upgrade,,,,,,
2082-CEFLT,0.6914846168516114,High,45.6,31.531698528433484,1819,Offer contract upgrade,,,,,,
5077-DXTCG,0.6958073609518838,High,45.3,31.520073451120332,1820,Offer contract upgrade,,,,,,
5022-JNQEQ,0.41545117943708154,Medium,75.85,31.51197196030263,1821,Offer contract upgrade,,,,,,
7547-EKNFS,0.33062580740579134,Medium,95.25,31.492108155401624,1822,Offer contract upgrade + pricing review,,,,,,
2501-XWWTZ,0.44764377240421427,Medium,70.2,31.424592822775843,1823,Offer contract upgrade,,,,,,
4291-SHSBH,0.4515630458182277,Medium,69.55,31.406209836657734,1824,Offer contract upgrade,,,,,,
1685-BQULA,0.33625296469978855,Medium,93.4,31.406026902960253,1825,Offer contract upgrade + pricing review,,,,,,
2041-JIJCI,0.4905780535064596,Medium,64.0,31.396995424413415,1826,Offer contract upgrade,,,,,,
2853-CWQFQ,0.5271950696342055,Medium,59.55,31.394466396716936,1827,Offer contract upgrade,,,,,,
3481-JHUZH,0.3911301003310012,Medium,80.25,31.388190551562847,1828,Offer contract upgrade,,,,,,
5813-UECBU,0.37430405012874113,Medium,83.85,31.38539460329494,1829,Offer contract upgrade,,,,,,
0237-YFUTL,0.28613372881111226,Low,109.65,31.37456336413846,1830,Offer contract upgrade + pricing review,,,,,,
9752-ZNQUT,0.6454199061357124,High,48.6,31.367407438195624,1831,Offer contract upgrade,,,,,,
3207-OYBWH,0.32930986814925567,Medium,95.25,31.3667649412166,1832,Offer contract upgrade + pricing review,,,,,,
6745-JEFZB,0.34234686803564646,Medium,91.5,31.32473842526165,1833,Offer contract upgrade + pricing review,,,,,,
2911-WDXMV,0.38882994840708657,Medium,80.55,31.320252344190823,1834,Offer contract upgrade,,,,,,
2722-JMONI,0.6318511021233194,High,49.55,31.308222110210476,1835,Offer contract upgrade,,,,,,
4828-FAZPK,0.3914547337430036,Medium,79.95,31.29680596275314,1836,Offer contract upgrade,,,,,,
5067-XJQFU,0.28817879924165163,Low,108.45,31.25299077775712,1837,Review pricing or offer,,,,,,
6599-SFQVE,0.5681578229672049,Medium,55.0,31.248680263196267,1838,Offer contract upgrade,,,,,,
4983-CLMLV,0.3040697740920973,Medium,102.7,31.227965799258392,1839,Offer contract upgrade + pricing review,,,,,,
1481-ZUWZA,0.33034825402764656,Medium,94.5,31.217910005612598,1840,Offer contract upgrade + pricing review,,,,,,
3208-YPIOE,0.41470394902673263,Medium,75.25,31.20647216426163,1841,Offer contract upgrade,,,,,,
2000-MPKCA,0.2892230185256571,Low,107.75,31.163780246139556,1842,Review pricing or offer,,,,,,
2386-OWURY,0.3263051380513098,Medium,95.3,31.096879656289822,1843,Offer contract upgrade + pricing review,,,,,,
3898-GUYTS,0.32022404041262753,Medium,97.05,31.0777431220455,1844,Offer contract upgrade + pricing review,,,,,,
7410-YTJIK,0.41170097231597236,Medium,75.45,31.062838361240114,1845,Offer contract upgrade,,,,,,
2495-INZWQ,0.6968895881101009,High,44.55,31.046431150304993,1846,Offer contract upgrade,,,,,,
8356-WUAOJ,0.6894290664820494,High,45.0,31.024307991692222,1847,Offer contract upgrade,,,,,,
7251-LJBQN,0.2988132053810361,Low,103.75,31.001870058282496,1848,Review pricing or offer,,,,,,
7486-KSRVI,0.30921699481410037,Medium,100.0,30.921699481410037,1849,Review pricing or offer,,,,,,
6689-VRRTK,0.2815365157313772,Low,109.8,30.91270942730522,1850,Review pricing or offer,,,,,,
3685-YLCMQ,0.29510174984010823,Low,104.65,30.882398120767327,1851,Review pricing or offer,,,,,,
9495-SKLKD,0.3214339382612065,Medium,95.95,30.841586376162763,1852,Offer contract upgrade + pricing review,,,,,,
2476-YGEFM,0.40575949255634486,Medium,76.0,30.83772143428221,1853,Offer contract upgrade,,,,,,
9800-ONTFE,0.40677877702905696,Medium,75.8,30.833831298802515,1854,Offer contract upgrade,,,,,,
9637-EIHEQ,0.6069091181495369,High,50.8,30.83098320199647,1855,Offer contract upgrade,,,,,,
2325-WINES,0.29616229373268194,Low,104.05,30.815686662885554,1856,Review pricing or offer,,,,,,
8903-XEBGX,0.5571875949196254,Medium,55.3,30.812473999055285,1857,Offer contract upgrade,,,,,,
6080-TCMYC,0.37945034160473584,Medium,81.2,30.81136773830455,1858,Offer contract upgrade,,,,,,
3199-NPKCN,0.276927840630181,Low,111.25,30.808222270107635,1859,Review pricing or offer,,,,,,
2988-GBIVW,0.3389238856306429,Medium,90.85,30.791235009543907,1860,Offer contract upgrade + pricing review,,,,,,
9518-XXBXE,0.40882669616087497,Medium,75.3,30.784650220913885,1861,Offer contract upgrade,,,,,,
4749-VFKVB,0.6144104165633676,High,50.1,30.781961869824716,1862,Offer contract upgrade,,,,,,
2969-QWUBZ,0.5987176094886546,Medium,51.4,30.774085127716845,1863,Offer contract upgrade,,,,,,
9389-ACWBI,0.43983030035317,Medium,69.95,30.766129509704243,1864,Offer contract upgrade,,,,,,
6680-NENYN,0.2939987067635095,Low,104.6,30.75226472746309,1865,Review pricing or offer,,,,,,
6185-TASNN,0.664133785775465,High,46.3,30.749394281404026,1866,Offer contract upgrade,,,,,,
7126-RBHSD,0.38947215107575367,Medium,78.9,30.729352719876967,1867,Offer contract upgrade,,,,,,
7627-JKIAZ,0.3891618810965524,Medium,78.95,30.724330512572816,1868,Offer contract upgrade,,,,,,
1976-CFOCS,0.6667985158491598,High,46.0,30.672731729061354,1869,Offer contract upgrade,,,,,,
8705-WZCYL,0.6842793936119599,High,44.8,30.655716833815802,1870,Offer contract upgrade,,,,,,
4373-VVHQL,0.6842793936119599,High,44.75,30.621502864135206,1871,Offer contract upgrade,,,,,,
0410-IPFTY,0.3651306789183209,Medium,83.85,30.616207427301205,1872,Offer contract upgrade,,,,,,
4391-LNRXK,0.3224361945210451,Medium,94.95,30.615316669773232,1873,Offer contract upgrade + pricing review,,,,,,
8160-HOWOX,0.45796638232691333,Medium,66.85,30.615052658554156,1874,Offer contract upgrade,,,,,,
9540-JYROE,0.43665321826793313,Medium,70.1,30.60939060058211,1875,Offer contract upgrade,,,,,,
5302-BDJNT,0.32041751317124434,Medium,95.5,30.599872507853835,1876,Offer contract upgrade + pricing review,,,,,,
6807-SIWJI,0.29162766070521606,Low,104.85,30.577160224941903,1877,Review pricing or offer,,,,,,
3334-CTHOL,0.6120998065585077,High,49.95,30.574385337597462,1878,Offer contract upgrade,,,,,,
1399-UBQIU,0.4406423740506089,Medium,69.35,30.558548640409725,1879,Offer contract upgrade,,,,,,
9796-BPKIW,0.43679478832171065,Medium,69.95,30.55379544310366,1880,Offer contract upgrade,,,,,,
4657-FWVFY,0.3168430651873543,Medium,96.35,30.527829330801584,1881,Offer contract upgrade + pricing review,,,,,,
6022-UGGSO,0.41025703966285015,Medium,74.4,30.523123750916053,1882,Offer contract upgrade,,,,,,
6959-UWKHF,0.7114895195879126,High,42.9,30.52290039032145,1883,Offer contract upgrade,,,,,,
3317-HRTNN,0.6676248571262035,High,45.7,30.5104559706675,1884,Offer contract upgrade,,,,,,
9620-ENEJV,0.43243556923443793,Medium,70.55,30.508329409489594,1885,Offer contract upgrade,,,,,,
9506-UXUSK,0.43489177426787473,Medium,70.15,30.507657964891415,1886,Offer contract upgrade,,,,,,
9526-JAWYF,0.33955590490843224,Medium,89.8,30.492120260777213,1887,Offer contract upgrade,,,,,,
2659-VXMWZ,0.27384014852696936,Low,111.3,30.478408531051688,1888,Review pricing or offer,,,,,,
4567-AKPIA,0.27934374770898907,Low,109.1,30.476402875050706,1889,Review pricing or offer,,,,,,
2373-NTKOD,0.45984636641269694,Medium,66.25,30.464821774841173,1890,Offer contract upgrade,,,,,,
7410-OIEDU,0.38147724277204853,Medium,79.85,30.460957835348072,1891,Offer contract upgrade,,,,,,
0577-WHMEV,0.3357801061766136,Medium,90.7,30.455255630218854,1892,Offer contract upgrade + pricing review,,,,,,
0943-ZQPXH,0.3275120776823901,Medium,92.95,30.44224762057816,1893,Offer contract upgrade + pricing review,,,,,,
4855-SNKMY,0.6891440619731976,High,44.1,30.39125313301801,1894,Offer contract upgrade,,,,,,
6557-BZXLQ,0.4363311932652608,Medium,69.65,30.39046761092542,1895,Offer contract upgrade,,,,,,
4480-MBMLB,0.28993334946627264,Low,104.8,30.38501502406537,1896,Review pricing or offer,,,,,,
5897-ZYEKH,0.28767422785395896,Low,105.6,30.378398461378065,1897,Review pricing or offer,,,,,,
9777-WJJPR,0.3425235897407961,Medium,88.65,30.364716230521577,1898,Offer contract upgrade,,,,,,
6652-YFFJO,0.467752772071404,Medium,64.9,30.357154907434122,1899,Offer contract upgrade,,,,,,
9824-BEMCV,0.4397103006887631,Medium,69.0,30.340010747524655,1900,Offer contract upgrade,,,,,,
8761-NSOBC,0.30158180447282895,Medium,100.55,30.32405043974295,1901,Offer contract upgrade + pricing review,,,,,,
4868-AADLV,0.2608106976001759,Low,116.25,30.319243596020446,1902,Review pricing or offer,,,,,,
0829-XXPLX,0.3391146734679711,Medium,89.4,30.316851808036617,1903,Offer contract upgrade,,,,,,
8840-DQLGN,0.3016171823111293,Medium,100.5,30.31252682226849,1904,Offer contract upgrade + pricing review,,,,,,
1074-AMIOH,0.2797769710382544,Low,108.25,30.285857114891037,1905,Offer contract upgrade + pricing review,,,,,,
2037-XJFUP,0.3161079643723864,Medium,95.8,30.28314298687462,1906,Review pricing or offer,,,,,,
8280-MQRQN,0.6000768767362997,High,50.45,30.273878431346322,1907,Offer contract upgrade,,,,,,
2103-ZRXFN,0.5958655821546136,Medium,50.75,30.24017829434664,1908,Offer contract upgrade,,,,,,
1061-PNTHC,0.2758358832883305,Low,109.6,30.231612808401017,1909,Offer contract upgrade + pricing review,,,,,,
9283-LZQOH,0.4062264385549536,Medium,74.4,30.22324702848855,1910,Offer contract upgrade,,,,,,
6987-XQSJT,0.38004152899689364,Medium,79.5,30.213301555253043,1911,Offer contract upgrade,,,,,,
3058-HJCUY,0.294137353390997,Low,102.6,30.178492457916292,1912,Review pricing or offer,,,,,,
0531-ZZJWQ,0.4077572443255349,Medium,74.0,30.174036080089582,1913,Offer contract upgrade,,,,,,
5600-KTXFM,0.43121186453208776,Medium,69.95,30.16326992401954,1914,Offer contract upgrade,,,,,,
1636-NTNCO,0.5916433815495258,Medium,50.95,30.14423028994834,1915,Offer contract upgrade,,,,,,
9828-AOQLM,0.6583225656993068,High,45.7,30.085341252458324,1916,Offer contract upgrade,,,,,,
6127-IYJOZ,0.6559825580063526,High,45.85,30.07680028459127,1917,Offer contract upgrade,,,,,,
7978-DKUQH,0.4028531113254992,Medium,74.6,30.05284210488224,1918,Offer contract upgrade,,,,,,
4088-YLDSU,0.2884357249824423,Low,104.15,30.04058075692137,1919,Review pricing or offer,,,,,,
5419-JKZNQ,0.38526744005331837,Medium,77.9,30.012333580153502,1920,Offer contract upgrade,,,,,,
2683-BPJSO,0.35523076626601247,Medium,84.45,29.999238211164755,1921,Offer contract upgrade,,,,,,
4662-EKDPQ,0.4831576805076733,Medium,62.05,29.979934075501127,1922,Offer contract upgrade,,,,,,
2408-TZMJL,0.27193293629086146,Low,110.15,29.95341293243839,1923,Review pricing or offer,,,,,,
5301-GAUUY,0.37275579154545124,Medium,80.35,29.950927850677004,1924,Offer contract upgrade,,,,,,
8988-ECPJR,0.3761334363109321,Medium,79.6,29.940221530350193,1925,Offer contract upgrade,,,,,,
3658-KIBGF,0.5444424625755567,Medium,54.9,29.889891195398064,1926,Offer contract upgrade,,,,,,
7503-QQRVF,0.4022261876871643,Medium,74.3,29.885405745156305,1927,Offer contract upgrade,,,,,,
5044-LRQAQ,0.4318671352477152,Medium,69.2,29.885205759141893,1928,Offer contract upgrade,,,,,,
3776-EKTKM,0.8171982719393807,High,36.45,29.786877012190427,1929,Offer contract upgrade,,,,,,
0867-MKZVY,0.3614078643059332,Medium,82.4,29.780008018808896,1930,Offer contract upgrade,,,,,,
0475-RIJEP,0.3824442839155504,Medium,77.85,29.773287502825596,1931,Offer contract upgrade,,,,,,
3584-WKTTW,0.26678543387576503,Low,111.55,29.75991514884159,1932,Review pricing or offer,,,,,,
2806-MLNTI,0.2829865723271522,Low,105.1,29.741888751583694,1933,Review pricing or offer,,,,,,
1230-QAJDW,0.45566006929180886,Medium,65.25,29.73181952129053,1934,Offer contract upgrade,,,,,,
0533-BNWKF,0.3479363570306956,Medium,85.45,29.73116170827294,1935,Offer contract upgrade,,,,,,
3976-BWUCK,0.31559612697299577,Medium,94.1,29.6975955481589,1936,Offer contract upgrade + pricing review,,,,,,
0486-HECZI,0.30623211441896886,Medium,96.75,29.627957070035237,1937,Offer contract upgrade + pricing review,,,,,,
2133-TSRRM,0.2811967793271728,Low,105.35,29.624080702117652,1938,Offer contract upgrade + pricing review,,,,,,
3943-KDREE,0.3950940438990357,Medium,74.95,29.612298590232726,1939,Offer contract upgrade,,,,,,
1228-FZFRV,0.2794339212700352,Low,105.95,29.60602395856023,1940,Offer contract upgrade + pricing review,,,,,,
6815-ABQFQ,0.27599338421599096,Low,107.25,29.60029045716503,1941,Review pricing or offer,,,,,,
3716-UVSPD,0.599990776325367,Medium,49.3,29.57954527284059,1942,Offer contract upgrade,,,,,,
4706-DGAHW,0.6539551273322436,High,45.2,29.55877175541741,1943,Offer contract upgrade,,,,,,
7562-UXTPG,0.42132312299922975,Medium,70.15,29.555817078395968,1944,Offer contract upgrade,,,,,,
8033-VCZGH,0.28401388259725024,Low,103.95,29.523243095984164,1945,Review pricing or offer,,,,,,
0958-YHXGP,0.4219034718420675,Medium,69.9,29.49105268176052,1946,Offer contract upgrade,,,,,,
9514-JDSKI,0.7335003664076346,High,40.2,29.486714729586915,1947,Offer contract upgrade,,,,,,
8178-EYZUO,0.3145832720618924,Medium,93.7,29.47645259219932,1948,Offer contract upgrade + pricing review,,,,,,
6908-VVYHM,0.3250875211891442,Medium,90.65,29.469183795795924,1949,Offer contract upgrade + pricing review,,,,,,
2640-PMGFL,0.3705598112844634,Medium,79.5,29.45950499711484,1950,Offer contract upgrade,,,,,,
8080-DDEMJ,0.6525135041479593,High,45.1,29.428359037072966,1951,Offer contract upgrade,,,,,,
7442-YGZFK,0.5909020933385783,Medium,49.8,29.4269242482612,1952,Offer contract upgrade,,,,,,
4818-DRBQT,0.36697229943392584,Medium,80.15,29.412829799629158,1953,Offer contract upgrade,,,,,,
1541-ETJZO,0.47393663849740486,Medium,62.05,29.407768418763972,1954,Offer contract upgrade,,,,,,
7277-OZCGZ,0.33021337872510637,Medium,89.05,29.40550137547072,1955,Offer contract upgrade,,,,,,
3415-TAILE,0.4474781606408783,Medium,65.7,29.399315154105707,1956,Offer contract upgrade,,,,,,
0578-SKVMF,0.352647372603855,Medium,83.3,29.37552613790112,1957,Offer contract upgrade,,,,,,
3969-GYXEL,0.38444614047089515,Medium,76.4,29.371685131976392,1958,Offer contract upgrade,,,,,,
6199-IWKGC,0.29293401302733707,Low,100.25,29.36663480599054,1959,Review pricing or offer,,,,,,
5356-CSVSQ,0.45455362877126115,Medium,64.6,29.364164418623467,1960,Offer contract upgrade,,,,,,
7030-NJVDP,0.3285492514113997,Medium,89.25,29.32302068846742,1961,Offer contract upgrade,,,,,,
9239-ZBZZV,0.6114515364992472,High,47.95,29.319101175138904,1962,Offer contract upgrade,,,,,,
2522-AHJXR,0.2678045581926326,Low,109.45,29.31120889418364,1963,Offer contract upgrade + pricing review,,,,,,
3192-LNKRK,0.3486206311790463,Medium,84.05,29.30156405059884,1964,Offer contract upgrade,,,,,,
1784-EZDKJ,0.2740876921727879,Low,106.8,29.272565524053746,1965,Review pricing or offer,,,,,,
9776-OJUZI,0.3065069337736305,Medium,95.45,29.25608682869303,1966,Offer contract upgrade + pricing review,,,,,,
2523-EWWZL,0.3843725630024173,Medium,76.1,29.250752044483953,1967,Offer contract upgrade,,,,,,
0585-EGDDA,0.36559254453896745,Medium,80.0,29.247403563117395,1968,Offer contract upgrade,,,,,,
5018-GWURO,0.34119820092382896,Medium,85.6,29.206565999079757,1969,Offer contract upgrade,,,,,,
2842-BCQGE,0.38730087992837353,Medium,75.35,29.18312130260294,1970,Offer contract upgrade,,,,,,
9572-MTILT,0.2729020724476566,Low,106.75,29.13229623378734,1971,Offer contract upgrade + pricing review,,,,,,
9029-FEGVJ,0.36728108419379946,Medium,79.3,29.125389976568297,1972,Offer contract upgrade,,,,,,
7587-AOVVU,0.2888466846650103,Low,100.75,29.101303479999785,1973,Offer contract upgrade + pricing review,,,,,,
3669-LVWZB,0.5695466340815778,Medium,51.0,29.046878338160468,1974,Offer contract upgrade,,,,,,
4393-RYCRE,0.2738812891118306,Low,106.05,29.045110710309633,1975,Review pricing or offer,,,,,,
0929-PECLO,0.3237434374990873,Medium,89.6,29.00741199991822,1976,Offer contract upgrade,,,,,,
9552-TGUZV,0.3858710342646255,Medium,75.0,28.94032756984691,1977,Offer contract upgrade,,,,,,
2869-ADAWR,0.32395727803402674,Medium,89.3,28.929384928438587,1978,Offer contract upgrade,,,,,,
1357-BIJKI,0.29419783999250526,Low,98.25,28.90493777926364,1979,Review pricing or offer,,,,,,
2674-MLXMN,0.2897732439101924,Low,99.65,28.875903755650672,1980,Offer contract upgrade + pricing review,,,,,,
7615-ESMYF,0.6473495830982182,High,44.6,28.871791406180535,1981,Offer contract upgrade,,,,,,
6217-TOWGS,0.3828515853102235,Medium,75.4,28.867009532390856,1982,Offer contract upgrade,,,,,,
6416-YJTTB,0.36307852777037447,Medium,79.5,28.86474295774477,1983,Offer contract upgrade,,,,,,
7020-OZKXZ,0.38212169467974194,Medium,75.5,28.850187948320517,1984,Offer contract upgrade,,,,,,
4250-ZBWLV,0.2660125017749639,Low,108.45,28.849055817494833,1985,Review pricing or offer,,,,,,
7273-TEFQD,0.7010651496551762,High,41.15,28.8488309083105,1986,Offer contract upgrade,,,,,,
8313-KTIHG,0.4702034184933546,Medium,61.3,28.823469553642635,1987,Offer contract upgrade,,,,,,
4636-JGAAI,0.32426732662877666,Medium,88.85,28.811151970966804,1988,Offer contract upgrade,,,,,,
0471-ARVMX,0.2744062693079153,Low,104.85,28.771497336934917,1989,Review pricing or offer,,,,,,
4361-JEIVL,0.6470807869892929,High,44.4,28.730386942324607,1990,Offer contract upgrade,,,,,,
3137-LUPIX,0.4460574057926408,Medium,64.4,28.72609693304607,1991,Offer contract upgrade,,,,,,
2884-GBPFB,0.40856279244001803,Medium,70.3,28.721964308533266,1992,Offer contract upgrade,,,,,,
1930-WNXSB,0.30892173304666004,Medium,92.85,28.683382913382385,1993,Offer contract upgrade + pricing review,,,,,,
0118-JPNOY,0.3339505386106508,Medium,85.8,28.65295621279384,1994,Offer contract upgrade,,,,,,
7284-BUYEC,0.5621137550105559,Medium,50.95,28.63969581778783,1995,Offer contract upgrade,,,,,,
3023-GFLBR,0.3322598910807654,Medium,86.15,28.624189616607943,1996,Offer contract upgrade,,,,,,
3995-WFCSM,0.4701091715169495,Medium,60.85,28.606143086806377,1997,Offer contract upgrade,,,,,,
6689-KXGBO,0.5653955975756637,Medium,50.55,28.5807474574498,1998,Offer contract upgrade,,,,,,
1785-BPHTP,0.3342313786268214,Medium,85.45,28.56007130366189,1999,Offer contract upgrade,,,,,,
1689-MRZQR,0.3644637689966061,Medium,78.3,28.537513112434258,2000,Offer contract upgrade,,,,,,
4821-SJHJV,0.3182232774707401,Medium,89.6,28.51280566137831,2001,Offer contract upgrade,,,,,,
2207-NHRJK,0.56046158811484,Medium,50.8,28.471448676233873,2002,Offer contract upgrade,,,,,,
5174-ITUMV,0.27003348103643515,Low,105.4,28.461528901240268,2003,Review pricing or offer,,,,,,
8720-RQSBJ,0.6468105552381133,High,44.0,28.459664430476984,2004,Offer contract upgrade,,,,,,
3569-EDBPQ,0.33724452129869137,Medium,84.35,28.446575371544615,2005,Offer contract upgrade,,,,,,
6048-QBXKL,0.5028713931429789,Medium,56.55,28.437377282235456,2006,Offer contract upgrade,,,,,,
2929-QNSRW,0.28913741131253834,Low,98.25,28.40775066145689,2007,Review pricing or offer,,,,,,
2122-YWVYA,0.37665843181889663,Medium,75.4,28.40004575914481,2008,Offer contract upgrade,,,,,,
7825-GKXMW,0.6196774757051855,High,45.8,28.381228387297494,2009,Offer contract upgrade,,,,,,
2382-BCKQJ,0.2828814327112089,Low,100.15,28.330575486027573,2010,Review pricing or offer,,,,,,
0867-LDTTC,0.3769665542848633,Medium,75.15,28.32903655450748,2011,Offer contract upgrade,,,,,,
2985-JUUBZ,0.379931952304055,Medium,74.55,28.3239270442673,2012,Offer contract upgrade,,,,,,
5536-SLHPM,0.3642603956672401,Medium,77.75,28.32124576312792,2013,Offer contract upgrade,,,,,,
2636-OHFMN,0.5827435716144391,Medium,48.55,28.29220040188102,2014,Offer contract upgrade,,,,,,
3987-KQDDU,0.37398735536333233,Medium,75.6,28.27344406546792,2015,Offer contract upgrade,,,,,,
4237-RLAQD,0.6166455142649364,High,45.85,28.273196829047336,2016,Offer contract upgrade,,,,,,
2293-IJWPS,0.2805518793705961,Low,100.75,28.265601846587558,2017,Review pricing or offer,,,,,,
5378-IKEEG,0.7902258779268695,High,35.75,28.250575135885583,2018,Offer contract upgrade,,,,,,
5133-POWUA,0.6166455142649364,High,45.8,28.242364553334085,2019,Offer contract upgrade,,,,,,
5692-FPTAH,0.6214427978598159,High,45.4,28.213503022835642,2020,Offer contract upgrade,,,,,,
2275-RBYQS,0.6214427978598159,High,45.4,28.213503022835642,2021,Offer contract upgrade,,,,,,
8755-IWJHN,0.2958705263545657,Low,95.35,28.211254687907836,2022,Offer contract upgrade + pricing review,,,,,,
7550-WIQVA,0.2604406542757842,Low,108.25,28.192700825353644,2023,Review pricing or offer,,,,,,
9812-GHVRI,0.33612817244440674,Medium,83.85,28.184347259463504,2024,Offer contract upgrade,,,,,,
9117-SHLZX,0.6166455142649364,High,45.7,28.180700001907596,2025,Offer contract upgrade,,,,,,
0887-HJGAR,0.6166455142649364,High,45.7,28.180700001907596,2026,Offer contract upgrade,,,,,,
5213-TWWJU,0.30966822363081425,Medium,91.0,28.179808350404098,2027,Offer contract upgrade + pricing review,,,,,,
8064-RAVOH,0.5652754721439338,Medium,49.85,28.178982286375103,2028,Offer contract upgrade,,,,,,
1644-IRKSF,0.30034108853918273,Medium,93.8,28.17199410497534,2029,Review pricing or offer,,,,,,
7065-YUNRY,0.6214427978598159,High,45.3,28.15135874304966,2030,Offer contract upgrade,,,,,,
6818-WOBHJ,0.31395541567114243,Medium,89.6,28.13040524413436,2031,Offer contract upgrade,,,,,,
7359-PTSXY,0.6146970999386008,High,45.75,28.122392322190986,2032,Offer contract upgrade,,,,,,
0730-KOAVE,0.297977915666381,Low,94.3,28.099317447339725,2033,Offer contract upgrade + pricing review,,,,,,
4471-KXAUH,0.3332899719511253,Medium,84.3,28.096344635479863,2034,Offer contract upgrade,,,,,,
3566-HJGPK,0.6166455142649364,High,45.55,28.088203174767852,2035,Offer contract upgrade,,,,,,
3466-RITXD,0.30387187441553604,Medium,92.4,28.07776119599553,2036,Offer contract upgrade + pricing review,,,,,,
3677-TNKIO,0.39545365421069767,Medium,71.0,28.077209448959536,2037,Offer contract upgrade,,,,,,
9469-WEJBT,0.3107165150015119,Medium,90.35,28.073237130386595,2038,Offer contract upgrade + pricing review,,,,,,
7927-AUXBZ,0.329662240577603,Medium,85.15,28.070739785182898,2039,Offer contract upgrade,,,,,,
1698-XFZCI,0.260464039940936,Low,107.75,28.065000303635852,2040,Review pricing or offer,,,,,,
2673-CXQEU,0.2535322989813814,Low,110.5,28.015319037442644,2041,Review pricing or offer,,,,,,
0841-NULXI,0.7878966112121282,High,35.55,28.009724528591153,2042,Offer contract upgrade,,,,,,
1670-SVOWZ,0.31184636549365813,Medium,89.65,27.957026666506454,2043,Offer contract upgrade,,,,,,
7248-VZQLC,0.32793579521089133,Medium,85.2,27.94012975196794,2044,Offer contract upgrade,,,,,,
3091-FYHKI,0.7878966112121282,High,35.45,27.930934867469947,2045,Offer contract upgrade,,,,,,
6439-GTPCA,0.32004105368920377,Medium,87.25,27.92358193438303,2046,Offer contract upgrade,,,,,,
1612-EOHDH,0.6180024108159619,High,45.15,27.902808848340676,2047,Offer contract upgrade,,,,,,
1963-SVUCV,0.6145224852524471,High,45.3,27.837868581935854,2048,Offer contract upgrade,,,,,,
5552-ZNFSJ,0.6145224852524471,High,45.3,27.837868581935854,2049,Offer contract upgrade,,,,,,
4065-JJAVA,0.5621648621956401,Medium,49.5,27.827160678684184,2050,Offer contract upgrade,,,,,,
4143-HHPMK,0.32599083880743557,Medium,85.35,27.823318092214624,2051,Offer contract upgrade,,,,,,
2074-GUHPQ,0.2999286386495284,Low,92.7,27.803384802811284,2052,Offer contract upgrade + pricing review,,,,,,
9659-ZTWSM,0.2586172518284805,Low,107.35,27.76256198378738,2053,Review pricing or offer,,,,,,
3094-JOJAI,0.3740466951996888,Medium,74.15,27.73556244905693,2054,Offer contract upgrade,,,,,,
1228-ZLNBX,0.3682428119028528,Medium,75.3,27.728683736284815,2055,Offer contract upgrade,,,,,,
5696-QURRL,0.6149653929350946,High,45.05,27.70419095172601,2056,Offer contract upgrade,,,,,,
2172-EJXVF,0.2615868417700727,Low,105.9,27.7020465434507,2057,Review pricing or offer,,,,,,
2626-URJFX,0.5439799850911539,Medium,50.9,27.68858124113973,2058,Offer contract upgrade,,,,,,
4937-QPZPO,0.2771519380938884,Low,99.9,27.68747861557945,2059,Review pricing or offer,,,,,,
3926-CUQZX,0.6129908588415368,High,45.1,27.645887733753312,2060,Offer contract upgrade,,,,,,
8584-KMVXD,0.3656229088778611,Medium,75.6,27.641091911166296,2061,Offer contract upgrade,,,,,,
0326-VDYXE,0.2829449421686011,Low,97.65,27.6295736027639,2062,Review pricing or offer,,,,,,
4847-QNOKA,0.6143337695177371,High,44.9,27.583586251346397,2063,Offer contract upgrade,,,,,,
6825-UYPFK,0.3647514197468459,Medium,75.6,27.575207332861545,2064,Offer contract upgrade,,,,,,
9626-VFRGG,0.31126225230312865,Medium,88.5,27.546709328826886,2065,Offer contract upgrade,,,,,,
0375-HVGXO,0.7931685641948714,High,34.7,27.522949177562037,2066,Offer contract upgrade,,,,,,
7404-JLKQG,0.4782080540543265,Medium,57.55,27.520873510826487,2067,Offer contract upgrade,,,,,,
9734-UYXQI,0.5570964444129968,Medium,49.4,27.52056435400204,2068,Offer contract upgrade,,,,,,
1307-TVUFB,0.3467161066289005,Medium,79.35,27.511923061003255,2069,Offer contract upgrade,,,,,,
5419-KLXBN,0.3083622113241638,Medium,89.15,27.490491139549206,2070,Offer contract upgrade,,,,,,
8950-MTZNV,0.6113089066606109,High,44.95,27.47833535439446,2071,Offer contract upgrade,,,,,,
8710-YGLWG,0.6113089066606109,High,44.9,27.447769909061428,2072,Offer contract upgrade,,,,,,
1260-TTRXI,0.504188956775048,Medium,54.3,27.37746035288511,2073,Offer contract upgrade,,,,,,
4607-CHPCA,0.3028450879822111,Medium,90.4,27.377195953591887,2074,Review pricing or offer,,,,,,
4704-ERYFC,0.39532381653605414,Medium,69.25,27.37617429512175,2075,Offer contract upgrade,,,,,,
7855-DIWPO,0.3987250904412516,Medium,68.65,27.372477458791924,2076,Offer contract upgrade,,,,,,
7993-PYKOF,0.3648543201608067,Medium,75.0,27.364074012060502,2077,Offer contract upgrade,,,,,,
0959-WHOKV,0.27587758749589947,Low,99.0,27.311881162094046,2078,Review pricing or offer,,,,,,
6595-COKXZ,0.6140540861783315,High,44.45,27.294704130626837,2079,Offer contract upgrade,,,,,,
2960-NKRSO,0.3175602970957284,Medium,85.95,27.294307535377857,2080,Offer contract upgrade,,,,,,
3325-FUYCG,0.2571976427357077,Low,106.1,27.28866989425859,2081,Review pricing or offer,,,,,,
8149-AIQCG,0.3725717153619306,Medium,73.15,27.253620978725227,2082,Offer contract upgrade,,,,,,
0927-LCSMG,0.3648394526181355,Medium,74.65,27.235265137943816,2083,Offer contract upgrade,,,,,,
1956-YIFGE,0.27196685662197967,Low,100.05,27.210284005029067,2084,Review pricing or offer,,,,,,
4993-JCRGJ,0.3226308468643626,Medium,84.3,27.197780390665766,2085,Offer contract upgrade,,,,,,
7047-FWEYA,0.26362352959805213,Low,103.15,27.19276707803908,2086,Review pricing or offer,,,,,,
0060-FUALY,0.28695795956247144,Low,94.75,27.189266668544168,2087,Offer contract upgrade + pricing review,,,,,,
4238-HFHSN,0.33076092162073406,Medium,82.15,27.172009711143303,2088,Offer contract upgrade,,,,,,
6172-FECYY,0.32149570867688837,Medium,84.5,27.16638738319707,2089,Offer contract upgrade,,,,,,
7409-JURKQ,0.24283121490220988,Low,111.8,27.148529826067065,2090,Review pricing or offer,,,,,,
6646-JPPHA,0.344177370442629,Medium,78.85,27.138385659401298,2091,Offer contract upgrade,,,,,,
9003-CPATH,0.3390775180679692,Medium,79.9,27.09229369363074,2092,Offer contract upgrade,,,,,,
2240-HSJQD,0.33097891910213423,Medium,81.85,27.090624528509686,2093,Offer contract upgrade,,,,,,
3194-ORPIK,0.32095499337345457,Medium,84.4,27.088601440719568,2094,Offer contract upgrade,,,,,,
6402-EJMWF,0.489235736982945,Medium,55.3,27.054736255156858,2095,Offer contract upgrade,,,,,,
1518-VOWAV,0.36227397321357235,Medium,74.65,27.043752100393178,2096,Offer contract upgrade,,,,,,
9214-EKVXR,0.6140231555662249,High,44.0,27.017018844913895,2097,Offer contract upgrade,,,,,,
6234-PFPXL,0.2813816581806851,Low,95.9,26.984501019527706,2098,Offer contract upgrade + pricing review,,,,,,
0082-LDZUE,0.6090465301102327,High,44.3,26.980761283883307,2099,Offer contract upgrade,,,,,,
4724-WXVWF,0.28279615731145813,Low,95.4,26.978753407513107,2100,Offer contract upgrade + pricing review,,,,,,
3756-VNWDH,0.26776924857670553,Low,100.75,26.97775179410308,2101,Review pricing or offer,,,,,,
6876-ADESB,0.5510592944118828,Medium,48.95,26.974352461461667,2102,Offer contract upgrade,,,,,,
2378-HTWFW,0.2958534623757548,Low,91.0,26.922665076193688,2103,Offer contract upgrade + pricing review,,,,,,
4526-ZJJTM,0.30431130431644904,Medium,88.4,26.901119301574095,2104,Offer contract upgrade,,,,,,
1582-RAFML,0.4474680373201072,Medium,60.1,26.892829042938445,2105,Offer contract upgrade,,,,,,
3211-ILJTT,0.38199468386110635,Medium,70.4,26.89242574382189,2106,Offer contract upgrade,,,,,,
7663-RGWBC,0.6090465301102327,High,44.15,26.88940430436677,2107,Offer contract upgrade,,,,,,
2575-GFSOE,0.3894141769197206,Medium,69.0,26.86957820746072,2108,Offer contract upgrade,,,,,,
6723-WSNTY,0.24841350633493603,Low,108.1,26.853500034806583,2109,Review pricing or offer,,,,,,
1478-VPOAD,0.6120697977628066,High,43.8,26.808657142010926,2110,Offer contract upgrade,,,,,,
4248-HCETZ,0.3364923643207391,Medium,79.65,26.801616818146872,2111,Offer contract upgrade,,,,,,
1536-HBSWP,0.5370025757200378,Medium,49.9,26.79642852842989,2112,Offer contract upgrade,,,,,,
9732-KPKBW,0.4964207706685403,Medium,53.95,26.78190057756775,2113,Offer contract upgrade,,,,,,
9819-FBNSV,0.3702523501967859,Medium,72.25,26.75073230171778,2114,Offer contract upgrade,,,,,,
3961-SXAXY,0.6070610373644207,High,44.05,26.74103869590273,2115,Offer contract upgrade,,,,,,
1942-OQFRW,0.6070529712589311,High,44.0,26.71033073539297,2116,Offer contract upgrade,,,,,,
8623-TMRBY,0.3169712300194129,Medium,84.2,26.688977567634566,2117,Offer contract upgrade,,,,,,
7124-UGSUR,0.25558224867604873,Low,104.4,26.68278676177949,2118,Review pricing or offer,,,,,,
1135-HIORI,0.2390824989376493,Low,111.45,26.645744506601016,2119,Review pricing or offer,,,,,,
6425-YQLLO,0.2512891195613949,Low,105.95,26.62408221752979,2120,Review pricing or offer,,,,,,
3870-MQAMG,0.2412531604861536,Low,110.35,26.62228625964705,2121,Review pricing or offer,,,,,,
6650-VJONK,0.607029904971766,High,43.85,26.61826133301194,2122,Offer contract upgrade,,,,,,
0924-BJCRC,0.29751469606951353,Low,89.45,26.612689563417987,2123,Offer contract upgrade,,,,,,
1502-XFCVR,0.2498996187810276,Low,106.45,26.601814419240387,2124,Review pricing or offer,,,,,,
4816-JBHOV,0.5950648101850878,Medium,44.7,26.59939701527343,2125,Offer contract upgrade,,,,,,
0327-WFZSY,0.2657589330964998,Low,100.0,26.575893309649977,2126,Review pricing or offer,,,,,,
7826-VVKWT,0.2752139392893596,Low,96.55,26.571905838387668,2127,Review pricing or offer,,,,,,
1406-PUQVY,0.5319909897350025,Medium,49.9,26.546350387776624,2128,Offer contract upgrade,,,,,,
4188-FRABG,0.25751571664548495,Low,103.05,26.53699460031722,2129,Offer contract upgrade + pricing review,,,,,,
8180-AKMJV,0.5954031880184844,Medium,44.55,26.525212026223475,2130,Offer contract upgrade,,,,,,
0064-YIJGF,0.3497641619687112,Medium,75.75,26.494635269129873,2131,Offer contract upgrade,,,,,,
0639-TSIQW,0.2573285527617456,Low,102.95,26.49197450682171,2132,Offer contract upgrade + pricing review,,,,,,
0224-RLWWD,0.5979304244344634,Medium,44.3,26.488317802446726,2133,Offer contract upgrade,,,,,,
4612-THJBS,0.252670421584483,Low,104.75,26.467226660974593,2134,Review pricing or offer,,,,,,
8364-TRMMK,0.522068862055144,Medium,50.65,26.442787863093045,2135,Offer contract upgrade,,,,,,
4097-YODCF,0.25407646244497256,Low,103.8,26.373136801788153,2136,Review pricing or offer,,,,,,
5047-LHVLY,0.5258776298552084,Medium,50.15,26.3727631372387,2137,Offer contract upgrade,,,,,,
3165-HDOEW,0.5751789722687506,Medium,45.85,26.371955878522215,2138,Offer contract upgrade,,,,,,
4660-IRIBM,0.30001692907853295,Medium,87.9,26.371488066003046,2139,Offer contract upgrade,,,,,,
2101-RANCD,0.36031506438878913,Medium,73.1,26.339031206820483,2140,Offer contract upgrade,,,,,,
8648-PFRMP,0.5675117316405828,Medium,46.35,26.304168761541014,2141,Offer contract upgrade,,,,,,
3143-ILDAL,0.2782305407163817,Low,94.45,26.278874570662254,2142,Offer contract upgrade + pricing review,,,,,,
3754-DXMRT,0.5949253674775854,Medium,44.15,26.265954974135393,2143,Offer contract upgrade,,,,,,
2585-KTFRE,0.3727291027293926,Medium,70.45,26.25876528728571,2144,Offer contract upgrade,,,,,,
9909-IDLEK,0.270976027475479,Low,96.8,26.230479459626366,2145,Offer contract upgrade + pricing review,,,,,,
3865-QBWSJ,0.32540686129181556,Medium,80.45,26.178981990926562,2146,Offer contract upgrade,,,,,,
4465-VDKIQ,0.3357930135617396,Medium,77.8,26.124696455103336,2147,Offer contract upgrade,,,,,,
4193-ORFCL,0.5791903784708451,Medium,45.1,26.121486069035114,2148,Offer contract upgrade,,,,,,
5605-IYGFG,0.37391265174609223,Medium,69.85,26.11779872446454,2149,Offer contract upgrade,,,,,,
9112-WSNPU,0.3701458889318785,Medium,70.55,26.113792464144026,2150,Offer contract upgrade,,,,,,
7851-FLGGQ,0.584498142368271,Medium,44.65,26.0978420567433,2151,Offer contract upgrade,,,,,,
7318-EIVKO,0.440190582082717,Medium,59.25,26.08129198840098,2152,Offer contract upgrade,,,,,,
4350-ZTLPI,0.2393865889835118,Low,108.95,26.08116886975361,2153,Review pricing or offer,,,,,,
3763-GCZHZ,0.2505115820977976,Low,104.05,26.06573011727584,2154,Review pricing or offer,,,,,,
1660-HSOOQ,0.5248980780210437,Medium,49.65,26.06118957374482,2155,Offer contract upgrade,,,,,,
2432-TFSMK,0.29082068705665687,Low,89.6,26.057533560276454,2156,Offer technical support,,,,,,
7517-SAWMO,0.3559689449891988,Medium,73.2,26.05692677320935,2157,Offer contract upgrade,,,,,,
6946-LMSQS,0.29255248774372544,Low,89.05,26.05179903357875,2158,Offer technical support,,,,,,
9921-EZKBY,0.27329866226222943,Low,95.3,26.045362513590465,2159,Offer contract upgrade + pricing review,,,,,,
9365-SRSZE,0.3690259718380448,Medium,70.55,26.03478231317406,2160,Offer contract upgrade,,,,,,
3946-MHCZW,0.5114385595019495,Medium,50.9,26.03222267864923,2161,Offer contract upgrade,,,,,,
1658-XUHBX,0.29326813299980814,Low,88.75,26.02754680373297,2162,Offer contract upgrade,,,,,,
7854-FOKSF,0.7249093308542688,High,35.9,26.02424497766825,2163,Offer contract upgrade,,,,,,
9544-PYPSJ,0.2705786410210268,Low,96.1,26.002607402120674,2164,Offer contract upgrade + pricing review,,,,,,
5141-ZUVBH,0.2794166452157907,Low,93.0,25.985748005068533,2165,Offer contract upgrade + pricing review,,,,,,
6896-SRVYQ,0.3517759598954174,Medium,73.85,25.97865463827657,2166,Offer contract upgrade,,,,,,
7694-VLBWQ,0.2494020829830761,Low,104.1,25.96275683853822,2167,Review pricing or offer,,,,,,
3413-BMNZE,0.5735632671358812,Medium,45.25,25.953737837898625,2168,Offer contract upgrade,,,,,,
4476-OSWTN,0.23451700469016762,Low,110.55,25.92585486849803,2169,Review pricing or offer,,,,,,
3413-DHLPB,0.24960962148428292,Low,103.75,25.896998228994352,2170,Offer contract upgrade + pricing review,,,,,,
1251-KRREG,0.475866064846147,Medium,54.4,25.8871139276304,2171,Offer contract upgrade,,,,,,
0178-SZBHO,0.296835498207131,Low,87.2,25.884055443661826,2172,Offer contract upgrade,,,,,,
7794-JASDG,0.5097325070053979,Medium,50.75,25.86892473052394,2173,Offer contract upgrade,,,,,,
5481-NTDOH,0.2415338196504012,Low,107.05,25.856195393575447,2174,Review pricing or offer,,,,,,
6888-SBYAI,0.5097325070053979,Medium,50.7,25.84343810517367,2175,Offer contract upgrade,,,,,,
4462-CYWMH,0.287750170376808,Low,89.8,25.839965299837356,2176,Offer contract upgrade,,,,,,
4832-VRBMR,0.25050285998092375,Low,103.15,25.839370007032286,2177,Review pricing or offer,,,,,,
8985-OOPOS,0.3485945878851646,Medium,74.1,25.830858962290698,2178,Offer security package,,,,,,
6519-CFDBX,0.5687399481567135,Medium,45.4,25.82079364631479,2179,Offer contract upgrade,,,,,,
8749-JMNKX,0.2752639192135244,Low,93.8,25.819755622228588,2180,Offer contract upgrade + pricing review,,,,,,
7339-POGZN,0.5091046984242638,Medium,50.7,25.811608210110172,2181,Offer contract upgrade,,,,,,
3814-MLAXC,0.3231238511433909,Medium,79.85,25.801439513799764,2182,Offer contract upgrade,,,,,,
5734-EJKXG,0.21736456988437505,Low,118.6,25.77943798828688,2183,Review pricing or offer,,,,,,
3009-JWMPU,0.2661150494780933,Low,96.75,25.746631037005525,2184,Review pricing or offer,,,,,,
4753-PADAS,0.2432958147730849,Low,105.7,25.716367621515076,2185,Review pricing or offer,,,,,,
9169-BSVIN,0.3440168327869462,Medium,74.75,25.71525825082423,2186,Offer contract upgrade,,,,,,
7129-ACFOG,0.4773432450785794,Medium,53.8,25.68106658522757,2187,Offer contract upgrade,,,,,,
1740-CSDJP,0.728441483649043,High,35.25,25.677562298628768,2188,Offer contract upgrade,,,,,,
7964-VEXDG,0.31953775643697313,Medium,80.35,25.674858729710788,2189,Offer contract upgrade,,,,,,
8601-QACRS,0.5061083577868518,Medium,50.6,25.609082904014702,2190,Offer contract upgrade,,,,,,
3841-CONLJ,0.7310045804661375,High,35.0,25.585160316314813,2191,Offer contract upgrade,,,,,,
6078-VESFR,0.36291180547562196,Medium,70.45,25.56713669575757,2192,Offer contract upgrade,,,,,,
0080-OROZO,0.25752022911946276,Low,99.25,25.55888274010668,2193,Review pricing or offer,,,,,,
9154-QDGTH,0.24498781713617973,Low,104.3,25.552229327303547,2194,Review pricing or offer,,,,,,
5433-KYGHE,0.2966650618743744,Low,86.0,25.5131953211962,2195,Offer contract upgrade,,,,,,
9821-BESNZ,0.24419603155075648,Low,104.25,25.457436289166363,2196,Review pricing or offer,,,,,,
4931-TRZWN,0.35339224731807817,Medium,71.95,25.426572194535726,2197,Offer contract upgrade,,,,,,
9776-CLUJA,0.3271786439820431,Medium,77.5,25.356344908608342,2198,Offer contract upgrade,,,,,,
6874-SGLHU,0.2612961217365937,Low,97.0,25.34572380844959,2199,Review pricing or offer,,,,,,
0512-FLFDW,0.2521660253910551,Low,100.5,25.342685551801036,2200,Review pricing or offer,,,,,,
2455-USLMV,0.29884659832275173,Low,84.75,25.32724920785321,2201,Offer contract upgrade,,,,,,
7240-ETPTR,0.5194322652320629,Medium,48.75,25.322322930063066,2202,Offer contract upgrade,,,,,,
4116-TZAQJ,0.34102100547840625,Medium,74.25,25.320809656771665,2203,Offer contract upgrade,,,,,,
2070-FNEXE,0.33119015790888956,Medium,76.45,25.31948757213461,2204,Offer contract upgrade,,,,,,
6142-VSJQO,0.5704613687459192,Medium,44.35,25.299961703881518,2205,Offer contract upgrade,,,,,,
4001-TSBTV,0.2763198775870021,Low,91.55,25.297084793090043,2206,Offer contract upgrade + pricing review,,,,,,
3511-APPBJ,0.2529072775805163,Low,99.95,25.278082394172603,2207,Review pricing or offer,,,,,,
2272-JKMSI,0.2280180260710737,Low,110.8,25.264397288674964,2208,Review pricing or offer,,,,,,
2873-ZLIWT,0.2977508929015999,Low,84.85,25.264163262700748,2209,Offer contract upgrade,,,,,,
7549-MYGPK,0.25124785236641467,Low,100.55,25.262971555442995,2210,Offer contract upgrade + pricing review,,,,,,
7734-DBOAI,0.6293759505900728,High,40.1,25.23797561866192,2211,Offer contract upgrade,,,,,,
7593-XFKDI,0.5448610617916155,Medium,46.3,25.227067160951798,2212,Offer contract upgrade,,,,,,
2239-JALAW,0.24421923577213528,Low,103.25,25.215636093472966,2213,Review pricing or offer,,,,,,
9108-EJFJP,0.4707181443836238,Medium,53.55,25.206956631743054,2214,Offer contract upgrade,,,,,,
7346-MEDWM,0.3026923554256085,Medium,83.25,25.19913858918191,2215,Offer contract upgrade,,,,,,
2962-XPMCQ,0.5577272502149763,Medium,45.15,25.181385347206177,2216,Offer contract upgrade,,,,,,
7967-HYCDE,0.35569243296515884,Medium,70.7,25.14745501063673,2217,Offer contract upgrade,,,,,,
2858-EIMXH,0.2623474131554062,Low,95.85,25.145999550945685,2218,Review pricing or offer,,,,,,
2903-YYTBW,0.5644389022288722,Medium,44.55,25.145753094296253,2219,Offer contract upgrade,,,,,,
5916-QEWPT,0.3644255415763782,Medium,69.0,25.145362368770094,2220,Offer contract upgrade,,,,,,
4720-VSTSI,0.29605957445911,Low,84.8,25.10585191413253,2221,Offer contract upgrade,,,,,,
9588-OZDMQ,0.5576763594344073,Medium,45.0,25.09543617454833,2222,Offer contract upgrade,,,,,,
3346-BRMIS,0.5190266947293962,Medium,48.35,25.094940690166307,2223,Offer contract upgrade,,,,,,
1216-JWVUX,0.33224203877588016,Medium,75.5,25.084273927578952,2224,Offer contract upgrade,,,,,,
8920-NAVAY,0.2264839289195152,Low,110.75,25.083095127836305,2225,Review pricing or offer,,,,,,
4098-NAUKP,0.2961125786266482,Low,84.65,25.065929780745773,2226,Offer contract upgrade,,,,,,
3503-TYDAY,0.3114740243719505,Medium,80.45,25.058085260723416,2227,Offer contract upgrade,,,,,,
7134-MJPDY,0.2433964479651249,Low,102.85,25.033324673213095,2228,Review pricing or offer,,,,,,
8008-HAWED,0.49317660426258597,Medium,50.75,25.02871266632624,2229,Offer contract upgrade,,,,,,
4789-KWMXN,0.22537999256607502,Low,110.85,24.983372175949416,2230,Review pricing or offer,,,,,,
6218-KNUBD,0.4200916430317456,Medium,59.45,24.974448178237278,2231,Offer contract upgrade,,,,,,
2731-GJRDG,0.2276908297535709,Low,109.55,24.943530399503693,2232,Review pricing or offer,,,,,,
2207-QPJED,0.2770523918354662,Low,90.0,24.934715265191958,2233,Offer contract upgrade + pricing review,,,,,,
0103-CSITQ,0.2279185854734091,Low,109.4,24.934293250790958,2234,Review pricing or offer,,,,,,
7271-AJDTL,0.26377607728974556,Low,94.45,24.91365050001647,2235,Offer contract upgrade + pricing review,,,,,,
5522-JBWMO,0.566143099792624,Medium,44.0,24.910296390875455,2236,Offer contract upgrade,,,,,,
4250-WAROZ,0.266904344876961,Low,93.25,24.888830159776614,2237,Offer contract upgrade + pricing review,,,,,,
0406-BPDVR,0.24496532980934793,Low,101.5,24.863980975648815,2238,Review pricing or offer,,,,,,
4797-AXPXK,0.41409118774405634,Medium,60.0,24.84547126464338,2239,Offer contract upgrade,,,,,,
6583-SZVGP,0.22971182563197245,Low,108.1,24.83184835081622,2240,Review pricing or offer,,,,,,
9722-UJOJR,0.35078233652574475,Medium,70.75,24.81785030919644,2241,Offer contract upgrade,,,,,,
0520-FDVVT,0.24237740750393635,Low,102.35,24.807327658027884,2242,Review pricing or offer,,,,,,
0067-DKWBL,0.5034050811564863,Medium,49.25,24.79270024695695,2243,Offer contract upgrade,,,,,,
8728-SKJLR,0.3339004196094934,Medium,74.25,24.792106156004884,2244,Offer contract upgrade,,,,,,
4558-FANTW,0.26983765476919014,Low,91.85,24.78458859055011,2245,Offer contract upgrade + pricing review,,,,,,
7054-LGEQW,0.539031554524198,Medium,45.95,24.768499930386902,2246,Offer contract upgrade,,,,,,
2669-QVCRG,0.304512200408179,Medium,81.3,24.75684189318495,2247,Offer contract upgrade,,,,,,
6821-JPCDC,0.2547422381301167,Low,97.05,24.722734210527825,2248,Review pricing or offer,,,,,,
0623-GDISB,0.5101913524769857,Medium,48.45,24.718771027509955,2249,Offer contract upgrade,,,,,,
2190-BCXEC,0.31347194190769345,Medium,78.85,24.71726261942163,2250,Offer contract upgrade,,,,,,
1471-GIQKQ,0.4948194407923924,Medium,49.95,24.71623106758,2251,Offer contract upgrade,,,,,,
8267-ZNYVZ,0.23816234585952112,Low,103.75,24.709343382925315,2252,Review pricing or offer,,,,,,
7722-CVFXN,0.23471081957230722,Low,105.2,24.69157821900672,2253,Review pricing or offer,,,,,,
0322-YINQP,0.5084534974512837,Medium,48.55,24.68541730125982,2254,Offer contract upgrade,,,,,,
1845-ZLLIG,0.4919614375972973,Medium,50.15,24.67186609550446,2255,Offer contract upgrade,,,,,,
5136-KCKGI,0.23747819376043722,Low,103.7,24.62648869295734,2256,Review pricing or offer,,,,,,
3946-JEWRQ,0.25861993355786644,Low,95.2,24.620617674708885,2257,Review pricing or offer,,,,,,
9943-VSZUV,0.3250957546285058,Medium,75.7,24.60974862537789,2258,Offer contract upgrade,,,,,,
9661-MHUMO,0.4992485295549871,Medium,49.25,24.587990080583115,2259,Offer contract upgrade,,,,,,
4791-QRGMF,0.2471025837279968,Low,99.5,24.586707080935682,2260,Review pricing or offer,,,,,,
1110-KYLGQ,0.22704974725810387,Low,108.25,24.578135140689742,2261,Offer contract upgrade + pricing review,,,,,,
1589-AGTLK,0.5418424838070067,Medium,45.35,24.572556640647754,2262,Offer contract upgrade,,,,,,
6777-TGHTM,0.22969247869967335,Low,106.95,24.565610596930064,2263,Review pricing or offer,,,,,,
7929-DMBCV,0.3032088598760516,Medium,81.0,24.55991764996018,2264,Offer contract upgrade,,,,,,
2178-PMGCJ,0.35229011104777,Medium,69.7,24.554620740029574,2265,Offer contract upgrade,,,,,,
7511-YMXVQ,0.5408169521424603,Medium,45.4,24.553089627267696,2266,Offer contract upgrade,,,,,,
5575-TPIZQ,0.27525278949785803,Low,89.15,24.538786183734047,2267,Offer contract upgrade,,,,,,
7159-FVYPK,0.35480887778603026,Medium,69.15,24.535033898903993,2268,Offer contract upgrade,,,,,,
8544-GOQSH,0.3060302862980938,Medium,80.05,24.49772441816241,2269,Offer contract upgrade,,,,,,
0786-IVLAW,0.22660289919581783,Low,108.1,24.495773403067908,2270,Review pricing or offer,,,,,,
0442-ZXKVS,0.21188706866180673,Low,115.6,24.49414513730486,2271,Review pricing or offer,,,,,,
2139-FQHLM,0.2721652443790105,Low,89.95,24.481263731891996,2272,Offer contract upgrade,,,,,,
7587-RZNME,0.56537380914935,Medium,43.3,24.480685936166854,2273,Offer contract upgrade,,,,,,
7754-IXRMC,0.5388483743421186,Medium,45.35,24.43677377641508,2274,Offer contract upgrade,,,,,,
2485-ITVKB,0.6961674714520164,High,35.1,24.435478247965776,2275,Offer contract upgrade,,,,,,
6582-OIVSP,0.5388483743421186,Medium,45.3,24.40983135769797,2276,Offer contract upgrade,,,,,,
1217-VASWC,0.24268578253136827,Low,100.55,24.40205543352908,2277,Review pricing or offer,,,,,,
3923-CSIHK,0.34301606592480993,Medium,71.05,24.371291483957744,2278,Offer contract upgrade,,,,,,
5522-NYKPB,0.2836064399998253,Low,85.9,24.361793195984998,2279,Offer contract upgrade,,,,,,
6769-DYBQN,0.2864763639544973,Low,85.0,24.35049093613227,2280,Offer contract upgrade,,,,,,
9244-ZVAPM,0.5337896363715187,Medium,45.6,24.340807418541253,2281,Offer contract upgrade,,,,,,
7730-IUTDZ,0.32325392440408357,Medium,75.2,24.308695115187085,2282,Offer contract upgrade,,,,,,
1360-JYXKQ,0.24528596531220506,Low,99.1,24.30783916243952,2283,Review pricing or offer,,,,,,
3669-OYSJI,0.5261049074482541,Medium,46.2,24.30604672410934,2284,Offer contract upgrade,,,,,,
7798-JVXYM,0.34896872284692826,Medium,69.65,24.305671546288554,2285,Offer contract upgrade,,,,,,
8849-PRIQJ,0.22200337288794672,Low,109.4,24.28716899394137,2286,Review pricing or offer,,,,,,
5839-SUYVZ,0.32576411271648176,Medium,74.55,24.285714603013712,2287,Offer contract upgrade,,,,,,
2153-MREFK,0.24476176848447131,Low,99.2,24.280367433659556,2288,Review pricing or offer,,,,,,
7252-NTGSS,0.5372665313800828,Medium,45.15,24.25758389181074,2289,Offer contract upgrade,,,,,,
7924-GJZFI,0.34979172359015936,Medium,69.3,24.24056644479804,2290,Offer contract upgrade,,,,,,
8990-ZXLSU,0.3509793712672895,Medium,69.05,24.23512558600634,2291,Offer contract upgrade,,,,,,
7449-HVPIV,0.267889529663502,Low,90.4,24.217213481580583,2292,Offer contract upgrade + pricing review,,,,,,
6627-CFOSN,0.24349059164670095,Low,99.45,24.21513933926441,2293,Offer contract upgrade + pricing review,,,,,,
8286-AFUYI,0.5049169620569977,Medium,47.95,24.210768330633037,2294,Offer contract upgrade,,,,,,
6905-NIQIN,0.477839680668534,Medium,50.65,24.202579825861246,2295,Offer contract upgrade,,,,,,
4307-KTUMW,0.2576970986259859,Low,93.9,24.197757560980076,2296,Offer contract upgrade + pricing review,,,,,,
0822-GAVAP,0.6970633297727192,High,34.7,24.188097543113358,2297,Offer contract upgrade,,,,,,
0224-HJAPT,0.5129627409775835,Medium,47.15,24.186193237093065,2298,Offer contract upgrade,,,,,,
2988-PLAHS,0.3451405582957597,Medium,69.95,24.14258205278839,2299,Offer technical support,,,,,,
8993-IZEUX,0.34892813442045884,Medium,69.15,24.12838049517473,2300,Offer contract upgrade,,,,,,
9332-GYWLO,0.4397210566124256,Medium,54.85,24.118699955191545,2301,Offer contract upgrade,,,,,,
6017-PPLPX,0.3423021215324384,Medium,70.45,24.115184461960286,2302,Offer contract upgrade,,,,,,
1297-VQDRP,0.22504214663963315,Low,107.15,24.113266012436693,2303,Review pricing or offer,,,,,,
1794-HBQTJ,0.4951033065782224,Medium,48.6,24.06202069970161,2304,Offer contract upgrade,,,,,,
1550-LOAHA,0.2852297190755125,Low,84.15,24.002080860204376,2305,Offer contract upgrade,,,,,,
2833-SLKDQ,0.5320219675257825,Medium,45.05,23.967589637036497,2306,Offer contract upgrade,,,,,,
0643-OKLRP,0.2981098151366493,Low,80.35,23.95312364622977,2307,Offer contract upgrade,,,,,,
2924-KHUVI,0.23804112106463685,Low,100.55,23.935034723049235,2308,Review pricing or offer,,,,,,
9269-CQOOL,0.43755058021530546,Medium,54.7,23.93401673777721,2309,Offer contract upgrade,,,,,,
1370-GGAWX,0.25396817898481305,Low,94.15,23.91110405142015,2310,Review pricing or offer,,,,,,
5287-QWLKY,0.22745397999214956,Low,105.1,23.905413297174917,2311,Offer contract upgrade + pricing review,,,,,,
1596-BBVTG,0.31723308043374854,Medium,75.35,23.90351261068295,2312,Offer contract upgrade,,,,,,
9667-TKTVZ,0.4397128329015603,Medium,54.35,23.898392468199805,2313,Offer contract upgrade,,,,,,
7250-EQKIY,0.47339892819543866,Medium,50.45,23.88297592745988,2314,Offer contract upgrade,,,,,,
2189-UXTKY,0.3014547381718968,Medium,79.2,23.875215263214226,2315,Offer contract upgrade,,,,,,
8199-ZLLSA,0.20166749664417646,Low,118.35,23.867348227838285,2316,Review pricing or offer,,,,,,
5404-GGUKR,0.4646433817962672,Medium,51.35,23.85943765523832,2317,Offer contract upgrade,,,,,,
8496-EJAUI,0.32297380344034693,Medium,73.85,23.851615384069618,2318,Offer contract upgrade,,,,,,
5371-VYLSX,0.28598600405907393,Low,83.4,23.851232738526768,2319,Offer contract upgrade,,,,,,
4824-GUCBY,0.291784611268515,Low,81.7,23.83880274063768,2320,Offer contract upgrade,,,,,,
4183-WCSEP,0.30386834069036855,Medium,78.45,23.838471327159414,2321,Offer contract upgrade,,,,,,
3014-WJKSM,0.3164777670890322,Medium,75.3,23.830775861804124,2322,Offer contract upgrade,,,,,,
6173-ITPWD,0.28576292760098665,Low,83.35,23.818340015542237,2323,Offer contract upgrade,,,,,,
3956-CJUST,0.31544176702808296,Medium,75.4,23.784309233917458,2324,Offer contract upgrade,,,,,,
4860-IJUDE,0.32240193520003696,Medium,73.75,23.777142721002726,2325,Offer contract upgrade,,,,,,
2100-BDNSN,0.34965370447929867,Medium,67.95,23.758969219368346,2326,Offer contract upgrade,,,,,,
2672-OJQZP,0.530682389797881,Medium,44.75,23.748036943455173,2327,Offer contract upgrade,,,,,,
2277-VWCNI,0.48659002604886054,Medium,48.75,23.72126376988195,2328,Offer contract upgrade,,,,,,
3707-LRWZD,0.2821800962622685,Low,84.05,23.717237090843664,2329,Offer technical support,,,,,,
5172-MIGPM,0.361315656089968,Medium,65.55,23.6842412566974,2330,Offer contract upgrade,,,,,,
8647-SDTWQ,0.3187468137976146,Medium,74.3,23.682888265162763,2331,Offer contract upgrade,,,,,,
9026-RNUJS,0.4697735699487063,Medium,50.35,23.65309924691736,2332,Offer contract upgrade,,,,,,
0843-WTBXE,0.2765722372829712,Low,85.45,23.63309767582989,2333,Offer contract upgrade,,,,,,
1169-SAOCL,0.22125821176951985,Low,106.65,23.597188285219293,2334,Review pricing or offer,,,,,,
8806-EAGWC,0.4277048747809699,Medium,55.15,23.58792384417049,2335,Offer contract upgrade,,,,,,
3733-LSYCE,0.31300396929708857,Medium,75.35,23.584849086535623,2336,Offer contract upgrade,,,,,,
0415-MOSGF,0.5310640446056327,Medium,44.4,23.579243580490093,2337,Offer contract upgrade,,,,,,
3748-FVMZZ,0.5885357411332593,Medium,40.05,23.570856432387036,2338,Offer contract upgrade,,,,,,
5802-ADBRC,0.22557374322300627,Low,104.4,23.549898792481855,2339,Review pricing or offer,,,,,,
0409-WTMPL,0.21273847548583508,Low,110.65,23.539512312507654,2340,Review pricing or offer,,,,,,
3062-ICYZQ,0.25095168055493056,Low,93.8,23.539267636052486,2341,Offer contract upgrade + pricing review,,,,,,
6967-QIQRV,0.23091177124637935,Low,101.9,23.529909490006055,2342,Review pricing or offer,,,,,,
0541-FITGH,0.37853253968559175,Medium,62.15,23.525797341459526,2343,Offer contract upgrade,,,,,,
1229-RCALF,0.20456586126824416,Low,115.0,23.52507404584808,2344,Review pricing or offer,,,,,,
6338-AVWCY,0.5859095375817642,Medium,40.15,23.524267933907833,2345,Offer contract upgrade,,,,,,
9350-VLHMB,0.26248090186473416,Low,89.55,23.505164761986943,2346,Offer contract upgrade,,,,,,
2479-BRAMR,0.28058492928490913,Low,83.75,23.49898782761114,2347,Offer contract upgrade,,,,,,
9614-RMGHA,0.2556178272796261,Low,91.85,23.478497435633656,2348,Offer contract upgrade + pricing review,,,,,,
7693-QPEFS,0.3215653886009177,Medium,72.95,23.45819509843695,2349,Offer contract upgrade,,,,,,
6994-FGRHH,0.22098633858317474,Low,106.15,23.457699840604,2350,Review pricing or offer,,,,,,
2267-WTPYD,0.24952963425413127,Low,94.0,23.45578561988834,2351,Offer contract upgrade + pricing review,,,,,,
9948-YPTDG,0.29510869767079306,Low,79.45,23.44638602994451,2352,Offer contract upgrade,,,,,,
6952-OMNWB,0.2915824002531379,Low,80.35,23.42864586033963,2353,Offer contract upgrade,,,,,,
4146-SVFUD,0.5249250773689031,Medium,44.6,23.411658450653082,2354,Offer contract upgrade,,,,,,
7147-AYBAA,0.3326252607974581,Medium,70.35,23.400187097101174,2355,Offer contract upgrade,,,,,,
5858-EAFCZ,0.5258112273915267,Medium,44.45,23.372309057553366,2356,Offer contract upgrade,,,,,,
5076-YVXCM,0.2802201368061134,Low,83.4,23.37035940962986,2357,Offer contract upgrade,,,,,,
6145-NNPNO,0.5289887924337657,Medium,44.15,23.354855185950758,2358,Offer contract upgrade,,,,,,
6982-SSHFK,0.5258112273915267,Medium,44.4,23.346018496183788,2359,Offer contract upgrade,,,,,,
3085-QUOZK,0.5310315425245202,Medium,43.95,23.338836293952667,2360,Offer contract upgrade,,,,,,
5934-TSSAU,0.3096427284038753,Medium,75.3,23.31609744881181,2361,Offer contract upgrade,,,,,,
9584-EXCDZ,0.33037043781277425,Medium,70.5,23.291115865800585,2362,Offer contract upgrade,,,,,,
5274-XHAKY,0.2469837826650938,Low,94.3,23.290570705318345,2363,Offer contract upgrade + pricing review,,,,,,
1360-XFJMR,0.21229961777973563,Low,109.7,23.289268070437,2364,Review pricing or offer,,,,,,
7384-GHBPI,0.6623104472794615,High,35.15,23.28021222187307,2365,Offer contract upgrade,,,,,,
0877-SDMBN,0.22393456525728223,Low,103.95,23.27799805849449,2366,Review pricing or offer,,,,,,
1215-FIGMP,0.2587859988262425,Low,89.9,23.2648612944792,2367,Offer contract upgrade,,,,,,
1448-CYWKC,0.22110484265499297,Low,105.2,23.26022944730526,2368,Review pricing or offer,,,,,,
0365-GXEZS,0.2973868421666863,Low,78.2,23.25565105743487,2369,Offer contract upgrade,,,,,,
3018-TFTSU,0.284540926805081,Low,81.7,23.246993719975116,2370,Offer contract upgrade,,,,,,
8387-MOJJT,0.29820397515970903,Low,77.95,23.24499986369932,2371,Offer contract upgrade,,,,,,
3751-KTZEL,0.6628835737660311,High,35.05,23.23406926049939,2372,Offer contract upgrade,,,,,,
3583-KRKMD,0.30602926275532033,Medium,75.9,23.227621043128813,2373,Offer contract upgrade,,,,,,
3858-XHYJO,0.21962413847800877,Low,105.75,23.225252644049426,2374,Review pricing or offer,,,,,,
9842-EFSYY,0.40590102922215165,Medium,57.2,23.217538871507077,2375,Offer contract upgrade,,,,,,
3170-GWYKC,0.22113866120473993,Low,104.95,23.208502493437457,2376,Offer contract upgrade + pricing review,,,,,,
3799-ISUZQ,0.33177310497102935,Medium,69.95,23.207528692723503,2377,Offer contract upgrade,,,,,,
5370-IIVVL,0.22199335930527384,Low,104.5,23.198306047401115,2378,Review pricing or offer,,,,,,
7632-MNYOY,0.20912538533012487,Low,110.9,23.192005233110848,2379,Review pricing or offer,,,,,,
7077-XJMET,0.31267040547768293,Medium,74.15,23.184510566170193,2380,Offer contract upgrade,,,,,,
2582-FFFZR,0.45769668226832705,Medium,50.6,23.15945212277735,2381,Offer contract upgrade,,,,,,
3688-FTHLT,0.3671539572223531,Medium,63.05,23.149057002869363,2382,Offer contract upgrade,,,,,,
1373-ORVIZ,0.3488044787218605,Medium,66.35,23.143177163195443,2383,Offer contract upgrade,,,,,,
5485-WUYWF,0.3482612125493737,Medium,66.4,23.124544513278416,2384,Offer contract upgrade,,,,,,
1304-BCCFO,0.3299760786305127,Medium,70.05,23.114824308067416,2385,Offer contract upgrade,,,,,,
7881-EVUAD,0.5422902006547119,Medium,42.6,23.101562547890726,2386,Offer contract upgrade,,,,,,
8561-NMTBD,0.20541042865562245,Low,112.35,23.07786165945918,2387,Review pricing or offer,,,,,,
9681-KYGYB,0.261351812230141,Low,88.2,23.051229838698436,2388,Offer contract upgrade,,,,,,
0822-QGCXA,0.2743803659661431,Low,83.85,23.006793686261098,2389,Offer contract upgrade,,,,,,
5146-CBVOE,0.3058970091027245,Medium,75.1,22.972865383614607,2390,Offer contract upgrade,,,,,,
3577-AMVUX,0.41692398541367515,Medium,55.05,22.951665397022815,2391,Offer contract upgrade,,,,,,
0856-NAOES,0.3766015014534116,Medium,60.9,22.935031438512766,2392,Offer contract upgrade,,,,,,
9774-NRNAU,0.2704173852456002,Low,84.8,22.931394268826896,2393,Offer contract upgrade,,,,,,
3798-EPWRR,0.5210339606355084,Medium,43.95,22.8994425699306,2394,Offer contract upgrade,,,,,,
7000-WCEVQ,0.3716565344796802,Medium,61.6,22.8940425239483,2395,Offer contract upgrade,,,,,,
5669-SRAIP,0.5781667752948525,Medium,39.5,22.837587624146675,2396,Offer contract upgrade,,,,,,
5103-MHMHY,0.4969088885271732,Medium,45.95,22.83296342782361,2397,Offer contract upgrade,,,,,,
1935-IMVBB,0.25451287275079104,Low,89.7,22.82980468574596,2398,Offer contract upgrade,,,,,,
9688-YGXVR,0.2589448661090627,Low,88.15,22.82598994751388,2399,Offer contract upgrade,,,,,,
7890-VYYWG,0.6259849122503106,High,36.45,22.817150051523825,2400,Offer contract upgrade,,,,,,
8751-EDEKA,0.2535455601741741,Low,89.9,22.793745859658255,2401,Offer contract upgrade,,,,,,
2750-BJLSB,0.21945180537116787,Low,103.7,22.75715221699011,2402,Review pricing or offer,,,,,,
1436-ZMJAN,0.3353772641983681,Medium,67.8,22.738578512649358,2403,Offer contract upgrade,,,,,,
3452-SRFEG,0.30465098355844883,Medium,74.6,22.72696337346028,2404,Offer contract upgrade,,,,,,
5207-PLSTK,0.46542931612541766,Medium,48.75,22.68967916111411,2405,Offer contract upgrade,,,,,,
9261-WDCAF,0.4149857050485237,Medium,54.65,22.678968780901823,2406,Offer contract upgrade,,,,,,
6985-HAYWX,0.2856976696960809,Low,79.3,22.655825206899216,2407,Offer contract upgrade,,,,,,
8404-FYDIB,0.26141020463661024,Low,86.65,22.65119423176228,2408,Offer contract upgrade,,,,,,
3164-AALRN,0.32357268277959655,Medium,70.0,22.65008779457176,2409,Offer technical support,,,,,,
7729-JTEEC,0.508695040049881,Medium,44.5,22.636929282219704,2410,Offer contract upgrade,,,,,,
7296-PIXQY,0.3223307849797463,Medium,70.2,22.627621105578193,2411,Offer contract upgrade,,,,,,
4070-OKWVH,0.23900029093852546,Low,94.6,22.609427522784507,2412,Offer contract upgrade + pricing review,,,,,,
5968-VXZLG,0.48474656664375443,Medium,46.6,22.589190005598958,2413,Offer contract upgrade,,,,,,
0708-LGSMF,0.34298457058553633,Medium,65.85,22.585533973057565,2414,Offer contract upgrade,,,,,,
4831-EOBFE,0.23860034637429667,Low,94.65,22.58352278432718,2415,Offer contract upgrade + pricing review,,,,,,
3278-FSIXX,0.4988742123909157,Medium,45.25,22.574058110688934,2416,Offer contract upgrade,,,,,,
6986-IJDHX,0.26153930614011783,Low,86.3,22.57084211989217,2417,Offer contract upgrade,,,,,,
6692-YQHXC,0.3226511405995352,Medium,69.95,22.56944728493749,2418,Offer contract upgrade,,,,,,
3521-SYVOR,0.34854122792943615,Medium,64.75,22.56804450843099,2419,Offer contract upgrade,,,,,,
4676-MQUEA,0.22136832346457228,Low,101.9,22.557432161039916,2420,Review pricing or offer,,,,,,
9448-REEVD,0.5044240803284616,Medium,44.7,22.54775639068224,2421,Offer contract upgrade,,,,,,
1895-QTKDO,0.5124478384603229,Medium,43.95,22.522082500331194,2422,Offer contract upgrade,,,,,,
2043-WVTQJ,0.4038540976211527,Medium,55.7,22.49467323749821,2423,Offer contract upgrade,,,,,,
4554-YGZIH,0.24976340685091084,Low,90.05,22.49119478692452,2424,Offer contract upgrade + pricing review,,,,,,
6917-YACBP,0.2505965207047325,Low,89.75,22.49103773324974,2425,Offer contract upgrade,,,,,,
8979-CAMGB,0.2201733210525306,Low,102.1,22.479696079463373,2426,Review pricing or offer,,,,,,
5469-CTCWN,0.212017801082804,Low,106.0,22.473886914777225,2427,Review pricing or offer,,,,,,
4323-OHFOW,0.2129048481118172,Low,105.55,22.472106718202305,2428,Review pricing or offer,,,,,,
7675-OZCZG,0.4992732749151692,Medium,45.0,22.467297371182614,2429,Offer contract upgrade,,,,,,
2279-AXJJK,0.23448727304312583,Low,95.65,22.428707666574986,2430,Offer contract upgrade + pricing review,,,,,,
8705-DWKTI,0.2672694774987918,Low,83.8,22.397182214398754,2431,Offer contract upgrade,,,,,,
5298-GSTLM,0.2207680850871655,Low,101.4,22.385883827838583,2432,Review pricing or offer,,,,,,
2272-UOINI,0.28500518127890667,Low,78.5,22.372906730394174,2433,Offer contract upgrade,,,,,,
9564-KCLHR,0.4363241163835097,Medium,51.25,22.361610964654872,2434,Offer contract upgrade,,,,,,
7401-RUBNK,0.2986627769445702,Low,74.8,22.33997571545385,2435,Offer contract upgrade,,,,,,
7351-KYHQH,0.3436918054719061,Medium,64.95,22.3227827654003,2436,Offer contract upgrade,,,,,,
2720-FVBQP,0.4558639324780812,Medium,48.95,22.314539494802077,2437,Offer contract upgrade,,,,,,
7856-GANIL,0.22606779956497436,Low,98.7,22.31289181706297,2438,Review pricing or offer,,,,,,
6927-WTFIV,0.3128701915441467,Medium,71.3,22.307644657097658,2439,Offer contract upgrade,,,,,,
1113-IUJYX,0.21036100481137276,Low,105.95,22.287748459764945,2440,Review pricing or offer,,,,,,
8213-TAZPM,0.20492687862790074,Low,108.75,22.285798050784205,2441,Review pricing or offer,,,,,,
8444-WRIDW,0.27681449515461154,Low,80.45,22.2697261351885,2442,Offer contract upgrade,,,,,,
8952-WCVCD,0.21317946386986528,Low,104.45,22.266595001207428,2443,Review pricing or offer,,,,,,
6538-POCHL,0.28162510046432293,Low,79.0,22.248382936681512,2444,Offer contract upgrade,,,,,,
9631-XEYKE,0.44136127798412267,Medium,50.4,22.24460841039978,2445,Offer contract upgrade,,,,,,
1396-QWFBJ,0.30022973213544635,Medium,74.05,22.232011664629802,2446,Offer contract upgrade,,,,,,
8654-DHAOW,0.41042007050902685,Medium,54.15,22.224246818063804,2447,Offer contract upgrade,,,,,,
1356-MKYSK,0.28233664820250515,Low,78.65,22.20577738112703,2448,Offer contract upgrade,,,,,,
5002-GCQFH,0.23645961629612744,Low,93.85,22.19173498939156,2449,Offer contract upgrade + pricing review,,,,,,
5140-FOMCQ,0.20326743123025007,Low,109.15,22.186640118781796,2450,Review pricing or offer,,,,,,
0374-AACSZ,0.4423458921199482,Medium,50.15,22.183646489815402,2451,Offer contract upgrade,,,,,,
2931-FSOHN,0.36986721865417455,Medium,59.9,22.155046397385053,2452,Offer contract upgrade,,,,,,
8878-HMWBV,0.45074288388055717,Medium,49.15,22.154012742729385,2453,Offer contract upgrade,,,,,,
2927-QRRQV,0.23364942375491657,Low,94.65,22.114917958402856,2454,Review pricing or offer,,,,,,
7718-RXDGG,0.32218625092262954,Medium,68.6,22.101976813292385,2455,Offer contract upgrade,,,,,,
0058-EVZWM,0.24595122931585012,Low,89.8,22.08642039256334,2456,Offer contract upgrade,,,,,,
9761-XUJWD,0.3364173935196504,Medium,65.6,22.068981014889065,2457,Offer contract upgrade,,,,,,
6578-KRMAW,0.23601907371889755,Low,93.4,22.04418148534503,2458,Offer contract upgrade + pricing review,,,,,,
9170-CCKOU,0.24412741005988597,Low,90.2,22.020292387401714,2459,Offer contract upgrade + pricing review,,,,,,
7377-DMMRI,0.4606146800552555,Medium,47.8,22.017381706641213,2460,Offer contract upgrade,,,,,,
4537-DKTAL,0.48299490425013364,Medium,45.55,22.000417888593585,2461,Offer contract upgrade,,,,,,
7504-UWHNB,0.3146838117111101,Medium,69.75,21.94919586684993,2462,Offer contract upgrade,,,,,,
5895-QSXOD,0.3129187033598598,Medium,70.05,21.919955170358175,2463,Offer contract upgrade,,,,,,
9272-LSVYH,0.3123829875626588,Medium,70.15,21.913666577520516,2464,Offer contract upgrade,,,,,,
4913-EHYUI,0.2087976006046269,Low,104.55,21.82978914321374,2465,Review pricing or offer,,,,,,
8695-WDYEA,0.42587954035557707,Medium,51.25,21.826326443223326,2466,Offer contract upgrade,,,,,,
9474-PHLYD,0.36711796552775994,Medium,59.45,21.825163050625328,2467,Offer contract upgrade,,,,,,
0295-QVKPB,0.3410707182182494,Medium,63.95,21.81147243005705,2468,Offer contract upgrade,,,,,,
2480-EJWYP,0.22297370608998882,Low,97.8,21.806828455600904,2469,Review pricing or offer,,,,,,
8645-KWHJO,0.39629618008231615,Medium,55.0,21.796289904527388,2470,Offer contract upgrade,,,,,,
0106-GHRQR,0.3049059996862558,Medium,71.4,21.770288377598668,2471,Offer contract upgrade,,,,,,
3446-QDSZF,0.3921989211664055,Medium,55.5,21.767040124735505,2472,Offer contract upgrade,,,,,,
2637-FKFSY,0.47182394427713636,Medium,46.1,21.751083831175986,2473,Offer contract upgrade,,,,,,
0431-APWVY,0.2413048902343906,Low,90.1,21.741570610118593,2474,Review pricing or offer,,,,,,
7740-BTPUX,0.19136728943267353,Low,113.6,21.73932407955171,2475,Review pricing or offer,,,,,,
7841-TZDMQ,0.4724964924022947,Medium,46.0,21.734838650505555,2476,Offer contract upgrade,,,,,,
9522-BNTHX,0.386150545440612,Medium,56.25,21.720968181034426,2477,Offer contract upgrade,,,,,,
7312-XSBAT,0.43650558723214805,Medium,49.75,21.716152964799367,2478,Offer contract upgrade,,,,,,
5440-VHLUL,0.20628715252353602,Low,105.2,21.70140844547599,2479,Review pricing or offer,,,,,,
1679-JRFBR,0.20060068260174205,Low,108.15,21.694963823378405,2480,Review pricing or offer,,,,,,
1791-PQHBB,0.3543639528329428,Medium,61.2,21.6870739133761,2481,Offer contract upgrade,,,,,,
9825-YCXWZ,0.21447630769031883,Low,101.1,21.683554707491233,2482,Review pricing or offer,,,,,,
0096-BXERS,0.43039960747739575,Medium,50.35,21.670620236486876,2483,Offer contract upgrade,,,,,,
6968-GMKPR,0.2656853209929276,Low,81.55,21.666637926973245,2484,Offer contract upgrade,,,,,,
9992-UJOEL,0.4306466066189597,Medium,50.3,21.661524312933672,2485,Offer contract upgrade,,,,,,
4282-MSACW,0.18476893436874695,Low,117.2,21.654919108017143,2486,Review pricing or offer,,,,,,
3404-JNXAX,0.2678835254485583,Low,80.75,21.631594679971084,2487,Offer contract upgrade,,,,,,
0575-CUQOV,0.22071106630165693,Low,97.95,21.618648944247298,2488,Review pricing or offer,,,,,,
6633-MPWBS,0.43910150440797413,Medium,49.2,21.603794016872328,2489,Offer contract upgrade,,,,,,
7850-VWJUU,0.28802649178738954,Low,75.0,21.601986884054217,2490,Offer contract upgrade,,,,,,
7356-IWLFW,0.26992905304635034,Low,80.0,21.594324243708027,2491,Offer contract upgrade,,,,,,
4118-CEVPF,0.19483488899653828,Low,110.8,21.58770570081644,2492,Review pricing or offer,,,,,,
6304-IJFSQ,0.43241503079324295,Medium,49.9,21.577510036582822,2493,Offer contract upgrade,,,,,,
1174-FGIFN,0.23848101342282688,Low,90.45,21.57060766409469,2494,Review pricing or offer,,,,,,
9767-FFLEM,0.31015378161870316,Medium,69.5,21.55568782249987,2495,Offer contract upgrade,,,,,,
6300-BWMJX,0.23086154353866314,Low,93.35,21.550925089334203,2496,Offer contract upgrade + pricing review,,,,,,
6599-CEBNN,0.2913261986058562,Low,73.95,21.543572386903065,2497,Offer contract upgrade,,,,,,
0322-CHQRU,0.47359555582873536,Medium,45.35,21.477558456833147,2498,Offer contract upgrade,,,,,,
2718-GAXQD,0.466479320966496,Medium,46.0,21.458048764458816,2499,Offer contract upgrade,,,,,,
5060-TQUQN,0.2568131566830183,Low,83.55,21.456739240866177,2500,Offer contract upgrade,,,,,,
5945-AZYHT,0.1955555502652477,Low,109.6,21.43288830907115,2501,Review pricing or offer,,,,,,
8715-KKTFG,0.2074648037474667,Low,103.3,21.43111422711331,2502,Review pricing or offer,,,,,,
9518-RWHZL,0.21412069997705863,Low,100.05,21.422776032704714,2503,Review pricing or offer,,,,,,
3144-AUDBS,0.43567024230639007,Medium,49.15,21.41319240935907,2504,Offer contract upgrade,,,,,,
6243-OZGFH,0.47632240503098083,Medium,44.95,21.41069210614259,2505,Offer contract upgrade,,,,,,
7905-TVXTA,0.3327020484174774,Medium,64.35,21.409376815664668,2506,Offer contract upgrade,,,,,,
4343-EJVQB,0.2877507455248488,Low,74.35,21.394267929772507,2507,Offer contract upgrade,,,,,,
2782-LFZVW,0.36275359296778675,Medium,58.95,21.38432430545103,2508,Offer contract upgrade,,,,,,
6284-KMNUF,0.21811977199809818,Low,98.0,21.375737655813623,2509,Review pricing or offer,,,,,,
9254-RBFON,0.21663331874144223,Low,98.6,21.360045227906202,2510,Review pricing or offer,,,,,,
9651-GTSAQ,0.20112433508450334,Low,106.1,21.339291952465803,2511,Review pricing or offer,,,,,,
7590-VHVEG,0.7145404191699422,High,29.85,21.329031512222773,2512,Offer contract upgrade,,,,,,
2273-QCKXA,0.4348273380380038,Medium,49.05,21.328280930764084,2513,Offer contract upgrade,,,,,,
4918-QLLIW,0.39917420711798224,Medium,53.4,21.31590266010025,2514,Offer contract upgrade,,,,,,
6559-RAKOZ,0.21755465550120368,Low,97.95,21.309478506342902,2515,Review pricing or offer,,,,,,
9462-MJUAW,0.42214622310417027,Medium,50.4,21.27616964445018,2516,Offer contract upgrade,,,,,,
1728-BQDMA,0.4785947162207625,Medium,44.45,21.273535136012896,2517,Offer contract upgrade,,,,,,
0319-QZTCO,0.3623587022556823,Medium,58.7,21.27045582240855,2518,Offer contract upgrade,,,,,,
4671-LXRDQ,0.4722506432326198,Medium,45.0,21.25127894546789,2519,Offer contract upgrade,,,,,,
6641-XRPSU,0.30346328731133315,Medium,70.0,21.242430111793322,2520,Offer contract upgrade,,,,,,
0961-ZWLVI,0.19451333329720402,Low,109.2,21.24085599605468,2521,Review pricing or offer,,,,,,
8725-JEDFD,0.30730883074725124,Medium,69.05,21.219674763097697,2522,Offer contract upgrade,,,,,,
2831-EBWRN,0.46229335010370404,Medium,45.9,21.219264769760013,2523,Offer contract upgrade,,,,,,
2267-FPIMA,0.22456056179210382,Low,94.4,21.198517033174603,2524,Offer contract upgrade + pricing review,,,,,,
3677-IYRBF,0.697237867035941,High,30.4,21.196031157892605,2525,Offer contract upgrade,,,,,,
3717-LNXKW,0.23094674836190932,Low,91.7,21.177816824787087,2526,Offer contract upgrade + pricing review,,,,,,
5136-GFPMB,0.2366644558097205,Low,89.4,21.157802349389016,2527,Offer contract upgrade,,,,,,
0599-XNYDO,0.3029009189314398,Medium,69.8,21.142484141414496,2528,Offer contract upgrade,,,,,,
7112-OPOTK,0.3096893073735167,Medium,68.25,21.136295228242513,2529,Offer contract upgrade,,,,,,
1101-SSWAG,0.41322016034718184,Medium,51.1,21.115550193740994,2530,Offer contract upgrade,,,,,,
9578-VRMNM,0.32369089803168766,Medium,65.2,21.104646551666036,2531,Offer contract upgrade,,,,,,
8885-QSQBX,0.4251184714658171,Medium,49.55,21.064620261131235,2532,Offer contract upgrade,,,,,,
4628-WQCQQ,0.24700595297789296,Low,85.15,21.032556896067586,2533,Offer technical support,,,,,,
0853-NWIFK,0.20956346166103762,Low,100.3,21.019215204602073,2534,Review pricing or offer,,,,,,
9402-CXWPL,0.21243553015026778,Low,98.9,21.009873931861485,2535,Review pricing or offer,,,,,,
5243-SAOTC,0.26309166577401844,Low,79.85,21.007869512055372,2536,Offer contract upgrade,,,,,,
2372-HWUHI,0.47333702825574697,Medium,44.35,20.992497203142378,2537,Offer contract upgrade,,,,,,
0419-YAAPX,0.24602664513928904,Low,85.3,20.986072830381353,2538,Offer contract upgrade,,,,,,
5175-AOBHI,0.4561283706236972,Medium,46.0,20.98190504869007,2539,Offer contract upgrade,,,,,,
0749-IRGQE,0.4625264842023516,Medium,45.3,20.952449734366525,2540,Offer contract upgrade,,,,,,
8757-TFHHJ,0.42028436914319683,Medium,49.8,20.930161583331202,2541,Offer contract upgrade,,,,,,
6923-EFPNL,0.4044421511547515,Medium,51.75,20.929881322258392,2542,Offer contract upgrade,,,,,,
7621-VPNET,0.24356126194419883,Low,85.9,20.92191240100668,2543,Offer contract upgrade,,,,,,
1091-SOZGA,0.20931084000333264,Low,99.8,20.889221832332595,2544,Review pricing or offer,,,,,,
0257-ZESQC,0.27750398236210316,Low,75.2,20.86829947363016,2545,Offer contract upgrade,,,,,,
5973-EJGDP,0.2384075777414852,Low,87.35,20.82490191571873,2546,Offer contract upgrade,,,,,,
0136-IFMYD,0.18908987491401194,Low,109.95,20.790431746795612,2547,Review pricing or offer,,,,,,
6797-UCJHZ,0.1987448915272972,Low,104.6,20.788715653755286,2548,Review pricing or offer,,,,,,
6921-OZMFH,0.3731335071149481,Medium,55.7,20.783536346302608,2549,Offer contract upgrade,,,,,,
8868-GAGIO,0.24525547672080686,Low,84.55,20.73635055674422,2550,Offer contract upgrade,,,,,,
7596-LDUXP,0.24318709390019216,Low,85.15,20.707381045601363,2551,Offer technical support,,,,,,
2474-LCNUE,0.2811321324491813,Low,73.65,20.7053815548822,2552,Offer contract upgrade,,,,,,
1025-FALIX,0.29935630112644046,Low,69.05,20.670552592780712,2553,Offer contract upgrade,,,,,,
7426-WEIJX,0.25492533247467275,Low,80.95,20.63620566382476,2554,Offer contract upgrade,,,,,,
1480-IVEVR,0.25273924261589487,Low,81.6,20.62352219745702,2555,Offer technical support,,,,,,
1409-PHXTF,0.18662711032210794,Low,110.45,20.61296433507682,2556,Review pricing or offer,,,,,,
8229-TNIQA,0.45480560947652804,Medium,45.3,20.60269410928672,2557,Offer contract upgrade,,,,,,
7246-ZGQDF,0.3776335126586889,Medium,54.5,20.581026439898544,2558,Offer contract upgrade,,,,,,
4959-JOSRX,0.46141179761893636,Medium,44.6,20.578966173804563,2559,Offer contract upgrade,,,,,,
3714-JTVOV,0.2772428126828806,Low,74.15,20.557554560435598,2560,Offer contract upgrade,,,,,,
3097-NNSPB,0.41841298212496375,Medium,49.05,20.52315677322947,2561,Offer contract upgrade,,,,,,
9780-FKVVF,0.34695137898152273,Medium,59.15,20.52217406675707,2562,Offer contract upgrade,,,,,,
0913-XWSCN,0.2399638554698277,Low,85.5,20.516909642670267,2563,Offer contract upgrade,,,,,,
8614-VGMMV,0.4177265396355809,Medium,49.1,20.51037309610702,2564,Offer contract upgrade,,,,,,
7103-IPXPJ,0.20621710241118024,Low,99.4,20.497979979671317,2565,Review pricing or offer,,,,,,
6288-LBEAR,0.2591149899895188,Low,79.1,20.495995708170938,2566,Offer contract upgrade,,,,,,
4800-CZMPC,0.19840421448903864,Low,103.25,20.48523514599324,2567,Review pricing or offer,,,,,,
8634-CILSZ,0.19553173736254617,Low,104.7,20.472172901858585,2568,Review pricing or offer,,,,,,
4194-WHFCB,0.2117607997204856,Low,96.65,20.466681292984934,2569,Offer contract upgrade + pricing review,,,,,,
6128-AQBMT,0.3792640753860125,Medium,53.95,20.461296867075376,2570,Offer contract upgrade,,,,,,
5201-USSQZ,0.23816711894585268,Low,85.9,20.458555517448747,2571,Offer contract upgrade,,,,,,
5896-NPFWW,0.4075163723356543,Medium,50.15,20.436946072633063,2572,Offer contract upgrade,,,,,,
4680-KUTAJ,0.36749549925624864,Medium,55.6,20.432749758647425,2573,Offer contract upgrade,,,,,,
9249-FXSCK,0.18364953553316934,Low,111.25,20.43101082806509,2574,Review pricing or offer,,,,,,
2607-FBDFF,0.4166194461662933,Medium,49.0,20.414352862148373,2575,Offer contract upgrade,,,,,,
1169-WCVAK,0.2298190565119009,Low,88.8,20.4079322182568,2576,Offer contract upgrade,,,,,,
0374-IOEGQ,0.45713138271855863,Medium,44.6,20.388059669247717,2577,Offer contract upgrade,,,,,,
7623-TRNQN,0.40773363751263414,Medium,49.9,20.34590851188044,2578,Offer contract upgrade,,,,,,
6227-HWPWX,0.2940904464248759,Low,69.0,20.29224080331644,2579,Offer contract upgrade,,,,,,
6647-ZEDXT,0.18353298146586908,Low,110.45,20.27121780290524,2580,Review pricing or offer,,,,,,
9445-ZUEQE,0.23792092658605155,Low,85.2,20.270862945131594,2581,Offer contract upgrade,,,,,,
2995-UPRYS,0.2042137191477303,Low,99.2,20.258000939454845,2582,Review pricing or offer,,,,,,
0880-FVFWF,0.2342868540956195,Low,86.4,20.242384193861525,2583,Offer contract upgrade,,,,,,
8417-GSODA,0.21940459457080438,Low,92.2,20.229103619428166,2584,Review pricing or offer,,,,,,
2684-EIWEO,0.22037522759190853,Low,91.7,20.208408370178013,2585,Offer contract upgrade + pricing review,,,,,,
9500-LTVBP,0.25227576004919405,Low,80.05,20.194674591937982,2586,Offer contract upgrade,,,,,,
3780-YVMFA,0.29455743758134256,Low,68.55,20.191912346201033,2587,Offer contract upgrade,,,,,,
4080-IIARD,0.2646506550309109,Low,76.2,20.16637991335541,2588,Offer contract upgrade,,,,,,
9896-UYMIE,0.17637901832349948,Low,114.3,20.16012179437599,2589,Review pricing or offer,,,,,,
7251-XFOIL,0.2259894588728294,Low,89.2,20.158259731456383,2590,Offer contract upgrade,,,,,,
4257-GAESD,0.44794503755187803,Medium,45.0,20.157526689834512,2591,Offer contract upgrade,,,,,,
8773-HHUOZ,0.31150260074643826,Medium,64.7,20.154218268294557,2592,Offer contract upgrade,,,,,,
2359-QWQUL,0.1923626975023617,Low,104.7,20.14037442849727,2593,Review pricing or offer,,,,,,
0206-TBWLC,0.17560268421372976,Low,114.65,20.13284774510412,2594,Review pricing or offer,,,,,,
6726-WEXXK,0.23405109557808332,Low,85.9,20.10498911015736,2595,Offer technical support,,,,,,
0601-WZHJF,0.433488764339471,Medium,46.35,20.09220422713448,2596,Offer contract upgrade,,,,,,
8096-LOIST,0.3574419128562748,Medium,56.2,20.088235502522643,2597,Offer contract upgrade,,,,,,
3190-XFANI,0.19930313153894758,Low,100.6,20.049895032818124,2598,Review pricing or offer,,,,,,
8910-LEDAG,0.279442967723883,Low,71.55,19.994144340643828,2599,Offer contract upgrade,,,,,,
9210-IAHGH,0.28227351885129487,Low,70.75,19.97085145872911,2600,Offer contract upgrade,,,,,,
9537-VHDTA,0.38984533803508903,Medium,51.2,19.96008130739656,2601,Offer contract upgrade,,,,,,
9101-BWFSS,0.18387057159385484,Low,108.55,19.95915054651294,2602,Review pricing or offer,,,,,,
0277-BKSQP,0.3667624938145244,Medium,54.4,19.951879663510127,2603,Offer contract upgrade,,,,,,
5827-MWCZK,0.20564865837573634,Low,96.95,19.93763742952764,2604,Offer contract upgrade + pricing review,,,,,,
7921-LMDFQ,0.21199124088361576,Low,94.0,19.92717664305988,2605,Review pricing or offer,,,,,,
4685-ERGHK,0.22922957500402663,Low,86.9,19.920050067849914,2606,Offer technical support,,,,,,
0734-OXWBT,0.28160917650787437,Low,70.7,19.90976877910672,2607,Offer contract upgrade,,,,,,
9705-IOVQQ,0.20083939994896655,Low,99.0,19.883100594947688,2608,Review pricing or offer,,,,,,
0191-ZHSKZ,0.2656060018416212,Low,74.75,19.854048637661183,2609,Offer contract upgrade,,,,,,
5074-FBGHB,0.18969210662241093,Low,104.65,19.851278958035305,2610,Review pricing or offer,,,,,,
5924-IFQTT,0.2723249653100789,Low,72.8,19.825257474573743,2611,Offer contract upgrade,,,,,,
3050-GBUSH,0.5695846005414513,Medium,34.8,19.821544098842505,2612,Offer contract upgrade,,,,,,
9746-MDMBK,0.17469852320533752,Low,113.45,19.81954745764554,2613,Review pricing or offer,,,,,,
7398-LXGYX,0.23362851360511028,Low,84.8,19.811697953713352,2614,Offer contract upgrade,,,,,,
7957-RYHQD,0.24994876482031245,Low,79.2,19.795942173768747,2615,Offer contract upgrade,,,,,,
5443-SCMKX,0.20969527815612285,Low,94.3,19.774264730122383,2616,Review pricing or offer,,,,,,
8433-WPJTV,0.19004705787442971,Low,103.9,19.74588931315325,2617,Review pricing or offer,,,,,,
2692-AQCPF,0.1827005219107005,Low,108.05,19.740791392451186,2618,Review pricing or offer,,,,,,
6465-GSRCL,0.18508396066118268,Low,106.6,19.729950206482073,2619,Review pricing or offer,,,,,,
4468-KAZHE,0.3287116909243773,Medium,60.0,19.722701455462637,2620,Offer contract upgrade,,,,,,
5828-DWPIL,0.22121893940290044,Low,89.1,19.710607500798428,2621,Offer contract upgrade,,,,,,
7544-ZVIKX,0.187611356458403,Low,105.05,19.708572995955233,2622,Review pricing or offer,,,,,,
1450-SKCVI,0.26672852418616194,Low,73.85,19.697901511148057,2623,Offer contract upgrade,,,,,,
1564-HJUVY,0.3089772402312546,Medium,63.75,19.69729906474248,2624,Offer contract upgrade,,,,,,
3780-DDGSE,0.2584633368847453,Low,76.05,19.65613677008488,2625,Offer contract upgrade,,,,,,
2235-ZGKPT,0.38597387183582266,Medium,50.85,19.626771382851583,2626,Offer contract upgrade,,,,,,
6572-ADKRS,0.2619469160482565,Low,74.8,19.593629320409583,2627,Offer contract upgrade,,,,,,
1024-KPRBB,0.21972923979011802,Low,89.1,19.577875265299514,2628,Offer technical support,,,,,,
8023-QHAIO,0.25463891342437933,Low,76.85,19.56900049666355,2629,Offer contract upgrade,,,,,,
5057-LCOUI,0.38546744278725353,Medium,50.75,19.562472721453116,2630,Offer contract upgrade,,,,,,
4067-HLYQI,0.2778727557087818,Low,70.4,19.562242001898237,2631,Offer contract upgrade,,,,,,
7470-MCQTK,0.40091764093444326,Medium,48.75,19.54473499555411,2632,Offer contract upgrade,,,,,,
5732-IKGQH,0.1868539382680294,Low,104.45,19.51689385209567,2633,Review pricing or offer,,,,,,
4208-UFFGW,0.4336581342062925,Medium,44.95,19.49293313257285,2634,Offer contract upgrade,,,,,,
3522-CDKHF,0.2581169561218383,Low,75.5,19.487830187198792,2635,Offer contract upgrade,,,,,,
5295-PCJOO,0.3938961613009834,Medium,49.4,19.458470368268582,2636,Offer contract upgrade,,,,,,
2947-DOMLJ,0.3844105087598668,Medium,50.6,19.45117174324926,2637,Offer contract upgrade,,,,,,
7055-HNEOJ,0.34823903126491945,Medium,55.8,19.431737944582505,2638,Offer contract upgrade,,,,,,
0898-XCGTF,0.20117668475277836,Low,96.5,19.413550078643112,2639,Review pricing or offer,,,,,,
1170-SASML,0.22698247066375465,Low,85.4,19.38430299468465,2640,Offer contract upgrade,,,,,,
2252-JHJGE,0.18635780386888484,Low,104.0,19.381211602364022,2641,Review pricing or offer,,,,,,
3572-UOLYZ,0.2285141331997019,Low,84.8,19.377998495334722,2642,Offer contract upgrade,,,,,,
8623-ULFNQ,0.29335373682730603,Low,66.05,19.376014317443563,2643,Offer contract upgrade,,,,,,
6341-AEVKX,0.18562283867595905,Low,104.3,19.36046207390253,2644,Review pricing or offer,,,,,,
5811-IWXYM,0.19114708061842414,Low,101.25,19.353641912615444,2645,Review pricing or offer,,,,,,
5188-HGMLP,0.2610490820603336,Low,74.0,19.317632072464686,2646,Offer contract upgrade,,,,,,
6769-DCQLI,0.1837371800669354,Low,105.0,19.292403907028216,2647,Review pricing or offer,,,,,,
1768-ZAIFU,0.765476154002588,High,25.2,19.289999080865215,2648,Offer contract upgrade,,,,,,
3537-HPKQT,0.24801941135094874,Low,77.75,19.283509232536264,2649,Offer contract upgrade,,,,,,
5027-XWQHA,0.43089881550822234,Medium,44.75,19.28272199399295,2650,Offer contract upgrade,,,,,,
2826-UWHIS,0.23682638130959152,Low,81.4,19.27766743860075,2651,Offer contract upgrade,,,,,,
9036-CSKBW,0.17902175872951928,Low,107.45,19.235887975486847,2652,Review pricing or offer,,,,,,
3043-TYBNO,0.3169989643655875,Medium,60.65,19.22598718877288,2653,Offer contract upgrade,,,,,,
6305-YLBMM,0.18466841718469032,Low,104.05,19.21474880806703,2654,Review pricing or offer,,,,,,
9974-JFBHQ,0.19327689471479387,Low,99.15,19.163404110971815,2655,Offer contract upgrade + pricing review,,,,,,
0260-ZDLGK,0.26275458701549337,Low,72.9,19.154809393429467,2656,Offer contract upgrade,,,,,,
6728-VOIFY,0.1993889334386966,Low,96.0,19.141337610114874,2657,Review pricing or offer,,,,,,
9348-YVOMK,0.4258994028624446,Medium,44.8,19.080293248237517,2658,Offer contract upgrade,,,,,,
5686-CMAWK,0.2198290281522112,Low,86.75,19.07016819220432,2659,Offer security package,,,,,,
0463-ZSDNT,0.3358953095347189,Medium,56.75,19.0620588160953,2660,Offer contract upgrade,,,,,,
8294-UIMBA,0.20176097667568862,Low,94.4,19.046236198185007,2661,Review pricing or offer,,,,,,
6668-CNMFP,0.21296170122569905,Low,89.35,19.02812800451621,2662,Offer security package,,,,,,
3162-ZJZFU,0.20552899402794517,Low,92.55,19.021708397286325,2663,Offer contract upgrade + pricing review,,,,,,
0023-HGHWL,0.7557467932067627,High,25.1,18.969244509489744,2664,Offer contract upgrade,,,,,,
5365-LLFYV,0.41345095542285787,Medium,45.85,18.956726306138034,2665,Offer contract upgrade,,,,,,
4525-VZCZG,0.17889493673373552,Low,105.85,18.936029053265905,2666,Review pricing or offer,,,,,,
1078-TDCRN,0.6152349489294134,High,30.75,18.918474679579464,2667,Offer contract upgrade,,,,,,
6897-UUBNU,0.21101540571115945,Low,89.65,18.917531122005446,2668,Offer contract upgrade,,,,,,
5493-SDRDQ,0.34331859162532946,Medium,55.1,18.916854398555653,2669,Offer contract upgrade,,,,,,
8824-RWFXJ,0.3367535635184384,Medium,56.15,18.908712591560313,2670,Offer contract upgrade,,,,,,
6198-PNNSZ,0.17214049888329291,Low,109.8,18.90102677738556,2671,Review pricing or offer,,,,,,
6837-HAEVO,0.17970443975064873,Low,105.0,18.868966173818116,2672,Review pricing or offer,,,,,,
6202-DYYFX,0.2481502899304648,Low,76.0,18.859422034715326,2673,Offer technical support,,,,,,
1635-FJFCC,0.4276078451274875,Medium,44.05,18.836125577865822,2674,Offer contract upgrade,,,,,,
0928-JMXNP,0.6295681566473375,High,29.9,18.82408788375539,2675,Offer contract upgrade,,,,,,
7932-WPTDS,0.7589738741170152,High,24.8,18.822552078101978,2676,Offer contract upgrade,,,,,,
5868-CZJDR,0.6003927048629485,High,31.35,18.822311297453435,2677,Offer contract upgrade,,,,,,
2157-MXBJS,0.24985032780380836,Low,75.3,18.813729683626768,2678,Offer technical support,,,,,,
7128-GGCNO,0.25833949076738283,Low,72.8,18.80711492786547,2679,Offer contract upgrade,,,,,,
5325-UWTWJ,0.20758953685035558,Low,90.55,18.797232561799696,2680,Offer contract upgrade + pricing review,,,,,,
0621-HJWXJ,0.23025981567909623,Low,81.55,18.777687968630296,2681,Offer contract upgrade,,,,,,
7916-VCCPB,0.25615774761507154,Low,73.25,18.76355501280399,2682,Offer contract upgrade,,,,,,
5285-MVEHD,0.17759286081022108,Low,105.6,18.753806101559345,2683,Review pricing or offer,,,,,,
7776-QGYJC,0.22987809838023815,Low,81.5,18.73506501798941,2684,Offer contract upgrade,,,,,,
6097-EQISJ,0.18278738792523183,Low,102.45,18.72656789294,2685,Review pricing or offer,,,,,,
2842-JTCCU,0.4064945200807951,Medium,46.05,18.719072649720616,2686,Offer contract upgrade,,,,,,
4016-BJKTZ,0.1716502982025698,Low,108.9,18.69271747425985,2687,Review pricing or offer,,,,,,
4415-WNGVR,0.23601785207338108,Low,79.2,18.69261388421178,2688,Offer backup package,,,,,,
6704-UTUKK,0.40707313837934955,Medium,45.9,18.684657051612145,2689,Offer contract upgrade,,,,,,
2475-MROZF,0.1964969416849156,Low,95.0,18.66720946006698,2690,Offer contract upgrade + pricing review,,,,,,
1213-NGCUN,0.37560369094860907,Medium,49.65,18.64872325559844,2691,Offer contract upgrade,,,,,,
1871-MOWRM,0.23050002480057463,Low,80.85,18.635927005126458,2692,Offer contract upgrade,,,,,,
8679-LZBMD,0.2055574542889146,Low,90.65,18.63378323129011,2693,Review pricing or offer,,,,,,
6686-YPGHK,0.21754899446287648,Low,85.5,18.600439026575938,2694,Offer contract upgrade,,,,,,
1100-DDVRV,0.37349332882727565,Medium,49.8,18.599967775598326,2695,Offer contract upgrade,,,,,,
2722-VOJQL,0.17552676000771233,Low,105.65,18.544402194814808,2696,Review pricing or offer,,,,,,
8597-CWYHH,0.19654738908743463,Low,94.35,18.544246160399457,2697,Review pricing or offer,,,,,,
3541-ZNUHK,0.21778589045129948,Low,85.1,18.533579277405586,2698,Offer contract upgrade,,,,,,
2408-WITXK,0.5337815908186081,Medium,34.7,18.522221201405703,2699,Offer contract upgrade,,,,,,
7188-CBBBA,0.19339806298336046,Low,95.5,18.469515014910925,2700,Review pricing or offer,,,,,,
6313-GIDIT,0.33918292303893427,Medium,54.45,18.46851015946997,2701,Offer contract upgrade,,,,,,
1849-RJYIG,0.3075803198136961,Medium,60.0,18.454819188821766,2702,Offer contract upgrade,,,,,,
4918-FYJNT,0.20394710365741273,Low,90.45,18.447015525812983,2703,Offer contract upgrade + pricing review,,,,,,
5173-WXOQV,0.28685944871683255,Low,64.2,18.416376607620652,2704,Offer contract upgrade,,,,,,
6804-GDMOI,0.17272731628227142,Low,106.6,18.41273191569013,2705,Review pricing or offer,,,,,,
1041-RXHRA,0.2620395501561122,Low,70.25,18.40827839846688,2706,Offer contract upgrade,,,,,,
2181-UAESM,0.34432524425643857,Medium,53.45,18.404184305506643,2707,Offer contract upgrade,,,,,,
1422-DGUBX,0.23207736461162434,Low,79.25,18.39213114547123,2708,Offer security package,,,,,,
7594-LZNWR,0.2655864881887355,Low,69.15,18.36530565825106,2709,Offer contract upgrade,,,,,,
0003-MKNFE,0.30653339751285874,Medium,59.9,18.361350511020238,2710,Offer contract upgrade,,,,,,
5056-FIMPT,0.1730825065210725,Low,106.0,18.346745691233682,2711,Review pricing or offer,,,,,,
8388-FYNPZ,0.3231758477850551,Medium,56.75,18.340229361801878,2712,Offer contract upgrade,,,,,,
5966-EMAZU,0.16890854516746096,Low,108.5,18.326577150669515,2713,Review pricing or offer,,,,,,
7733-UDMTP,0.3330942908561512,Medium,55.0,18.320185997088316,2714,Offer contract upgrade,,,,,,
3842-QTGDL,0.22679884644084766,Low,80.75,18.314006850098448,2715,Offer contract upgrade,,,,,,
3351-NGXYI,0.3382501972126079,Medium,54.1,18.299335669202087,2716,Offer contract upgrade,,,,,,
0461-CVKMU,0.21836106617895717,Low,83.8,18.29865734579661,2717,Offer contract upgrade,,,,,,
4827-LTQRJ,0.1653775361928953,Low,110.6,18.29075550293422,2718,Review pricing or offer,,,,,,
0603-OLQDC,0.26182998067164925,Low,69.85,18.2888241499147,2719,Offer contract upgrade,,,,,,
7133-VBDCG,0.2285809835098514,Low,79.85,18.252191533261634,2720,Offer contract upgrade,,,,,,
0479-HMSWA,0.17294603495653996,Low,105.45,18.23715938616714,2721,Review pricing or offer,,,,,,
3842-IYKUE,0.21378956008926805,Low,85.3,18.236249475614564,2722,Offer contract upgrade,,,,,,
1501-SGHBW,0.3976420806201762,Medium,45.85,18.23188939643508,2723,Offer contract upgrade,,,,,,
9475-NNDGC,0.16103566386906712,Low,113.15,18.221185366784944,2724,Review pricing or offer,,,,,,
2672-DZUOY,0.7230003264730559,High,25.15,18.183458210797355,2725,Offer contract upgrade,,,,,,
0212-ISBBF,0.3607860729357495,Medium,50.35,18.165578772314987,2726,Offer contract upgrade,,,,,,
6297-NOOPG,0.16438191317130907,Low,110.5,18.16420140542965,2727,Review pricing or offer,,,,,,
7176-WIONM,0.3642053763690615,Medium,49.85,18.155638011997716,2728,Offer contract upgrade,,,,,,
9644-UMGQA,0.3693449724208533,Medium,49.15,18.15330539448494,2729,Offer contract upgrade,,,,,,
5740-YHGTW,0.18587725066358743,Low,97.55,18.132325802232952,2730,Offer contract upgrade + pricing review,,,,,,
0661-XEYAN,0.7025927106561488,High,25.8,18.12689193492864,2731,Offer contract upgrade,,,,,,
9391-YZEJW,0.1927856666212838,Low,94.0,18.121852662400677,2732,Review pricing or offer,,,,,,
2115-BFTIW,0.2554033323258121,Low,70.95,18.12086642851637,2733,Offer contract upgrade,,,,,,
5447-WZAFP,0.1806216757849544,Low,100.3,18.116354081230924,2734,Review pricing or offer,,,,,,
4432-ADRLB,0.4056576292469899,Medium,44.65,18.112613145878097,2735,Offer contract upgrade,,,,,,
4482-FTFFX,0.32243674177534326,Medium,56.15,18.104823050685525,2736,Offer contract upgrade,,,,,,
1763-WQFUK,0.35811702321545125,Medium,50.5,18.084909672380288,2737,Offer contract upgrade,,,,,,
5569-IDSEY,0.17104770890442847,Low,105.7,18.07974283119809,2738,Review pricing or offer,,,,,,
2834-SPCJV,0.21481674463680256,Low,84.1,18.066088223955095,2739,Offer contract upgrade,,,,,,
2480-SQIOB,0.40282328949408663,Medium,44.8,18.04648336933508,2740,Offer contract upgrade,,,,,,
1496-GGSUK,0.70198234481703,High,25.7,18.04094626179767,2741,Offer contract upgrade,,,,,,
2519-ERQOJ,0.33025013545873716,Medium,54.6,18.03165739604705,2742,Offer contract upgrade,,,,,,
8665-UTDHZ,0.5968482393317928,Medium,30.2,18.024816827820143,2743,Offer contract upgrade,,,,,,
1024-GUALD,0.726503484366611,High,24.8,18.017286412291956,2744,Offer contract upgrade,,,,,,
5568-DMXZS,0.2752686437499864,Low,65.45,18.01633273343661,2745,Offer contract upgrade,,,,,,
3466-WAESX,0.26050254008112217,Low,69.1,18.000725519605542,2746,Offer contract upgrade,,,,,,
0130-SXOUN,0.20125915650312304,Low,89.4,17.9925685913792,2747,Offer contract upgrade,,,,,,
2560-PPCHE,0.17124570020233534,Low,105.05,17.989360806255327,2748,Review pricing or offer,,,,,,
1485-YDHMM,0.19286168367553477,Low,93.25,17.984352002743616,2749,Offer contract upgrade + pricing review,,,,,,
6227-FBDXH,0.18068996663899836,Low,99.5,17.978651680580338,2750,Review pricing or offer,,,,,,
9419-IPPBE,0.19938340548594807,Low,90.15,17.97441400455822,2751,Review pricing or offer,,,,,,
5208-HFSBT,0.32593892273970065,Medium,55.05,17.94293769682052,2752,Offer contract upgrade,,,,,,
1226-UDFZR,0.3617493424038815,Medium,49.6,17.942767383232525,2753,Offer contract upgrade,,,,,,
0678-RLHVP,0.16946173710360152,Low,105.55,17.88668635128514,2754,Review pricing or offer,,,,,,
9833-TGFHX,0.18417741507347318,Low,97.1,17.883627003634246,2755,Review pricing or offer,,,,,,
1996-DBMUS,0.2530627265740827,Low,70.65,17.878881632458942,2756,Offer contract upgrade,,,,,,
2460-FPSYH,0.3203504656926472,Medium,55.8,17.87555598564971,2757,Offer contract upgrade,,,,,,
9708-HPXWZ,0.3932686653478828,Medium,45.4,17.85439740679388,2758,Offer contract upgrade,,,,,,
2049-BAFNW,0.49706102672914687,Medium,35.9,17.84449085957637,2759,Offer contract upgrade,,,,,,
3982-DQLUS,0.20801135873812873,Low,85.75,17.83697401179454,2760,Offer contract upgrade,,,,,,
0516-OOHAR,0.17752281594229197,Low,100.35,17.814414579808997,2761,Review pricing or offer,,,,,,
7993-NQLJE,0.23711938095214705,Low,75.1,17.807665509506243,2762,Offer contract upgrade,,,,,,
6614-VBEGU,0.25612316387600365,Low,69.45,17.787753731188452,2763,Offer contract upgrade,,,,,,
1394-SUIUH,0.20884606266698474,Low,85.15,17.783242236093752,2764,Offer contract upgrade,,,,,,
6257-RJOHI,0.34976984592512655,Medium,50.8,17.768308172996427,2765,Offer contract upgrade,,,,,,
7365-BVCJH,0.727875234769795,High,24.4,17.760155728382998,2766,Offer contract upgrade,,,,,,
1400-WIVLL,0.16451161867814343,Low,107.95,17.759029236305583,2767,Review pricing or offer,,,,,,
6581-NQCBA,0.3554494396503607,Medium,49.95,17.754699510535517,2768,Offer contract upgrade,,,,,,
8198-RKSZG,0.22058061117002883,Low,80.45,17.745710168628822,2769,Offer contract upgrade,,,,,,
1703-MGIAB,0.25713383730473865,Low,69.0,17.74223477402697,2770,Offer contract upgrade,,,,,,
7551-DACSP,0.32072297968982927,Medium,55.3,17.73598077684756,2771,Offer contract upgrade,,,,,,
8961-QDZZJ,0.18664281180963732,Low,95.0,17.731067121915544,2772,Review pricing or offer,,,,,,
3154-CFSZG,0.19687623440432003,Low,90.05,17.72870490810902,2773,Offer contract upgrade + pricing review,,,,,,
4957-TREIR,0.2752421057554344,Low,64.4,17.72559161064998,2774,Offer contract upgrade,,,,,,
1193-RTSLK,0.2109335335317793,Low,83.9,17.697323463316284,2775,Offer contract upgrade,,,,,,
1334-FJSVR,0.7294079514623195,High,24.25,17.688142822961247,2776,Offer contract upgrade,,,,,,
5898-IGSLP,0.19786857463709917,Low,89.3,17.669663715092955,2777,Offer contract upgrade,,,,,,
3113-IWHLC,0.31658104918013125,Medium,55.8,17.66522254425132,2778,Offer contract upgrade,,,,,,
0612-RTZZA,0.699479579234066,High,25.25,17.661859375660168,2779,Offer contract upgrade,,,,,,
6859-RKMZJ,0.3206969532296978,Medium,55.05,17.654367275294863,2780,Offer contract upgrade,,,,,,
7459-RRWQZ,0.2730663974705737,Low,64.65,17.653742596472593,2781,Offer contract upgrade,,,,,,
2257-BOVXD,0.2648648033770146,Low,66.6,17.639995904909174,2782,Offer contract upgrade,,,,,,
0129-KPTWJ,0.18633266381449373,Low,94.65,17.636386630041834,2783,Offer contract upgrade + pricing review,,,,,,
0823-HSCDJ,0.3582136819395105,Medium,49.15,17.606202467326938,2784,Offer contract upgrade,,,,,,
0215-BQKGS,0.20883229156429914,Low,84.3,17.604562178870417,2785,Offer contract upgrade,,,,,,
7242-QZLXF,0.6952529912643073,High,25.3,17.589900678986975,2786,Offer contract upgrade,,,,,,
9079-LWTFD,0.1745543939384427,Low,100.75,17.5863551892981,2787,Offer contract upgrade + pricing review,,,,,,
3086-RUCRN,0.17045798636931977,Low,103.1,17.57421839467687,2788,Offer contract upgrade + pricing review,,,,,,
3132-TVFDZ,0.3917739214267687,Medium,44.85,17.571060375990577,2789,Offer contract upgrade,,,,,,
0691-JVSYA,0.1852319956424681,Low,94.85,17.5692547866881,2790,Review pricing or offer,,,,,,
1867-TJHTS,0.22008623856616313,Low,79.8,17.562881837579816,2791,Offer contract upgrade,,,,,,
6473-ULUHT,0.2067128270370966,Low,84.9,17.5499190154495,2792,Offer contract upgrade,,,,,,
8257-RZAHR,0.27111272525484237,Low,64.7,17.540993323988303,2793,Offer contract upgrade,,,,,,
4226-KKDON,0.2631414974755526,Low,66.65,17.538380806745582,2794,Offer contract upgrade,,,,,,
8849-GYOKR,0.16455383031415957,Low,106.55,17.5332106199737,2795,Review pricing or offer,,,,,,
8650-RHRKE,0.5910814065846766,Medium,29.65,17.52556370523566,2796,Offer contract upgrade,,,,,,
1591-NFNLQ,0.21895509352025172,Low,80.0,17.51640748162014,2797,Offer contract upgrade,,,,,,
9323-HGFWY,0.17188646138480956,Low,101.9,17.515230415112097,2798,Review pricing or offer,,,,,,
6135-OZQVA,0.326244845868029,Medium,53.65,17.503035980819753,2799,Offer contract upgrade,,,,,,
2898-MRKPI,0.17319713468935907,Low,101.05,17.501570460359734,2800,Review pricing or offer,,,,,,
0345-XMMUG,0.1605599332275165,Low,108.9,17.484976728476546,2801,Review pricing or offer,,,,,,
0052-DCKON,0.15087407927163923,Low,115.8,17.471218379655824,2802,Review pricing or offer,,,,,,
3683-QKIUE,0.3437995592911843,Medium,50.8,17.46501761199216,2803,Offer contract upgrade,,,,,,
1548-ARAGG,0.2982100517935799,Low,58.5,17.445288029924424,2804,Offer contract upgrade,,,,,,
5131-PONJI,0.19276205220303727,Low,90.4,17.42568951915457,2805,Offer contract upgrade + pricing review,,,,,,
3620-MWJNE,0.3200094862860087,Medium,54.45,17.424516528273177,2806,Offer contract upgrade,,,,,,
1271-SJBGZ,0.39878766022817325,Medium,43.65,17.407081368959762,2807,Offer contract upgrade,,,,,,
5708-EVONK,0.18605307559115644,Low,93.4,17.377357260214012,2808,Offer contract upgrade + pricing review,,,,,,
4030-VPZBD,0.561509269962286,Medium,30.9,17.350636441834638,2809,Offer contract upgrade,,,,,,
1545-ACTAS,0.1739515457433243,Low,99.7,17.342969110609435,2810,Review pricing or offer,,,,,,
7009-LGECI,0.342961711416028,Medium,50.55,17.336714512080214,2811,Offer contract upgrade,,,,,,
3509-GWQGF,0.247179724680273,Low,70.0,17.30258072761911,2812,Offer contract upgrade,,,,,,
3807-BPOMJ,0.1824603888160973,Low,94.75,17.288121840325218,2813,Review pricing or offer,,,,,,
7593-JNWRU,0.3876253033653345,Medium,44.6,17.28808853009392,2814,Offer contract upgrade,,,,,,
2379-GYFLQ,0.18209036528223932,Low,94.9,17.280375665284513,2815,Review pricing or offer,,,,,,
3538-WZPHD,0.5835641420233616,Medium,29.6,17.273498603891504,2816,Offer contract upgrade,,,,,,
1950-KSVVJ,0.15234464521262978,Low,113.3,17.260648302590955,2817,Review pricing or offer,,,,,,
0311-QYWSS,0.349000289419996,Medium,49.45,17.258064311818803,2818,Offer contract upgrade,,,,,,
9206-GVPEQ,0.3167357852018986,Medium,54.45,17.24626350424338,2819,Offer contract upgrade,,,,,,
3797-VTIDR,0.7353004762731515,High,23.45,17.242796168605402,2820,Offer contract upgrade,,,,,,
4223-WOZCM,0.34504548471755525,Medium,49.95,17.235021961641884,2821,Offer contract upgrade,,,,,,
4522-AKYLR,0.31441592239836313,Medium,54.8,17.2299925474303,2822,Offer contract upgrade,,,,,,
8450-JOVAH,0.3032808839428682,Medium,56.7,17.196026119560628,2823,Offer contract upgrade,,,,,,
0616-ATFGB,0.6859712104329497,High,25.05,17.183578821345392,2824,Offer contract upgrade,,,,,,
4851-BQDNX,0.20172889552229648,Low,85.05,17.157042564171313,2825,Offer technical support,,,,,,
8091-TTVAX,0.17075091418698443,Low,100.35,17.134854238663888,2826,Review pricing or offer,,,,,,
4109-CYRBD,0.3316647973654923,Medium,51.6,17.113903544059404,2827,Offer contract upgrade,,,,,,
5515-RUGKN,0.3125026068901142,Medium,54.75,17.109517727233754,2828,Offer contract upgrade,,,,,,
4061-UKJWL,0.3757884354247928,Medium,45.45,17.079584390056834,2829,Offer contract upgrade,,,,,,
5759-RCVCB,0.4850517319649373,Medium,35.2,17.073820965165794,2830,Offer contract upgrade,,,,,,
9281-PKKZE,0.3884611849725908,Medium,43.95,17.072869079545367,2831,Offer contract upgrade,,,,,,
5630-AHZIL,0.2646614077510932,Low,64.5,17.07066079994551,2832,Offer contract upgrade,,,,,,
5334-JLAXU,0.18129324627224871,Low,94.1,17.059694474218603,2833,Offer contract upgrade + pricing review,,,,,,
3859-CVCET,0.3736725527516544,Medium,45.65,17.05815203311302,2834,Offer contract upgrade,,,,,,
4816-OKWNX,0.16492808575362536,Low,103.4,17.053564066924864,2835,Review pricing or offer,,,,,,
6429-SHBCB,0.24501760231252476,Low,69.6,17.053225120951723,2836,Offer contract upgrade,,,,,,
5949-HGVJL,0.23334866129511084,Low,73.05,17.046119707607847,2837,Offer contract upgrade,,,,,,
4690-LLKUA,0.3783215717044279,Medium,45.05,17.043386805284474,2838,Offer contract upgrade,,,,,,
0774-IFUVM,0.26156170291706554,Low,65.15,17.04074494504682,2839,Offer contract upgrade,,,,,,
3055-OYMSE,0.23078159153325742,Low,73.8,17.0316814551544,2840,Offer contract upgrade,,,,,,
9667-EQRXU,0.42244477535034625,Medium,40.3,17.02452444661895,2841,Offer contract upgrade,,,,,,
2862-PFNIK,0.6889739388899411,High,24.7,17.017656290581545,2842,Offer contract upgrade,,,,,,
7285-KLOTR,0.21546305638864974,Low,78.85,16.98926199624503,2843,Offer technical support,,,,,,
5440-FLBQG,0.1566811317937285,Low,108.4,16.98423468644017,2844,Review pricing or offer,,,,,,
4472-VESGY,0.1729202931448452,Low,98.15,16.972126772166558,2845,Offer contract upgrade + pricing review,,,,,,
4767-HZZHQ,0.20682996351709912,Low,82.05,16.970398506577983,2846,Offer contract upgrade,,,,,,
2108-YKQTY,0.3347128755901325,Medium,50.7,16.96994279241972,2847,Offer contract upgrade,,,,,,
4826-TZEVA,0.22683477663543283,Low,74.8,16.967241292330375,2848,Offer contract upgrade,,,,,,
8375-KVTHK,0.16909001763302753,Low,100.3,16.95972876859266,2849,Review pricing or offer,,,,,,
6849-OYAMU,0.1693350736275887,Low,100.0,16.93350736275887,2850,Review pricing or offer,,,,,,
0330-BGYZE,0.16515078109574602,Low,102.5,16.927955062313966,2851,Review pricing or offer,,,,,,
8421-WZOOW,0.17742336610460577,Low,95.3,16.90844678976893,2852,Offer contract upgrade + pricing review,,,,,,
9530-EHPOH,0.314497099217577,Medium,53.75,16.904219082944763,2853,Offer contract upgrade,,,,,,
5533-NHFRF,0.3807230534295838,Medium,44.4,16.90410357227352,2854,Offer contract upgrade,,,,,,
0580-PIQHM,0.16619654974806905,Low,101.6,16.885569454403814,2855,Review pricing or offer,,,,,,
3668-QPYBK,0.31346001227711495,Medium,53.85,16.87982166112264,2856,Offer contract upgrade,,,,,,
7669-LCRSD,0.29953982447374433,Low,56.3,16.864092117871806,2857,Offer contract upgrade,,,,,,
8980-WQFWL,0.2714943963722195,Low,62.1,16.85980201471483,2858,Offer contract upgrade,,,,,,
8547-NSBBO,0.17417250924914723,Low,96.75,16.851190269854996,2859,Offer contract upgrade + pricing review,,,,,,
8166-ORCHU,0.17972199957549892,Low,93.55,16.812993060287923,2860,Review pricing or offer,,,,,,
1357-MVDOZ,0.28181761300270375,Low,59.65,16.810420615611278,2861,Offer contract upgrade,,,,,,
8399-YNDCH,0.2799043575262353,Low,60.05,16.80825666945043,2862,Offer contract upgrade,,,,,,
6317-YPKDH,0.5611139888910737,Medium,29.95,16.805363967287654,2863,Offer contract upgrade,,,,,,
3301-LSLWQ,0.2540918822652633,Low,66.1,16.795473417733902,2864,Offer contract upgrade,,,,,,
3656-TKRVZ,0.30322045445671514,Medium,55.35,16.783252154179184,2865,Offer contract upgrade,,,,,,
5136-RGMZO,0.23606204391661378,Low,71.05,16.77220822027541,2866,Offer contract upgrade,,,,,,
5424-RLQLC,0.28109560789650123,Low,59.65,16.767353011026298,2867,Offer contract upgrade,,,,,,
0795-GMVQO,0.1525041489953969,Low,109.9,16.760205974594122,2868,Review pricing or offer,,,,,,
1625-JAIIY,0.20176492838783097,Low,83.0,16.746489056189972,2869,Offer technical support,,,,,,
4581-LNWUM,0.34070044374622366,Medium,49.15,16.745426810126894,2870,Offer contract upgrade,,,,,,
5948-UJZLF,0.3397313999749418,Medium,49.25,16.731771448765883,2871,Offer contract upgrade,,,,,,
4195-NZGTA,0.6625577341299045,High,25.25,16.72958278678009,2872,Offer contract upgrade,,,,,,
0618-XWMSS,0.22333666154831586,Low,74.9,16.72791594996886,2873,Offer contract upgrade,,,,,,
3258-SANFR,0.3741785923716437,Medium,44.7,16.725783079012473,2874,Offer contract upgrade,,,,,,
4673-KKSLS,0.19086227399870181,Low,87.6,16.719535202286277,2875,Offer contract upgrade,,,,,,
8660-BUETV,0.3735016071227324,Medium,44.75,16.714196918742275,2876,Offer contract upgrade,,,,,,
3642-GKTCT,0.14492984084451127,Low,115.1,16.681424681203247,2877,Review pricing or offer,,,,,,
7661-CPURM,0.19015454468562276,Low,87.7,16.676553568929116,2878,Offer security package,,,,,,
6270-OMFIW,0.17655521144638403,Low,94.4,16.666811960538652,2879,Review pricing or offer,,,,,,
1750-CSKKM,0.30078483465246975,Medium,55.35,16.6484405980142,2880,Offer contract upgrade,,,,,,
6333-YDVLT,0.1513423567494293,Low,110.0,16.647659242437225,2881,Review pricing or offer,,,,,,
0193-ESZXP,0.15777318396440618,Low,105.5,16.64507090824485,2882,Review pricing or offer,,,,,,
6360-SVNWV,0.22622240185812512,Low,73.55,16.638657656665103,2883,Offer contract upgrade,,,,,,
0013-MHZWF,0.23869650265635253,Low,69.4,16.565537284350867,2884,Offer contract upgrade,,,,,,
3426-NIYYL,0.32080903741312483,Medium,51.55,16.537705878646584,2885,Offer contract upgrade,,,,,,
0430-IHCDJ,0.3374561170353463,Medium,49.0,16.535349734731966,2886,Offer contract upgrade,,,,,,
6959-GQEGV,0.21759133475366638,Low,75.95,16.52606187454096,2887,Offer contract upgrade,,,,,,
3680-CTHUH,0.14166200762736694,Low,116.6,16.517790089350985,2888,Review pricing or offer,,,,,,
7537-RBWEA,0.6567260215214926,High,25.15,16.51665944126554,2889,Offer contract upgrade,,,,,,
4123-FCVCB,0.21762980168077412,Low,75.85,16.507220457486717,2890,Offer security package,,,,,,
9505-SQFSW,0.40959728407798784,Medium,40.3,16.50677054834291,2891,Offer contract upgrade,,,,,,
4883-QICIH,0.2364243380260837,Low,69.75,16.49059757731934,2892,Offer contract upgrade,,,,,,
2208-NQBCT,0.2011659296748055,Low,81.95,16.485547936850313,2893,Offer contract upgrade,,,,,,
6032-IGALN,0.6567260215214926,High,25.1,16.483823140189465,2894,Offer contract upgrade,,,,,,
0623-IIHUG,0.39329771725034013,Medium,41.9,16.47917435278925,2895,Offer contract upgrade,,,,,,
4138-NAXED,0.20338074864246616,Low,81.0,16.47384064003976,2896,Offer contract upgrade,,,,,,
4250-FDVOU,0.2927605654992135,Low,56.25,16.46778180933076,2897,Offer contract upgrade,,,,,,
1543-LLLFT,0.16744994511011357,Low,98.3,16.460329604324166,2898,Review pricing or offer,,,,,,
1017-FBQMM,0.15519448339167197,Low,106.05,16.45837496368681,2899,Review pricing or offer,,,,,,
8812-ZRHFP,0.19031839943973677,Low,86.45,16.453025631565243,2900,Offer technical support,,,,,,
6599-GZWCM,0.22034731149157624,Low,74.65,16.448926802846167,2901,Offer technical support,,,,,,
0621-TWIEM,0.3609401279807542,Medium,45.55,16.440822829523352,2902,Offer contract upgrade,,,,,,
0471-LVHGK,0.22517183919251516,Low,73.0,16.437544261053606,2903,Offer technical support,,,,,,
8124-NZVGJ,0.33366374607260485,Medium,49.25,16.43293949407579,2904,Offer security package,,,,,,
6038-GCYEC,0.303457025766661,Medium,54.15,16.432197945264694,2905,Offer contract upgrade,,,,,,
6633-SYEUS,0.19687179774773667,Low,83.2,16.37973357261169,2906,Offer contract upgrade,,,,,,
4367-NHWMM,0.6577762451912873,High,24.9,16.378628505263052,2907,Offer contract upgrade,,,,,,
4710-FDUIZ,0.16290780849430675,Low,100.3,16.339653191978968,2908,Review pricing or offer,,,,,,
7895-VONWT,0.3386367663793366,Medium,48.25,16.33922397780299,2909,Offer contract upgrade,,,,,,
0036-IHMOT,0.1574856054525882,Low,103.7,16.331257285433395,2910,Review pricing or offer,,,,,,
9058-HRZSV,0.17291304250069817,Low,94.4,16.322991212065908,2911,Offer contract upgrade + pricing review,,,,,,
8627-ZYGSZ,0.20678420988502655,Low,78.9,16.315274159928595,2912,Offer technical support,,,,,,
9139-WQQDY,0.16230965978261577,Low,100.45,16.304005325163754,2913,Review pricing or offer,,,,,,
5392-AKEMH,0.36173944081561765,Medium,45.05,16.296361808743573,2914,Offer contract upgrade,,,,,,
4080-OGPJL,0.22901147767371377,Low,71.15,16.294166636484736,2915,Offer contract upgrade,,,,,,
1575-KRZZE,0.29486254635388076,Low,55.2,16.27641255873422,2916,Offer contract upgrade,,,,,,
0980-PVMRC,0.31951172691701024,Medium,50.85,16.24717131372997,2917,Offer contract upgrade,,,,,,
7580-UGXNC,0.2961090377917754,Low,54.85,16.24158072287888,2918,Offer contract upgrade,,,,,,
2530-FMFXO,0.1573052590116712,Low,103.2,16.233902730004466,2919,Review pricing or offer,,,,,,
9643-YBLUR,0.23498413183772782,Low,69.05,16.225654303395107,2920,Offer contract upgrade,,,,,,
3886-CERTZ,0.1483877107927904,Low,109.25,16.211357404112352,2921,Review pricing or offer,,,,,,
3410-MHHUM,0.1713727961115656,Low,94.4,16.177591952931795,2922,Review pricing or offer,,,,,,
1453-RZFON,0.32413775203607403,Medium,49.9,16.174473826600092,2923,Offer contract upgrade,,,,,,
5949-EBSQK,0.2627719790664519,Low,61.45,16.14733811363347,2924,Offer contract upgrade,,,,,,
3709-OIJEA,0.1894887389140507,Low,85.2,16.144440555477118,2925,Offer security package,,,,,,
7402-PWYJJ,0.17706249394114706,Low,91.15,16.139246322735556,2926,Review pricing or offer,,,,,,
9227-LUNBG,0.6559383986362988,High,24.6,16.13608460645295,2927,Offer contract upgrade,,,,,,
5204-QZXPU,0.4067222556349603,Medium,39.65,16.126537435926174,2928,Offer contract upgrade,,,,,,
9142-KZXOP,0.23420339941079257,Low,68.85,16.124904049433066,2929,Offer contract upgrade,,,,,,
1470-PSXNM,0.1721021921492897,Low,93.65,16.117370294780983,2930,Review pricing or offer,,,,,,
1768-HNVGJ,0.229753314489171,Low,70.05,16.09421967996643,2931,Offer contract upgrade,,,,,,
7876-BEUTG,0.3297096450029895,Medium,48.8,16.089830676145887,2932,Offer contract upgrade,,,,,,
0595-ITUDF,0.17521620803003346,Low,91.8,16.084847897157072,2933,Offer contract upgrade + pricing review,,,,,,
5268-DSMNQ,0.16408234709794833,Low,97.95,16.071865898244038,2934,Review pricing or offer,,,,,,
5087-SUURX,0.41123494020976364,Medium,39.05,16.058724415191268,2935,Offer contract upgrade,,,,,,
8189-HBVRW,0.17679787461659296,Low,90.8,16.053247015186642,2936,Offer contract upgrade + pricing review,,,,,,
0887-WBJVH,0.17167959272020294,Low,93.45,16.043457939702964,2937,Review pricing or offer,,,,,,
7716-YTYHG,0.19524766870368535,Low,82.05,16.02007121713738,2938,Offer technical support,,,,,,
1047-NNCBF,0.22701324767000405,Low,70.55,16.015784623118787,2939,Offer contract upgrade,,,,,,
4459-BBGHE,0.359858398806843,Medium,44.5,16.013698746904513,2940,Offer contract upgrade,,,,,,
7241-AJHFS,0.18266556730830558,Low,87.65,16.010636974572986,2941,Offer contract upgrade,,,,,,
3144-KMTWZ,0.1714340489538026,Low,93.25,15.986225064942092,2942,Offer contract upgrade + pricing review,,,,,,
4256-ZWTZI,0.3131041305183882,Medium,51.0,15.968310656437799,2943,Offer contract upgrade,,,,,,
9136-ALYBR,0.6531006261004004,High,24.45,15.96831030815479,2944,Offer contract upgrade,,,,,,
7673-LPRNY,0.20298380691641987,Low,78.55,15.94437803328478,2945,Offer technical support,,,,,,
7203-OYKCT,0.15186637020935356,Low,104.95,15.938375553471657,2946,Review pricing or offer,,,,,,
3865-ZYKAD,0.1876642758345426,Low,84.9,15.932697018352668,2947,Offer contract upgrade,,,,,,
3347-YJZZE,0.19874631081485278,Low,80.1,15.919579496269707,2948,Offer contract upgrade,,,,,,
6656-JWRQX,0.5210548006018094,Medium,30.55,15.918224158385279,2949,Offer contract upgrade,,,,,,
2761-XECQW,0.36676240834922147,Medium,43.35,15.899150401938751,2950,Offer contract upgrade,,,,,,
8066-POXGX,0.45278163815689587,Medium,35.1,15.892635499307046,2951,Offer contract upgrade,,,,,,
1442-OKRJE,0.15395885181574456,Low,103.15,15.880855564794052,2952,Review pricing or offer,,,,,,
9089-UOWJG,0.2721397205661042,Low,58.35,15.87935269503218,2953,Offer contract upgrade,,,,,,
8450-UYIBU,0.3977068487467097,Medium,39.85,15.848617922556382,2954,Offer contract upgrade,,,,,,
6625-UTXEW,0.30882976905418824,Medium,51.25,15.827525664027148,2955,Offer contract upgrade,,,,,,
1020-JPQOW,0.17476204743985013,Low,90.55,15.824703395678428,2956,Offer contract upgrade + pricing review,,,,,,
2957-JIRMN,0.1871352886202527,Low,84.45,15.803575123980341,2957,Offer technical support,,,,,,
5198-EFNBM,0.17420306128711238,Low,90.65,15.791507505676739,2958,Review pricing or offer,,,,,,
3090-LETTY,0.25908455535838115,Low,60.95,15.791203649093331,2959,Offer contract upgrade,,,,,,
1310-QRITU,0.31382393962273564,Medium,50.3,15.785344163023602,2960,Offer contract upgrade,,,,,,
4570-QHXHL,0.36074353583183677,Medium,43.75,15.782529692642859,2961,Offer contract upgrade,,,,,,
8679-JOEVF,0.2654635948327233,Low,59.4,15.768537533063764,2962,Offer contract upgrade,,,,,,
4869-EPIUS,0.19445642421911744,Low,80.9,15.731524719326602,2963,Offer technical support,,,,,,
4455-BFSPD,0.15548670616419852,Low,101.15,15.727480328508681,2964,Review pricing or offer,,,,,,
7501-VTYLJ,0.3048030761448474,Medium,51.55,15.712598575266883,2965,Offer contract upgrade,,,,,,
4646-QZXTF,0.19338056244189694,Low,81.25,15.712170698404126,2966,Offer contract upgrade,,,,,,
6637-KYRCV,0.5150996624102138,Medium,30.5,15.71053970351152,2967,Offer contract upgrade,,,,,,
4130-MZLCC,0.3105600045631892,Medium,50.55,15.698808230669215,2968,Offer contract upgrade,,,,,,
8707-HOEDG,0.14240069876582906,Low,110.2,15.692557003994363,2969,Review pricing or offer,,,,,,
2676-OXPPQ,0.28148403552763396,Low,55.7,15.678660778889212,2970,Offer contract upgrade,,,,,,
1732-FEKLD,0.16531698929915548,Low,94.75,15.663784736094982,2971,Review pricing or offer,,,,,,
2305-MRGLV,0.20442832662802576,Low,76.55,15.648988403375371,2972,Offer contract upgrade,,,,,,
8108-UXRQN,0.3092566729168783,Medium,50.55,15.632924815948197,2973,Offer contract upgrade,,,,,,
5939-XAIXZ,0.27864246775317064,Low,56.1,15.631842440952873,2974,Offer contract upgrade,,,,,,
7129-AZJDE,0.1979639398412393,Low,78.95,15.629253050465843,2975,Offer technical support,,,,,,
9572-WUKSB,0.5223686696617567,Medium,29.9,15.618823222886522,2976,Offer contract upgrade,,,,,,
4566-QVRRW,0.35437621795909946,Medium,44.05,15.61027240109833,2977,Offer contract upgrade,,,,,,
1809-DMJHQ,0.33903181983351427,Medium,46.0,15.595463712341656,2978,Offer contract upgrade,,,,,,
2075-RMJIK,0.31502963209421864,Medium,49.4,15.562463825454401,2979,Offer contract upgrade,,,,,,
5960-MVTUK,0.5230926543327117,Medium,29.75,15.562006466398172,2980,Offer contract upgrade,,,,,,
5673-TIYIB,0.3850291907783416,Medium,40.4,15.555179307445,2981,Offer contract upgrade,,,,,,
2237-ZFSMY,0.16268224291165229,Low,95.55,15.544288310208376,2982,Review pricing or offer,,,,,,
0201-OAMXR,0.13438567463899873,Low,115.55,15.528264704536303,2983,Review pricing or offer,,,,,,
7802-EFKNY,0.6223301511006328,High,24.95,15.52713726996079,2984,Offer contract upgrade,,,,,,
4374-YMUSQ,0.13356637352013037,Low,116.25,15.527090921715155,2985,Review pricing or offer,,,,,,
2165-VOEGB,0.14755857296232786,Low,105.2,15.523161875636891,2986,Review pricing or offer,,,,,,
4640-UHDOS,0.27712700049476136,Low,55.95,15.505255677681898,2987,Offer contract upgrade,,,,,,
0292-WEGCH,0.17986231874640332,Low,86.2,15.504131875939967,2988,Offer contract upgrade,,,,,,
0956-ACVZC,0.16475670019641364,Low,94.1,15.503605488482522,2989,Review pricing or offer,,,,,,
8894-JVDCV,0.13461567426826834,Low,115.05,15.487533324564273,2990,Review pricing or offer,,,,,,
4468-YDOVK,0.3183423041095264,Medium,48.65,15.487353094928459,2991,Offer contract upgrade,,,,,,
8945-MUQUF,0.16336256285508058,Low,94.8,15.486770958661639,2992,Review pricing or offer,,,,,,
9026-LHEVG,0.3795898669665765,Medium,40.75,15.468287078887991,2993,Offer contract upgrade,,,,,,
9907-SWKKF,0.6174824922531418,High,25.05,15.467936430941203,2994,Offer contract upgrade,,,,,,
7743-EXURX,0.30277789391313475,Medium,51.05,15.456811484265529,2995,Offer contract upgrade,,,,,,
4187-CINZD,0.1620861437267719,Low,95.25,15.438705189975025,2996,Review pricing or offer,,,,,,
9909-DFRJA,0.1609839259445768,Low,95.85,15.430309301787686,2997,Review pricing or offer,,,,,,
6507-DTJZV,0.2322298866022497,Low,66.4,15.42006447038938,2998,Offer contract upgrade,,,,,,
4377-VDHYI,0.16972028671290418,Low,90.8,15.410602033531699,2999,Review pricing or offer,,,,,,
7663-ZTEGJ,0.15314762949540728,Low,100.55,15.3989941457632,3000,Review pricing or offer,,,,,,
1060-ENTOF,0.14609760373920333,Low,105.4,15.398687434112032,3001,Review pricing or offer,,,,,,
3806-DXQOM,0.45715121857645113,Medium,33.65,15.38313850509758,3002,Offer contract upgrade,,,,,,
0742-MOABM,0.3072279476874585,Medium,50.05,15.376758781757296,3003,Offer contract upgrade,,,,,,
9972-VAFJJ,0.16334614373527073,Low,94.0,15.35453751111545,3004,Review pricing or offer,,,,,,
7579-OOPEC,0.30599828883612207,Medium,50.15,15.345814185131522,3005,Offer contract upgrade,,,,,,
6629-LADHQ,0.3010075518671697,Medium,50.95,15.336334767632298,3006,Offer contract upgrade,,,,,,
2748-MYRVK,0.15351227028822675,Low,99.9,15.335875801793854,3007,Review pricing or offer,,,,,,
0786-VSSUD,0.39314883736964007,Medium,39.0,15.332804657415963,3008,Offer contract upgrade,,,,,,
1444-VVSGW,0.13255880515623247,Low,115.65,15.330425816318286,3009,Review pricing or offer,,,,,,
2001-EWBQU,0.14642154754072395,Low,104.7,15.330336027513798,3010,Review pricing or offer,,,,,,
2027-OAQQC,0.312037990515936,Medium,49.05,15.30546343480666,3011,Offer contract upgrade,,,,,,
0746-JTRFU,0.6109050803127923,High,25.05,15.30317226183545,3012,Offer contract upgrade,,,,,,
5707-ORNDZ,0.28043522698124496,Low,54.55,15.297741631826911,3013,Offer contract upgrade,,,,,,
6733-LRIZX,0.1403032923278173,Low,108.95,15.286043699115694,3014,Review pricing or offer,,,,,,
7766-CLTIC,0.25054574608633395,Low,60.95,15.270763223962055,3015,Offer contract upgrade,,,,,,
8008-ESFLK,0.1381516666432897,Low,110.5,15.265759164083512,3016,Review pricing or offer,,,,,,
5999-LCXAO,0.5104185908482483,Medium,29.9,15.261515866362622,3017,Offer contract upgrade,,,,,,
9700-ISPUP,0.23299256319566589,Low,65.5,15.261012889316115,3018,Offer contract upgrade,,,,,,
2478-EEWWM,0.3444810288537346,Medium,44.3,15.260509578220441,3019,Offer contract upgrade,,,,,,
2001-MCUUW,0.14027244007712858,Low,108.65,15.240600614380021,3020,Review pricing or offer,,,,,,
8999-XXGNS,0.14381737772984723,Low,105.75,15.208687694931346,3021,Review pricing or offer,,,,,,
1853-ARAAQ,0.3017944361380442,Medium,50.35,15.195349859550525,3022,Offer contract upgrade,,,,,,
7530-HDYDS,0.18025375477442077,Low,84.25,15.18637883974495,3023,Offer contract upgrade,,,,,,
8652-YHIYU,0.1909870796530932,Low,79.5,15.18347283242091,3024,Offer security package,,,,,,
2284-VFLKH,0.1529578657868354,Low,99.25,15.181068179343413,3025,Review pricing or offer,,,,,,
4729-XKASR,0.6119122434934081,High,24.75,15.14482802646185,3026,Offer contract upgrade,,,,,,
3665-JATSN,0.380999042129057,Medium,39.7,15.125661972523563,3027,Offer contract upgrade,,,,,,
9644-KVCNC,0.16399932797818165,Low,92.15,15.11253807318944,3028,Review pricing or offer,,,,,,
4026-SKKHW,0.30050786319958245,Medium,50.25,15.100520125779019,3029,Offer contract upgrade,,,,,,
7742-MYPGI,0.30906890602826004,Medium,48.8,15.08256261417909,3030,Offer contract upgrade,,,,,,
9381-NDKME,0.37093517895649036,Medium,40.65,15.078515024581332,3031,Offer contract upgrade,,,,,,
7607-QKKTJ,0.15867735367288494,Low,95.0,15.074348598924068,3032,Review pricing or offer,,,,,,
5748-RNCJT,0.14119479456715994,Low,106.5,15.037245621402533,3033,Review pricing or offer,,,,,,
5402-HTOTQ,0.2718153248621739,Low,55.3,15.031387464878216,3034,Offer contract upgrade,,,,,,
6537-QLGEX,0.38613091462779997,Medium,38.9,15.020492579021418,3035,Offer contract upgrade,,,,,,
5846-QFDFI,0.1694524565082339,Low,88.6,15.013487646629523,3036,Offer contract upgrade,,,,,,
9526-BIHHD,0.5051500035734735,Medium,29.7,15.002955106132163,3037,Offer contract upgrade,,,,,,
1907-YLNYW,0.22485224193322975,Low,66.7,14.997644536946424,3038,Offer contract upgrade,,,,,,
8216-AZUUZ,0.14936936486742441,Low,100.4,14.996684232689413,3039,Review pricing or offer,,,,,,
7502-BNYGS,0.21687285294197647,Low,69.1,14.985914138290573,3040,Offer contract upgrade,,,,,,
0015-UOCOJ,0.31085044662819505,Medium,48.2,14.982991527479003,3041,Offer contract upgrade,,,,,,
6844-DZKRF,0.29829818413797043,Low,50.2,14.974568843726116,3042,Offer contract upgrade,,,,,,
1205-WNWPJ,0.25162711109100855,Low,59.5,14.971813109915008,3043,Offer contract upgrade,,,,,,
2433-KMEAS,0.27465981804886336,Low,54.45,14.95522709276061,3044,Offer contract upgrade,,,,,,
8984-EYLLL,0.14207976583888923,Low,105.25,14.953895354543091,3045,Review pricing or offer,,,,,,
1707-HABPF,0.16375467513103004,Low,91.3,14.950801839463042,3046,Review pricing or offer,,,,,,
7396-VJUZB,0.3301387380475855,Medium,45.25,14.938777896653242,3047,Offer contract upgrade,,,,,,
5089-IFSDP,0.13626848730852215,Low,109.45,14.91458593591775,3048,Review pricing or offer,,,,,,
0617-FHSGK,0.19800790154770673,Low,75.2,14.890194196387547,3049,Offer contract upgrade,,,,,,
7869-ZYDST,0.2510547598236272,Low,59.05,14.824783567585184,3050,Offer contract upgrade,,,,,,
1816-FLZDK,0.5082548410358194,Medium,29.15,14.815628616194136,3051,Offer contract upgrade,,,,,,
0365-TRTPY,0.16245049776940523,Low,91.2,14.815485396569757,3052,Offer contract upgrade + pricing review,,,,,,
4320-QMLLA,0.2699270138376915,Low,54.85,14.80549670899738,3053,Offer contract upgrade,,,,,,
7963-GQRMY,0.33413962402976144,Medium,44.3,14.80238534451843,3054,Offer contract upgrade,,,,,,
7572-KPVKK,0.1421941908049988,Low,104.05,14.795305553260123,3055,Review pricing or offer,,,,,,
4950-BDEUX,0.3007091158369823,Medium,49.2,14.79488849917953,3056,Offer contract upgrade,,,,,,
2187-LZGPL,0.368669452453424,Medium,40.1,14.783645043382302,3057,Offer contract upgrade,,,,,,
4450-YOOHP,0.2917219886128158,Low,50.65,14.77571872323912,3058,Offer contract upgrade,,,,,,
8260-NGFNY,0.5844647044217287,Medium,25.2,14.728510551427563,3059,Offer contract upgrade,,,,,,
1347-KTTTA,0.1437461329157131,Low,102.45,14.726791317214806,3060,Review pricing or offer,,,,,,
8217-QYOHV,0.26415731345851257,Low,55.75,14.726770225312075,3061,Offer contract upgrade,,,,,,
9481-IEBZY,0.1304095338471736,Low,112.9,14.7232363713459,3062,Offer contract upgrade + pricing review,,,,,,
2209-XADXF,0.5828896857370026,Medium,25.25,14.717964564859317,3063,Offer contract upgrade,,,,,,
5778-BVOFB,0.24726921421879186,Low,59.5,14.712518246018115,3064,Offer contract upgrade,,,,,,
4647-XXZAM,0.32334571736582074,Medium,45.5,14.712230140144843,3065,Offer contract upgrade,,,,,,
6158-HDPXZ,0.5797868936475057,Medium,25.35,14.69759775396427,3066,Offer contract upgrade,,,,,,
3313-QKNKB,0.17174778198580232,Low,85.55,14.693022748885388,3067,Offer technical support,,,,,,
0487-RPVUM,0.14760881645729104,Low,99.4,14.672316355854731,3068,Offer contract upgrade + pricing review,,,,,,
8495-PRWFH,0.2636200079154893,Low,55.65,14.670453440496978,3069,Offer contract upgrade,,,,,,
9494-BDNNC,0.15363980836656002,Low,95.3,14.641873737333169,3070,Review pricing or offer,,,,,,
7516-GMHUV,0.13934736440945775,Low,105.05,14.638440631213536,3071,Review pricing or offer,,,,,,
9481-SFCQY,0.2446524600033183,Low,59.8,14.630217108198433,3072,Offer contract upgrade,,,,,,
5816-SCGFC,0.28512708173934465,Low,51.3,14.62701929322838,3073,Offer contract upgrade,,,,,,
0929-HYQEW,0.2912786671386324,Low,50.15,14.607625157002413,3074,Offer contract upgrade,,,,,,
4672-FOTSD,0.2169978941725727,Low,67.25,14.593108383105514,3075,Offer contract upgrade,,,,,,
1591-MQJTP,0.15578256375888783,Low,93.65,14.589037096019846,3076,Review pricing or offer,,,,,,
0239-OXEXL,0.17313801380531382,Low,84.25,14.58687766309769,3077,Offer contract upgrade,,,,,,
6817-WTYHE,0.3248313701567996,Medium,44.9,14.5849285200403,3078,Offer contract upgrade,,,,,,
5073-WXOYN,0.2869379643053199,Low,50.8,14.576448586710251,3079,Offer contract upgrade,,,,,,
4815-GBTCD,0.5794698575958731,Medium,25.15,14.573666918536208,3080,Offer contract upgrade,,,,,,
8878-RYUKI,0.24494259440166782,Low,59.45,14.561837237179153,3081,Offer contract upgrade,,,,,,
6235-VDHOM,0.5117296128245648,Medium,28.45,14.558707484858866,3082,Offer contract upgrade,,,,,,
5261-QSHQM,0.5952262286929081,Medium,24.45,14.553281291541602,3083,Offer contract upgrade,,,,,,
7853-OETYL,0.5007723772699829,Medium,29.05,14.547437559693003,3084,Offer contract upgrade,,,,,,
4129-LYCOI,0.1397701617772172,Low,104.0,14.53609682483059,3085,Review pricing or offer,,,,,,
3597-YASZG,0.13909994280879676,Low,104.45,14.528989026378822,3086,Review pricing or offer,,,,,,
0440-MOGPM,0.18024818862918132,Low,80.55,14.518991594080555,3087,Offer technical support,,,,,,
8993-PHFWD,0.5743280158408071,Medium,25.25,14.501782399980378,3088,Offer contract upgrade,,,,,,
4718-DHSMV,0.40503740914685743,Medium,35.8,14.500339247457495,3089,Offer contract upgrade,,,,,,
7718-UPSKJ,0.13616458284539576,Low,106.4,14.487911614750109,3090,Review pricing or offer,,,,,,
6383-ZTSIW,0.14608882169878415,Low,99.1,14.477402230349508,3091,Review pricing or offer,,,,,,
9415-TPKRV,0.2596752140630252,Low,55.75,14.476893184013655,3092,Offer contract upgrade,,,,,,
7389-KBFIT,0.4776696579721151,Medium,30.25,14.449507153656482,3093,Offer contract upgrade,,,,,,
7521-AFHAB,0.3222493048186277,Medium,44.8,14.436768855874519,3094,Offer contract upgrade,,,,,,
5201-FRKKS,0.1941871716174002,Low,74.3,14.428106851172835,3095,Offer contract upgrade,,,,,,
5480-HPRRX,0.5697922110990702,Medium,25.3,14.415742940806476,3096,Offer contract upgrade,,,,,,
3873-NFTGI,0.25948303763493946,Low,55.5,14.40130858873914,3097,Offer contract upgrade,,,,,,
3173-NVMPX,0.2603587172443812,Low,55.3,14.39783706361428,3098,Offer contract upgrade,,,,,,
5153-LXKDT,0.13060169390218598,Low,110.2,14.392306668020895,3099,Review pricing or offer,,,,,,
5482-PLVPE,0.5907173818240703,Medium,24.35,14.383968247416112,3100,Offer contract upgrade,,,,,,
0748-RDGGM,0.13134620686564813,Low,109.5,14.38240965178847,3101,Review pricing or offer,,,,,,
7634-WSWDB,0.37285955760547135,Medium,38.5,14.355092967810647,3102,Offer contract upgrade,,,,,,
4806-DXQCE,0.1261523604136045,Low,113.65,14.337215761006153,3103,Review pricing or offer,,,,,,
1116-DXXDF,0.14244719037523404,Low,100.45,14.308820273192259,3104,Review pricing or offer,,,,,,
5438-QMDDL,0.23912555328022783,Low,59.8,14.299708086157624,3105,Offer contract upgrade,,,,,,
3945-GFWQL,0.32079162151012647,Medium,44.55,14.291266738276134,3106,Offer contract upgrade,,,,,,
3192-NQECA,0.12985472144368995,Low,110.0,14.284019358805894,3107,Review pricing or offer,,,,,,
5527-ACHSO,0.20253108498578234,Low,70.5,14.278441491497656,3108,Offer contract upgrade,,,,,,
1862-SKORY,0.3632965087945142,Medium,39.3,14.277552795624407,3109,Offer contract upgrade,,,,,,
1428-IEDPR,0.13060648502624375,Low,109.3,14.27528881336844,3110,Review pricing or offer,,,,,,
2773-OVBPK,0.12823298612428377,Low,111.3,14.272331355632783,3111,Review pricing or offer,,,,,,
7989-VCQOH,0.1711284267681558,Low,83.25,14.246441528448969,3112,Offer contract upgrade,,,,,,
1335-HQMKX,0.14054793011859268,Low,101.35,14.244532717519368,3113,Review pricing or offer,,,,,,
8263-JQAIK,0.5822180727581694,Medium,24.45,14.235231878937242,3114,Offer contract upgrade,,,,,,
0516-WJVXC,0.2626033700312385,Low,54.2,14.233102655693129,3115,Offer contract upgrade,,,,,,
1447-PJGGA,0.14938630146783632,Low,95.25,14.22904521481141,3116,Review pricing or offer,,,,,,
9895-VFOXH,0.5825485590610308,Medium,24.4,14.21418484108915,3117,Offer contract upgrade,,,,,,
8905-IAZPF,0.14858116131646454,Low,95.65,14.211788079919835,3118,Review pricing or offer,,,,,,
4430-UZIPO,0.3854206069714143,Medium,36.85,14.202749366896617,3119,Offer contract upgrade,,,,,,
6655-LHBYW,0.12414289414391774,Low,114.35,14.195739945356992,3120,Review pricing or offer,,,,,,
0032-PGELS,0.4653129068753368,Medium,30.5,14.192043659697772,3121,Offer contract upgrade,,,,,,
5014-WUQMG,0.1475569352282003,Low,96.1,14.180221475430047,3122,Review pricing or offer,,,,,,
7055-VKGDA,0.13436571968983066,Low,105.4,14.162146855308153,3123,Review pricing or offer,,,,,,
7611-YKYTC,0.18868958597954252,Low,75.0,14.151718948465689,3124,Offer contract upgrade,,,,,,
6366-ZGQGL,0.5705314972940084,Medium,24.8,14.149181132891409,3125,Offer contract upgrade,,,,,,
9831-BPFRI,0.15792822351504726,Low,89.55,14.142472415772481,3126,Offer security package,,,,,,
7879-CGSFV,0.14014380194352374,Low,100.9,14.140509616101546,3127,Review pricing or offer,,,,,,
6917-IAYHD,0.4203346844209519,Medium,33.6,14.123245396543984,3128,Offer contract upgrade,,,,,,
4119-ZYPZY,0.1321441419653375,Low,106.8,14.112994361898044,3129,Review pricing or offer,,,,,,
6253-WRFHY,0.21788624845917595,Low,64.75,14.108134587731643,3130,Offer technical support,,,,,,
3439-GVUSX,0.5774135427162169,Medium,24.4,14.088890442275693,3131,Offer contract upgrade,,,,,,
7683-CBDKJ,0.21485774808289893,Low,65.45,14.062439612025734,3132,Offer contract upgrade,,,,,,
0587-DMGBH,0.2819883260832022,Low,49.85,14.05711805524763,3133,Offer contract upgrade,,,,,,
5312-IRCFR,0.15129828682392862,Low,92.85,14.048045931601772,3134,Review pricing or offer,,,,,,
4431-EDMIQ,0.18550327582809162,Low,75.7,14.042597980186535,3135,Offer contract upgrade,,,,,,
1353-LJWEM,0.23057552332569767,Low,60.9,14.042049370534988,3136,Offer contract upgrade,,,,,,
8805-JNRAZ,0.2851049332441376,Low,49.2,14.02716271561157,3137,Offer contract upgrade,,,,,,
0106-UGRDO,0.12089694498441528,Low,116.0,14.024045618192172,3138,Review pricing or offer,,,,,,
0864-FVJNJ,0.12353934288458407,Low,113.35,14.003184515967604,3139,Review pricing or offer,,,,,,
7080-TNUWP,0.14730992985236133,Low,95.0,13.994443335974326,3140,Review pricing or offer,,,,,,
8769-KKTPH,0.140377273774661,Low,99.65,13.98859533164497,3141,Review pricing or offer,,,,,,
1732-VHUBQ,0.198271687336672,Low,70.55,13.98806754160221,3142,Offer contract upgrade,,,,,,
5198-HQAEN,0.15592754099659167,Low,89.7,13.986700427394274,3143,Offer security package,,,,,,
6345-ULYRW,0.1581682157271418,Low,88.4,13.982070270279335,3144,Offer technical support,,,,,,
9693-XMUOB,0.27804253204667007,Low,50.25,13.97163723534517,3145,Offer contract upgrade,,,,,,
0550-DCXLH,0.19041191114653516,Low,73.35,13.966713682598353,3146,Offer contract upgrade,,,,,,
9571-EDEBV,0.14148639327192197,Low,98.65,13.957632696275104,3147,Review pricing or offer,,,,,,
2324-EFHVG,0.13351731228473265,Low,104.4,13.93920740252609,3148,Review pricing or offer,,,,,,
3927-NLNRY,0.14786307443300992,Low,94.25,13.936094765311184,3149,Review pricing or offer,,,,,,
2019-HDCZY,0.13532608715973035,Low,102.6,13.884456542588334,3150,Review pricing or offer,,,,,,
3729-OWRVL,0.12569190713053074,Low,110.35,13.870101951854068,3151,Review pricing or offer,,,,,,
3253-HKOKL,0.13825487167706366,Low,100.3,13.866963629209485,3152,Review pricing or offer,,,,,,
5193-QLVZB,0.13229521609531317,Low,104.75,13.857923885984054,3153,Review pricing or offer,,,,,,
8565-HBFNN,0.12909974925262385,Low,107.2,13.839493119881277,3154,Review pricing or offer,,,,,,
3808-HFKDE,0.3114899384438501,Medium,44.35,13.814578769984752,3155,Offer contract upgrade,,,,,,
4881-JVQOD,0.3997101542039157,Medium,34.55,13.809985827745287,3156,Offer contract upgrade,,,,,,
4184-VODJZ,0.15104426341674135,Low,91.35,13.79789346311932,3157,Review pricing or offer,,,,,,
5697-GOMBF,0.38326444624122347,Medium,35.9,13.759193620059921,3158,Offer contract upgrade,,,,,,
2309-OSFEU,0.40562590197969833,Medium,33.9,13.750718077111772,3159,Offer contract upgrade,,,,,,
9501-UKKNL,0.26535984875424007,Low,51.7,13.719104180594213,3160,Offer contract upgrade,,,,,,
8071-SBTRN,0.12329994265795138,Low,111.15,13.704788626431297,3161,Review pricing or offer,,,,,,
7554-AKDQF,0.2997862151141174,Low,45.65,13.68524071995946,3162,Offer contract upgrade,,,,,,
5996-NRVXR,0.13938676526307586,Low,98.15,13.680811010570897,3163,Review pricing or offer,,,,,,
5150-LJNSR,0.13947319018642043,Low,98.05,13.675346297778523,3164,Review pricing or offer,,,,,,
5423-BHIXO,0.25226326336008703,Low,54.2,13.672668874116718,3165,Offer contract upgrade,,,,,,
5167-GBFRE,0.5424758304832347,Medium,25.2,13.670390928177513,3166,Offer contract upgrade,,,,,,
0186-CAERR,0.11740745603213747,Low,116.3,13.654487136537586,3167,Review pricing or offer,,,,,,
8201-AAXCB,0.22613534411917421,Low,60.35,13.647268017592165,3168,Offer contract upgrade,,,,,,
7940-UQQUG,0.13062394516198744,Low,104.4,13.63713987491149,3169,Review pricing or offer,,,,,,
0807-ZABDG,0.24748513603877068,Low,55.1,13.636430995736264,3170,Offer contract upgrade,,,,,,
2606-RMDHZ,0.4465167486562284,Medium,30.5,13.618760834014967,3171,Offer contract upgrade,,,,,,
3694-DELSO,0.3528326525470195,Medium,38.55,13.6016987556876,3172,Offer contract upgrade,,,,,,
5482-NUPNA,0.2251214772759008,Low,60.4,13.597337227464408,3173,Offer contract upgrade,,,,,,
2937-FTHUR,0.2095835219362232,Low,64.8,13.581012221467264,3174,Offer contract upgrade,,,,,,
7824-PANSQ,0.16822988023962115,Low,80.65,13.567739841325446,3175,Offer contract upgrade,,,,,,
9375-MHRRS,0.2709332337453659,Low,50.05,13.56020834895556,3176,Offer contract upgrade,,,,,,
4713-ZBURT,0.1358560630628209,Low,99.7,13.544849487363242,3177,Review pricing or offer,,,,,,
8910-ICHIU,0.14137372344462035,Low,95.65,13.522396647477937,3178,Review pricing or offer,,,,,,
5233-GEEAX,0.4593959102794737,Medium,29.4,13.506239762216525,3179,Offer contract upgrade,,,,,,
8167-GJLRN,0.44359655249443164,Medium,30.4,13.485335195830721,3180,Offer contract upgrade,,,,,,
0778-NELLA,0.38841297105023537,Medium,34.7,13.477930095443169,3181,Offer contract upgrade,,,,,,
2805-EDJPQ,0.13506589207844602,Low,99.75,13.472822734824991,3182,Review pricing or offer,,,,,,
7878-JGDKK,0.30217768735122036,Medium,44.55,13.462015971496866,3183,Offer contract upgrade,,,,,,
8329-GWVPJ,0.1929940635232357,Low,69.75,13.46133593074569,3184,Offer contract upgrade,,,,,,
5236-PERKL,0.11904068169118602,Low,112.95,13.44564499701946,3185,Review pricing or offer,,,,,,
6574-MCOEH,0.1698355117551674,Low,79.15,13.442480755421501,3186,Offer security package,,,,,,
2108-XWMPY,0.37893029495014746,Medium,35.45,13.433078955982728,3187,Offer contract upgrade,,,,,,
0999-QXNSA,0.2933029619801577,Low,45.75,13.418610510592215,3188,Offer contract upgrade,,,,,,
5678-VFNEQ,0.12858778260540468,Low,104.1,13.385988169222626,3189,Review pricing or offer,,,,,,
8263-OKETD,0.19424607476544697,Low,68.9,13.383554551339298,3190,Offer contract upgrade,,,,,,
7762-URZQH,0.12616334264467013,Low,106.05,13.379622487467268,3191,Review pricing or offer,,,,,,
4450-MDZFX,0.1796283640387336,Low,74.35,13.355368866279843,3192,Offer contract upgrade,,,,,,
2307-FYNNL,0.12240546967644898,Low,109.05,13.348316468216762,3193,Review pricing or offer,,,,,,
2270-CHBFN,0.14017444687824895,Low,95.1,13.330589898121474,3194,Offer contract upgrade + pricing review,,,,,,
7136-RVDTZ,0.2942905281390546,Low,45.25,13.316646398292221,3195,Offer technical support,,,,,,
4236-UJPWO,0.5432500332397442,Medium,24.5,13.309625814373733,3196,Offer contract upgrade,,,,,,
0201-MIBOL,0.1299460503664348,Low,102.4,13.306475557522925,3197,Review pricing or offer,,,,,,
6500-JVEGC,0.13128088470957994,Low,101.35,13.305317665315926,3198,Review pricing or offer,,,,,,
9103-TCIHJ,0.23871304410897048,Low,55.7,13.296316556869657,3199,Offer contract upgrade,,,,,,
2716-GFZOR,0.1542146302376785,Low,86.1,13.277879663464118,3200,Offer contract upgrade,,,,,,
6240-EURKS,0.3793587618049136,Medium,35.0,13.277556663171977,3201,Offer contract upgrade,,,,,,
3164-YAXFY,0.24689539101934768,Low,53.75,13.270627267289937,3202,Offer contract upgrade,,,,,,
5473-KHBPS,0.1385861381300639,Low,95.7,13.262693419047116,3203,Review pricing or offer,,,,,,
7025-IWFHT,0.1479728959944561,Low,89.55,13.250972836303543,3204,Offer security package,,,,,,
4695-VADHF,0.23061729663302946,Low,57.45,13.248963691567543,3205,Offer contract upgrade,,,,,,
2538-OIMXF,0.5361125246260153,Medium,24.7,13.241979358262578,3206,Offer contract upgrade,,,,,,
8963-JLGJT,0.2368594579075684,Low,55.9,13.240443697033074,3207,Offer contract upgrade,,,,,,
5600-PDUJF,0.2673426993865209,Low,49.5,13.233463619632785,3208,Offer contract upgrade,,,,,,
4324-AHJKS,0.23704231844658946,Low,55.8,13.22696136931969,3209,Offer contract upgrade,,,,,,
4419-UJMUS,0.13308019592304263,Low,99.35,13.221517464954283,3210,Review pricing or offer,,,,,,
3230-WYKIR,0.16123787020521888,Low,82.0,13.221505356827947,3211,Offer security package,,,,,,
6410-LEFEN,0.29276687027108234,Low,45.15,13.218424192739366,3212,Offer contract upgrade,,,,,,
8807-ARQET,0.3271988615041679,Medium,40.35,13.202474061693174,3213,Offer contract upgrade,,,,,,
2625-TRCZQ,0.2658578773463572,Low,49.65,13.199843610246633,3214,Offer contract upgrade,,,,,,
2402-TAIRZ,0.1647681351483812,Low,80.05,13.189689218627915,3215,Offer technical support,,,,,,
3758-CKOQL,0.12318810989199389,Low,107.0,13.181127758443345,3216,Review pricing or offer,,,,,,
1208-NBVFH,0.2657382268720307,Low,49.6,13.180616052852722,3217,Offer contract upgrade,,,,,,
1261-FWTTE,0.3798579489626848,Medium,34.65,13.162077931557029,3218,Offer contract upgrade,,,,,,
8676-OOQEJ,0.4314985568207891,Medium,30.5,13.160705983034067,3219,Offer contract upgrade,,,,,,
5445-PZWGX,0.1289891166288734,Low,102.0,13.156889896145088,3220,Review pricing or offer,,,,,,
7519-JTWQH,0.1189996760313507,Low,110.5,13.149464201464252,3221,Review pricing or offer,,,,,,
6476-YHMGA,0.1718634671911238,Low,76.5,13.14755524012097,3222,Offer contract upgrade,,,,,,
6480-YAGIY,0.11711687450349126,Low,112.2,13.140513319291719,3223,Review pricing or offer,,,,,,
5013-SBUIH,0.11983521990725747,Low,109.65,13.139931862830782,3224,Review pricing or offer,,,,,,
4402-FTBXC,0.14607846497741442,Low,89.8,13.117846154971815,3225,Offer contract upgrade,,,,,,
2911-UREFD,0.23452947491435255,Low,55.9,13.110197647712308,3226,Offer contract upgrade,,,,,,
7446-KQISO,0.11942515101513111,Low,109.75,13.10691032391064,3227,Review pricing or offer,,,,,,
6563-VNPMN,0.15289924213969625,Low,85.7,13.103465051371968,3228,Offer contract upgrade,,,,,,
3736-BLEPA,0.1434997600076543,Low,91.25,13.094353100698454,3229,Review pricing or offer,,,,,,
9076-AXYIK,0.12812385433382906,Low,102.1,13.081445527483947,3230,Review pricing or offer,,,,,,
0931-MHTEM,0.13070241161898155,Low,100.05,13.076776282479104,3231,Review pricing or offer,,,,,,
0872-JCPIB,0.1987199512309713,Low,65.75,13.065836793436363,3232,Offer contract upgrade,,,,,,
2592-SEIFQ,0.5271793692639959,Medium,24.75,13.047689389283898,3233,Offer contract upgrade,,,,,,
8268-YDIXR,0.13992941010807877,Low,93.15,13.034424551567538,3234,Review pricing or offer,,,,,,
0356-ERHVT,0.2837365084596983,Low,45.9,13.02350573830015,3235,Offer contract upgrade,,,,,,
2045-BMBTJ,0.21894066434959292,Low,59.45,13.0160224955833,3236,Offer contract upgrade,,,,,,
5351-QESIO,0.5377051308355801,Medium,24.2,13.012464166221038,3237,Offer contract upgrade,,,,,,
1710-RCXUS,0.143565883492564,Low,90.35,12.971177573553156,3238,Review pricing or offer,,,,,,
8133-ANHHJ,0.12581405461670064,Low,103.0,12.958847625520166,3239,Review pricing or offer,,,,,,
6322-PJJDJ,0.13637359309312402,Low,94.8,12.928216625228156,3240,Review pricing or offer,,,,,,
6408-OTUBZ,0.12360989809773709,Low,104.55,12.923414846118412,3241,Review pricing or offer,,,,,,
5206-XZZQI,0.16026561756195148,Low,80.6,12.91740877549329,3242,Offer contract upgrade,,,,,,
9978-HYCIN,0.15194707209001146,Low,84.95,12.907903774046474,3243,Offer technical support,,,,,,
3070-BDOQC,0.12952552547799437,Low,99.65,12.90721861388214,3244,Review pricing or offer,,,,,,
9743-DQKQW,0.5140608328418881,Medium,25.1,12.902926904331391,3245,Offer contract upgrade,,,,,,
4683-WYDOU,0.11972944282218624,Low,107.6,12.882888047667238,3246,Review pricing or offer,,,,,,
6035-RIIOM,0.13252198093527814,Low,97.2,12.881136546909037,3247,Review pricing or offer,,,,,,
7208-PSIHR,0.12334577634389653,Low,104.3,12.864964472668408,3248,Review pricing or offer,,,,,,
2957-LOLHO,0.2832598408120338,Low,45.4,12.859996772866335,3249,Offer contract upgrade,,,,,,
1573-LGXBA,0.13172760975269693,Low,97.55,12.850028331375585,3250,Review pricing or offer,,,,,,
1803-BGNBD,0.23656226672993055,Low,54.3,12.845331083435228,3251,Offer contract upgrade,,,,,,
8887-IPQNC,0.2900546783771126,Low,44.25,12.834919518187231,3252,Offer contract upgrade,,,,,,
7036-TYDEC,0.12333115374871223,Low,104.0,12.826439989866072,3253,Review pricing or offer,,,,,,
8242-JSVBO,0.28703342002287413,Low,44.65,12.816042204021329,3254,Offer contract upgrade,,,,,,
5046-NUHWD,0.28471728780727257,Low,45.0,12.812277951327266,3255,Offer contract upgrade,,,,,,
9873-MNDKV,0.2868787870068413,Low,44.65,12.809137839855463,3256,Offer contract upgrade,,,,,,
4908-XAXAY,0.14242187996299754,Low,89.85,12.796605914675329,3257,Offer technical support,,,,,,
1600-DILPE,0.2842852081061758,Low,45.0,12.792834364777912,3258,Offer contract upgrade,,,,,,
1265-XTECC,0.1322433656992789,Low,96.55,12.768096958265376,3259,Review pricing or offer,,,,,,
3982-XWFZQ,0.25406163092849315,Low,50.25,12.766596954156782,3260,Offer contract upgrade,,,,,,
6397-JNZZG,0.22977469246612323,Low,55.55,12.763984166493145,3261,Offer contract upgrade,,,,,,
5071-FBJFS,0.25361621717775956,Low,50.3,12.756895724041305,3262,Offer contract upgrade,,,,,,
3445-HXXGF,0.28149721463051725,Low,45.3,12.75182382276243,3263,Offer contract upgrade,,,,,,
1456-TWCGB,0.25869491652183885,Low,49.25,12.740724638700563,3264,Offer contract upgrade,,,,,,
2810-FTLEM,0.25396153126666876,Low,50.15,12.736170793023438,3265,Offer contract upgrade,,,,,,
4075-JFPGR,0.1359855837243743,Low,93.5,12.714652078228998,3266,Review pricing or offer,,,,,,
4274-DRSQT,0.14298558443907558,Low,88.9,12.71141845663382,3267,Offer technical support,,,,,,
3589-PPVKW,0.28616099966335495,Low,44.4,12.705548385052959,3268,Offer contract upgrade,,,,,,
9638-JIQYA,0.5102183624159157,Medium,24.9,12.7044372241563,3269,Offer contract upgrade,,,,,,
7966-YOTQW,0.23308937697036403,Low,54.5,12.70337104488484,3270,Offer contract upgrade,,,,,,
6789-HJBWG,0.2571272054766193,Low,49.4,12.702083950544994,3271,Offer contract upgrade,,,,,,
9489-UTFKA,0.20850202912607438,Low,60.9,12.69777357377793,3272,Offer contract upgrade,,,,,,
5795-KTGUD,0.11454613141161175,Low,110.8,12.691711360406583,3273,Review pricing or offer,,,,,,
8775-CEBBJ,0.2865756236351388,Low,44.2,12.666642564673134,3274,Offer contract upgrade,,,,,,
4833-QTJNO,0.15093869604858373,Low,83.85,12.656209663673746,3275,Offer contract upgrade,,,,,,
4692-NNQRU,0.15944235028830117,Low,79.2,12.627834142833454,3276,Offer security package,,,,,,
2616-UUTFK,0.17348806692366253,Low,72.75,12.621256868696449,3277,Offer contract upgrade,,,,,,
1089-HDMKP,0.23098109751386872,Low,54.55,12.600018869381538,3278,Offer contract upgrade,,,,,,
2056-EVGZL,0.11898257207253637,Low,105.75,12.582406996670722,3279,Review pricing or offer,,,,,,
3237-AJGEH,0.40503090880676856,Medium,31.0,12.555958173009826,3280,Offer contract upgrade,,,,,,
4945-RVMTE,0.21051381949721676,Low,59.55,12.536097951059258,3281,Offer contract upgrade,,,,,,
3316-UWXUY,0.13399286304278524,Low,93.5,12.52833269450042,3282,Offer contract upgrade + pricing review,,,,,,
0187-WZNAB,0.16829277307104332,Low,74.4,12.520982316485624,3283,Offer contract upgrade,,,,,,
1355-KUSBG,0.2562832647586145,Low,48.8,12.506623320220388,3284,Offer contract upgrade,,,,,,
2696-ECXKC,0.1239483138553422,Low,100.9,12.506384868004028,3285,Review pricing or offer,,,,,,
0549-CYCQN,0.15709656643438846,Low,79.6,12.50488668817732,3286,Offer technical support,,,,,,
3413-CSSTH,0.2244377328730059,Low,55.7,12.501181721026429,3287,Offer contract upgrade,,,,,,
6143-JQKEA,0.2725741869058636,Low,45.8,12.483897760288553,3288,Offer contract upgrade,,,,,,
9396-ZSFLL,0.25537394237188926,Low,48.85,12.47501708486679,3289,Offer contract upgrade,,,,,,
8229-MYEJZ,0.2436224511307608,Low,51.2,12.473469497894953,3290,Offer contract upgrade,,,,,,
2896-TBNBE,0.1543736077497005,Low,80.8,12.473387506175799,3291,Offer technical support,,,,,,
6103-LIANB,0.12526065378732376,Low,99.5,12.463435051838715,3292,Review pricing or offer,,,,,,
5542-DHSXL,0.22771620932382863,Low,54.7,12.456076650013427,3293,Offer contract upgrade,,,,,,
4280-DLSHD,0.22671190653058557,Low,54.75,12.41247688254956,3294,Offer contract upgrade,,,,,,
8402-EIVQS,0.1229850442504099,Low,100.9,12.40919096486636,3295,Review pricing or offer,,,,,,
1596-OQSPS,0.24282498860499518,Low,51.1,12.408356917715254,3296,Offer contract upgrade,,,,,,
9033-EOXWV,0.16753659689110093,Low,74.05,12.406084999786023,3297,Offer security package,,,,,,
5650-VDUDS,0.5113806975762845,Medium,24.25,12.400981916224898,3298,Offer contract upgrade,,,,,,
1104-FEJAM,0.19236041473442062,Low,64.4,12.388010708896688,3299,Offer contract upgrade,,,,,,
1095-WGNGG,0.12255811074224679,Low,101.05,12.384497090504038,3300,Review pricing or offer,,,,,,
0048-LUMLS,0.13576984331210465,Low,91.2,12.382209710063945,3301,Review pricing or offer,,,,,,
1767-TGTKO,0.27221676701882097,Low,45.45,12.372252061005414,3302,Offer contract upgrade,,,,,,
3552-CTCYF,0.11804960227766231,Low,104.8,12.37159831869901,3303,Review pricing or offer,,,,,,
2391-SOORI,0.25057924774622,Low,49.35,12.366085876275957,3304,Offer contract upgrade,,,,,,
4012-ZTHBR,0.2750110743787472,Low,44.95,12.361747793324689,3305,Offer contract upgrade,,,,,,
0314-TKOSI,0.22405532589659036,Low,55.15,12.356651223196957,3306,Offer contract upgrade,,,,,,
7964-ZRKKG,0.13961106344693286,Low,88.4,12.341618008708865,3307,Offer technical support,,,,,,
7123-WQUHX,0.12971178697805735,Low,95.0,12.322619762915448,3308,Review pricing or offer,,,,,,
1465-LNTLJ,0.19114554839078554,Low,64.4,12.30977331636659,3309,Offer contract upgrade,,,,,,
9770-KXGQU,0.1248122529101262,Low,98.6,12.306488136938443,3310,Review pricing or offer,,,,,,
2294-DMMUS,0.1743304345715009,Low,70.45,12.28157911556224,3311,Offer contract upgrade,,,,,,
7789-CRUVC,0.13032031169508443,Low,94.2,12.276173361676953,3312,Offer contract upgrade + pricing review,,,,,,
9626-WEQRM,0.42091570791275496,Medium,29.15,12.269692885656806,3313,Offer contract upgrade,,,,,,
6128-DAFVY,0.27354205546178084,Low,44.85,12.26836118746087,3314,Offer contract upgrade,,,,,,
9565-JSNFM,0.17319668941957553,Low,70.45,12.201706769609096,3315,Offer technical support,,,,,,
6092-QZVPP,0.15399147984663522,Low,79.2,12.19612520385351,3316,Offer contract upgrade,,,,,,
5223-UZAVK,0.1215743356828824,Low,100.3,12.193905868993104,3317,Review pricing or offer,,,,,,
3022-BEXHZ,0.10957384316073131,Low,111.2,12.184611359473323,3318,Review pricing or offer,,,,,,
9314-QDMDW,0.1987996924315178,Low,61.25,12.176481161430464,3319,Offer technical support,,,,,,
2931-XIQBR,0.11792012245353921,Low,103.05,12.151668618837215,3320,Review pricing or offer,,,,,,
7750-EYXWZ,0.20014459270353524,Low,60.65,12.138769547469412,3321,Offer security package,,,,,,
2065-MMKGR,0.17081882005490212,Low,71.0,12.12813622389805,3322,Offer technical support,,,,,,
6131-FOYAS,0.2032959282966222,Low,59.6,12.116437326478684,3323,Offer contract upgrade,,,,,,
7016-NVRIC,0.13447623321281424,Low,90.1,12.116308612474562,3324,Review pricing or offer,,,,,,
6537-OTKMY,0.2386708150316749,Low,50.75,12.112543862857502,3325,Offer technical support,,,,,,
4277-UDIEF,0.14927623280328386,Low,81.0,12.091374857065993,3326,Offer contract upgrade,,,,,,
7923-IYJWY,0.10412461595465966,Low,116.1,12.088867912335987,3327,Review pricing or offer,,,,,,
6603-QWSPR,0.11566155379983972,Low,104.4,12.075066216703268,3328,Review pricing or offer,,,,,,
5593-SUAOO,0.14520240641483192,Low,83.15,12.073580093393275,3329,Offer technical support,,,,,,
0835-JKADZ,0.10841986546061234,Low,111.25,12.061710032493123,3330,Review pricing or offer,,,,,,
4905-JEFDW,0.28974410984897025,Low,41.6,12.053354969717162,3331,Offer technical support,,,,,,
6620-JDYNW,0.19877797333021316,Low,60.6,12.045945183810918,3332,Offer contract upgrade,,,,,,
7351-MHQVU,0.23626046174924212,Low,50.95,12.037470526123887,3333,Offer contract upgrade,,,,,,
0096-FCPUF,0.1865943987231828,Low,64.5,12.035338717645292,3334,Offer contract upgrade,,,,,,
8740-XLHDR,0.2782569797843148,Low,43.25,12.034614375671614,3335,Offer contract upgrade,,,,,,
0228-MAUWC,0.2018803913200004,Low,59.55,12.021977303106024,3336,Offer contract upgrade,,,,,,
8591-NXRCV,0.16097792381188905,Low,74.65,12.01700201255752,3337,Offer contract upgrade,,,,,,
3786-WOVKF,0.11246128393225041,Low,106.85,12.016488188160956,3338,Review pricing or offer,,,,,,
3345-PBBFH,0.24188488832820465,Low,49.55,11.98539621666254,3339,Offer contract upgrade,,,,,,
3580-REOAC,0.26718663783124696,Low,44.85,11.983320706731426,3340,Offer contract upgrade,,,,,,
8731-WBBMB,0.14627233079695576,Low,81.9,11.979703892270678,3341,Offer contract upgrade,,,,,,
4003-FUSHP,0.19463123326923223,Low,61.55,11.979552407721243,3342,Offer contract upgrade,,,,,,
2933-FILNV,0.4908934870483948,Medium,24.4,11.977801083980832,3343,Offer contract upgrade,,,,,,
0440-QEXBZ,0.2388094621348648,Low,50.15,11.97629452606347,3344,Offer contract upgrade,,,,,,
7175-NTIXE,0.1572412328239332,Low,76.15,11.973919879542514,3345,Offer contract upgrade,,,,,,
7868-BGSZA,0.14921601852801342,Low,80.2,11.967124685946676,3346,Offer technical support,,,,,,
6421-SZVEM,0.1443578582254432,Low,82.85,11.960048553977968,3347,Offer technical support,,,,,,
6890-PFRQX,0.17129368481071713,Low,69.5,11.904911094344842,3348,Offer contract upgrade,,,,,,
1352-VHKAJ,0.16604565438937827,Low,71.6,11.888868854279483,3349,Offer contract upgrade,,,,,,
8970-ANWXO,0.16074520074360166,Low,73.75,11.854958554840621,3350,Offer security package,,,,,,
5027-YOCXN,0.1077148964688156,Low,110.05,11.854024356393158,3351,Review pricing or offer,,,,,,
1309-XGFSN,0.14660143269174888,Low,80.85,11.852725833127897,3352,Offer technical support,,,,,,
2195-VVRJF,0.19998160620328417,Low,59.1,11.818912926614095,3353,Offer contract upgrade,,,,,,
2972-YDYUW,0.12443966994395801,Low,94.7,11.784436743692824,3354,Review pricing or offer,,,,,,
8791-GFXLZ,0.24011463986775053,Low,49.05,11.777623085513163,3355,Offer contract upgrade,,,,,,
7088-FBAWU,0.1579453955178403,Low,74.55,11.774829235854993,3356,Offer contract upgrade,,,,,,
2712-SYWAY,0.45742462828643765,Medium,25.7,11.755812946961447,3357,Offer contract upgrade,,,,,,
7013-PSXHK,0.1453200122959126,Low,80.75,11.734590992894942,3358,Offer security package,,,,,,
4083-BFNYK,0.12342150692992938,Low,95.0,11.725043158343292,3359,Review pricing or offer,,,,,,
1794-SWWKL,0.19631795582893083,Low,59.65,11.710366065195723,3360,Offer contract upgrade,,,,,,
8976-OQHGT,0.20724733467989664,Low,56.5,11.70947440941416,3361,Offer contract upgrade,,,,,,
2988-QRAJY,0.10632370362913114,Low,110.05,11.700923584385881,3362,Review pricing or offer,,,,,,
4958-GZWIY,0.23997303927054583,Low,48.7,11.686687012475582,3363,Offer contract upgrade,,,,,,
5843-TTHGI,0.23353638704237004,Low,50.0,11.676819352118502,3364,Offer contract upgrade,,,,,,
0274-JKUJR,0.1984124778578437,Low,58.85,11.676574321934101,3365,Offer contract upgrade,,,,,,
5168-MQQCA,0.10748877472637693,Low,108.5,11.662532057811896,3366,Review pricing or offer,,,,,,
1324-NLTJE,0.21199883277929196,Low,55.0,11.659935802861058,3367,Offer contract upgrade,,,,,,
2796-UUZZO,0.14519985930991292,Low,80.3,11.659548702586006,3368,Offer contract upgrade,,,,,,
8992-OBVDG,0.18910264520553619,Low,61.65,11.658178076921306,3369,Offer contract upgrade,,,,,,
9762-YAQAA,0.1431915329888842,Low,81.4,11.655790785295176,3370,Offer technical support,,,,,,
5882-CMAZQ,0.3401463119319614,Medium,34.25,11.650011183669678,3371,Offer contract upgrade,,,,,,
1810-BOHSY,0.12082533248426812,Low,96.4,11.647562051483447,3372,Review pricing or offer,,,,,,
2486-WYVVE,0.14683354017654657,Low,79.3,11.643899736000142,3373,Offer security package,,,,,,
4580-TMHJU,0.2072630865407292,Low,56.15,11.637822309261944,3374,Offer contract upgrade,,,,,,
9138-EFSMO,0.1473520386379166,Low,78.95,11.633443450463515,3375,Offer technical support,,,,,,
8929-KSWIH,0.11715215780043038,Low,99.3,11.633209269582737,3376,Review pricing or offer,,,,,,
8663-UPDGF,0.1673238688857801,Low,69.5,11.629008887561717,3377,Offer contract upgrade,,,,,,
4837-QUSFT,0.11610177058687247,Low,100.15,11.627592324275279,3378,Review pricing or offer,,,,,,
6386-SZZKH,0.10748884255111675,Low,107.95,11.603420553393054,3379,Review pricing or offer,,,,,,
0975-VOOVL,0.39705679620832596,Medium,29.2,11.594058449283118,3380,Offer contract upgrade,,,,,,
1142-WACZW,0.38799238312595785,Medium,29.85,11.581572636309842,3381,Offer contract upgrade,,,,,,
5143-EGQFK,0.3903953092392283,Medium,29.65,11.575220918943119,3382,Offer contract upgrade,,,,,,
8967-SZQAS,0.22940469891461496,Low,50.45,11.573467060242326,3383,Offer contract upgrade,,,,,,
2458-EOMRE,0.18054437574115048,Low,64.05,11.563867266220688,3384,Offer contract upgrade,,,,,,
2851-STERV,0.1583069396869015,Low,73.0,11.556406597143809,3385,Offer security package,,,,,,
7905-NJMXS,0.1798690299505882,Low,64.2,11.547591722827763,3386,Offer contract upgrade,,,,,,
4338-EYCER,0.21143780038740148,Low,54.6,11.54450390115212,3387,Offer contract upgrade,,,,,,
5154-VEKBL,0.19722275527424116,Low,58.5,11.537531183543107,3388,Offer contract upgrade,,,,,,
8033-ATFAS,0.19273255505820747,Low,59.85,11.535043420233718,3389,Offer contract upgrade,,,,,,
7075-BNDVQ,0.32925563555884707,Medium,35.0,11.523947244559647,3390,Offer contract upgrade,,,,,,
9938-EKRGF,0.13615094112060722,Low,84.45,11.49794697763528,3391,Offer contract upgrade,,,,,,
1958-RNRKS,0.23021183765457207,Low,49.9,11.487570698963145,3392,Offer contract upgrade,,,,,,
7446-YPODE,0.19055427982459858,Low,60.25,11.480895359432065,3393,Offer contract upgrade,,,,,,
8049-WJCLQ,0.19059646517248063,Low,60.2,11.473907203383334,3394,Offer contract upgrade,,,,,,
5240-CAOYT,0.130862625116729,Low,87.55,11.457022828969624,3395,Offer contract upgrade,,,,,,
0516-UXRMT,0.1243352434958554,Low,92.05,11.44505916379349,3396,Review pricing or offer,,,,,,
5514-YQENT,0.10291964897634885,Low,111.15,11.439518983721175,3397,Review pricing or offer,,,,,,
6366-XIVKZ,0.18095567206909013,Low,63.15,11.427350691163042,3398,Offer contract upgrade,,,,,,
1777-JYQPJ,0.46972255164045,Medium,24.3,11.414258004862935,3399,Offer contract upgrade,,,,,,
8205-MQUGY,0.2317802772383948,Low,49.2,11.403589640129026,3400,Offer contract upgrade,,,,,,
2452-SNHFZ,0.15092034653827271,Low,75.45,11.386940146312677,3401,Offer contract upgrade,,,,,,
5951-AOFIH,0.1713631764888495,Low,66.4,11.378514918859608,3402,Offer contract upgrade,,,,,,
0719-SYFRB,0.18439327218966015,Low,61.65,11.367845230492549,3403,Offer contract upgrade,,,,,,
5651-WYIPH,0.22784181046459862,Low,49.85,11.357914251660242,3404,Offer contract upgrade,,,,,,
9163-GHAYE,0.23244075638650508,Low,48.85,11.354730949480773,3405,Offer contract upgrade,,,,,,
2758-RNWXS,0.12724299691601276,Low,89.2,11.350075324908339,3406,Offer backup package,,,,,,
7410-KTVFV,0.22906218372235546,Low,49.55,11.350031203442713,3407,Offer contract upgrade,,,,,,
3082-VQXNH,0.38071856413557265,Medium,29.8,11.345413211240064,3408,Offer contract upgrade,,,,,,
0308-GIQJT,0.10725309263880176,Low,105.75,11.342014546553285,3409,Review pricing or offer,,,,,,
4925-LMHOK,0.1935063411027258,Low,58.6,11.339471588619732,3410,Offer contract upgrade,,,,,,
8496-DMZUK,0.12530782118531478,Low,90.4,11.327827035152456,3411,Review pricing or offer,,,,,,
5271-YNWVR,0.10010121211382358,Low,113.15,11.32645215067914,3412,Review pricing or offer,,,,,,
3096-WPXBT,0.11243920488988336,Low,100.7,11.322627932411255,3413,Review pricing or offer,,,,,,
9633-DENPU,0.19321782957136124,Low,58.6,11.322564812881769,3414,Offer contract upgrade,,,,,,
1090-PYKCI,0.1076973469940515,Low,105.1,11.318991169074812,3415,Review pricing or offer,,,,,,
9586-JGQKH,0.10738415017974616,Low,105.4,11.318289428945246,3416,Review pricing or offer,,,,,,
1215-VFYVK,0.234511170389842,Low,48.25,11.315163971309877,3417,Offer contract upgrade,,,,,,
1919-RTPQD,0.2527514640782272,Low,44.75,11.310628017500667,3418,Offer contract upgrade,,,,,,
1142-IHLOO,0.12903413814454323,Low,87.55,11.296938794554759,3419,Offer technical support,,,,,,
0523-VNGTF,0.22363553514955334,Low,50.5,11.293594525052443,3420,Offer contract upgrade,,,,,,
8344-WFMFH,0.22537255538182083,Low,50.1,11.291165024629224,3421,Offer contract upgrade,,,,,,
3179-GBRWV,0.1735936777506362,Low,64.95,11.27490936990382,3422,Offer contract upgrade,,,,,,
5343-SGUBI,0.1401700917829324,Low,80.2,11.24164136099118,3423,Offer technical support,,,,,,
0222-CNVPT,0.23020453681044178,Low,48.8,11.233981396349558,3424,Offer contract upgrade,,,,,,
5445-GLVOT,0.22556000860781078,Low,49.8,11.232888428668977,3425,Offer contract upgrade,,,,,,
1163-ONYEY,0.15049284108636232,Low,74.55,11.21924130298831,3426,Offer contract upgrade,,,,,,
3629-WEAAM,0.17502278362463716,Low,64.1,11.21896043033924,3427,Offer contract upgrade,,,,,,
6339-DKLMK,0.353859015234275,Medium,31.65,11.199637832164802,3428,Offer contract upgrade,,,,,,
9738-QLWTP,0.13653863111056813,Low,81.9,11.182513887955531,3429,Offer security package,,,,,,
4324-BZCKL,0.20093790701827663,Low,55.55,11.162100734865266,3430,Offer contract upgrade,,,,,,
7159-NOKYQ,0.11982366624103342,Low,93.15,11.161574510352263,3431,Review pricing or offer,,,,,,
0824-VWDPO,0.11533163673375665,Low,96.75,11.158335853990955,3432,Review pricing or offer,,,,,,
6180-YBIQI,0.4591416133337716,Medium,24.3,11.157141204010651,3433,Offer contract upgrade,,,,,,
3845-JHAMY,0.3142224859760594,Medium,35.5,11.154898252150108,3434,Offer contract upgrade,,,,,,
4747-LCAQL,0.1410293462050006,Low,79.0,11.141318350195048,3435,Offer contract upgrade,,,,,,
6575-SUVOI,0.16029087469194384,Low,69.5,11.140215791090096,3436,Offer contract upgrade,,,,,,
5448-VWNAM,0.14665816741218882,Low,75.9,11.131354906585132,3437,Offer contract upgrade,,,,,,
9402-ROUMJ,0.11065836911712201,Low,100.25,11.093501503991481,3438,Review pricing or offer,,,,,,
0799-DDIHE,0.2393346588528016,Low,46.3,11.081194704884714,3439,Offer contract upgrade,,,,,,
4701-AHWMW,0.2029343760856338,Low,54.55,11.070070215471324,3440,Offer contract upgrade,,,,,,
7319-VENRZ,0.17184950926005632,Low,64.3,11.049923445421621,3441,Offer contract upgrade,,,,,,
3633-CDBUW,0.1366156246099071,Low,80.85,11.045373249710988,3442,Offer security package,,,,,,
7163-OCEQI,0.14026047498722757,Low,78.65,11.03148635774545,3443,Offer security package,,,,,,
7041-TXQJH,0.274408690758247,Low,40.2,11.03122936848153,3444,Offer contract upgrade,,,,,,
0266-CLZKZ,0.10420381035631841,Low,105.65,11.009132564145041,3445,Review pricing or offer,,,,,,
0701-TJSEF,0.16128327076214627,Low,68.25,11.007583229516483,3446,Offer contract upgrade,,,,,,
8718-PTMEZ,0.3541153111763224,Medium,31.05,10.99528041202481,3447,Offer contract upgrade,,,,,,
6734-FQAJX,0.10463656770646312,Low,105.05,10.99207143756395,3448,Review pricing or offer,,,,,,
2959-EEXWB,0.21574552039878495,Low,50.9,10.981446988298153,3449,Offer contract upgrade,,,,,,
9881-VCZEP,0.2029268762687885,Low,54.1,10.978344006141459,3450,Offer contract upgrade,,,,,,
5309-TAIKL,0.1747809544429267,Low,62.8,10.976243939015797,3451,Offer contract upgrade,,,,,,
2828-SLQPF,0.24354250288724277,Low,45.0,10.959412629925925,3452,Offer contract upgrade,,,,,,
8190-ZTQFB,0.21312126193411204,Low,51.35,10.943776800316654,3453,Offer technical support,,,,,,
9069-LGEUL,0.18250407341329072,Low,59.95,10.94111920112678,3454,Offer contract upgrade,,,,,,
3604-WLABM,0.20165565107212843,Low,54.25,10.939819070662967,3455,Offer contract upgrade,,,,,,
6732-FZUGP,0.11511938341931645,Low,94.9,10.924829486493131,3456,Review pricing or offer,,,,,,
9488-FYQAU,0.09992255734803798,Low,109.25,10.91653939027315,3457,Review pricing or offer,,,,,,
8080-POTJR,0.13740616838919106,Low,79.3,10.896309153262852,3458,Offer technical support,,,,,,
3428-MMGUB,0.12147533994455263,Low,89.55,10.878116692034688,3459,Offer technical support,,,,,,
2277-BKJKN,0.10938509830713791,Low,99.2,10.85100175206808,3460,Review pricing or offer,,,,,,
5174-RNGBH,0.16373153042786234,Low,66.25,10.84721389084588,3461,Offer contract upgrade,,,,,,
8930-XOTDP,0.1938006073182046,Low,55.95,10.843143979453547,3462,Offer contract upgrade,,,,,,
8250-ZNGGW,0.18099734366066228,Low,59.9,10.841740885273671,3463,Offer contract upgrade,,,,,,
3521-MNKLV,0.21811129250761238,Low,49.7,10.840131237628336,3464,Offer contract upgrade,,,,,,
7074-STDCN,0.2669162283673928,Low,40.6,10.836798871716148,3465,Offer contract upgrade,,,,,,
5156-UMKOW,0.36540692989606355,Medium,29.65,10.834315471418284,3466,Offer contract upgrade,,,,,,
9342-VNIMQ,0.19817119547973872,Low,54.65,10.830055832967721,3467,Offer contract upgrade,,,,,,
0815-MFZGM,0.10925151970764986,Low,99.0,10.815900451057336,3468,Review pricing or offer,,,,,,
0530-IJVDB,0.0943116108928559,Low,114.6,10.808110608321286,3469,Review pricing or offer,,,,,,
3128-YOVTD,0.1364680373920271,Low,79.15,10.801445159578945,3470,Offer contract upgrade,,,,,,
2219-MVUSO,0.23904574528462655,Low,45.15,10.792915399600888,3471,Offer contract upgrade,,,,,,
3466-BYAVD,0.1552383012343343,Low,69.5,10.789061935786235,3472,Offer contract upgrade,,,,,,
2931-VUVJN,0.11471008652892076,Low,94.05,10.788483638044998,3473,Review pricing or offer,,,,,,
0820-FNRNX,0.1616488518275479,Low,66.7,10.781978416897445,3474,Offer contract upgrade,,,,,,
7182-OVLBJ,0.10637694780757498,Low,101.15,10.76002827073621,3475,Review pricing or offer,,,,,,
7148-XZPHA,0.13528756776677778,Low,79.4,10.741832880682157,3476,Offer contract upgrade,,,,,,
3096-YXENJ,0.09977405826444713,Low,107.65,10.740677372167735,3477,Review pricing or offer,,,,,,
6542-LWGXJ,0.42939307894777334,Medium,25.0,10.734826973694334,3478,Offer contract upgrade,,,,,,
5149-CUZUJ,0.11541713589425902,Low,92.9,10.722251924576664,3479,Review pricing or offer,,,,,,
6954-OOYZZ,0.24143641075108374,Low,44.35,10.707704816810564,3480,Offer contract upgrade,,,,,,
9099-FTUHS,0.1962248923643893,Low,54.4,10.674634144622779,3481,Offer contract upgrade,,,,,,
6993-YCOBK,0.09649078480671065,Low,110.6,10.671880799622198,3482,Review pricing or offer,,,,,,
5693-PIPCS,0.10702908361394381,Low,99.65,10.6654481821295,3483,Review pricing or offer,,,,,,
5760-WRAHC,0.15290582462294386,Low,69.75,10.665181267450334,3484,Offer contract upgrade,,,,,,
2207-OBZNX,0.20908110481387632,Low,51.0,10.663136345507692,3485,Offer contract upgrade,,,,,,
4332-MUOEZ,0.11294751820459302,Low,94.3,10.650950966693122,3486,Review pricing or offer,,,,,,
2830-LEWOA,0.10251066340066614,Low,103.9,10.650857927329213,3487,Review pricing or offer,,,,,,
8734-FNWVH,0.17832997296632422,Low,59.7,10.646299386089556,3488,Offer contract upgrade,,,,,,
0233-FTHAV,0.13424712455829071,Low,79.2,10.632372265016626,3489,Offer technical support,,,,,,
5921-NGYRH,0.14446676582431825,Low,73.55,10.625530626378607,3490,Offer contract upgrade,,,,,,
2894-QOJRX,0.3120998291107472,Medium,34.0,10.611394189765404,3491,Offer contract upgrade,,,,,,
0733-VUNUW,0.19065127715535043,Low,55.65,10.609743573695251,3492,Offer contract upgrade,,,,,,
3059-NGMXB,0.15322758966113983,Low,69.2,10.603349204550877,3493,Offer contract upgrade,,,,,,
7299-GNVPL,0.12561305090568045,Low,84.4,10.60174149643943,3494,Offer contract upgrade,,,,,,
3612-YUNGG,0.09692892072263774,Low,109.2,10.584638142912041,3495,Review pricing or offer,,,,,,
1131-SUEKT,0.10749520262302803,Low,98.45,10.58290269823711,3496,Review pricing or offer,,,,,,
5197-PYEPU,0.11203162241373563,Low,94.45,10.581386736977331,3497,Review pricing or offer,,,,,,
6873-UDNLD,0.15681382631716037,Low,67.45,10.577092585092467,3498,Offer contract upgrade,,,,,,
4827-USJHP,0.20410069955928853,Low,51.8,10.572416237171145,3499,Offer contract upgrade,,,,,,
2709-UQGNP,0.20460982325600588,Low,51.65,10.568097371172703,3500,Offer contract upgrade,,,,,,
6351-SCJKT,0.2551997817007506,Low,41.35,10.552510973326036,3501,Offer contract upgrade,,,,,,
3606-SBKRY,0.21051285377117968,Low,50.05,10.536168331247541,3502,Offer technical support,,,,,,
8992-VONJD,0.18792504505086322,Low,56.0,10.52380252284834,3503,Offer contract upgrade,,,,,,
3126-WQMGH,0.20160893568379418,Low,52.15,10.513905995909866,3504,Offer contract upgrade,,,,,,
1335-NTIUC,0.42120075761393977,Medium,24.95,10.508958902467796,3505,Offer contract upgrade,,,,,,
9114-VEPUF,0.10930789968630744,Low,96.1,10.504489159854144,3506,Review pricing or offer,,,,,,
1410-RSCMR,0.14721478315543066,Low,71.35,10.503774778139977,3507,Offer contract upgrade,,,,,,
3920-HIHMQ,0.21199804292082122,Low,49.5,10.493903124580651,3508,Offer contract upgrade,,,,,,
3570-YUEKJ,0.21172736021902455,Low,49.55,10.491090698852666,3509,Offer contract upgrade,,,,,,
5876-HZVZM,0.18759667230298344,Low,55.9,10.486653981736774,3510,Offer contract upgrade,,,,,,
7954-MLBUN,0.10540420691905304,Low,99.45,10.482448378099825,3511,Review pricing or offer,,,,,,
5360-LJCNJ,0.09968909140973406,Low,105.15,10.482307961733538,3512,Review pricing or offer,,,,,,
6008-NAIXK,0.1889567285316129,Low,55.45,10.477650597077936,3513,Offer technical support,,,,,,
8722-NGNBH,0.2618422118692251,Low,40.0,10.473688474769006,3514,Offer contract upgrade,,,,,,
0870-VEMYL,0.19446879453244792,Low,53.85,10.472144585572321,3515,Offer contract upgrade,,,,,,
0440-UEDAI,0.11083015644352223,Low,94.45,10.467908276090675,3516,Review pricing or offer,,,,,,
8158-WPEZG,0.2933018733506629,Low,35.65,10.456211784951131,3517,Offer contract upgrade,,,,,,
9128-CPXKI,0.10914216236314614,Low,95.8,10.455819154389399,3518,Review pricing or offer,,,,,,
9828-QHFBK,0.20432332847794682,Low,51.15,10.451138251646979,3519,Offer contract upgrade,,,,,,
9391-DXGGG,0.1171533825837652,Low,89.15,10.444224057342668,3520,Offer technical support,,,,,,
9152-AMKAK,0.13006450858781163,Low,80.25,10.437676814171883,3521,Offer backup package,,,,,,
6050-FFXES,0.099060451388824,Low,105.35,10.436018553812607,3522,Review pricing or offer,,,,,,
6543-CPZMK,0.34841334537403523,Medium,29.95,10.434979693952355,3523,Offer contract upgrade,,,,,,
9330-VOFSZ,0.09391719311770111,Low,110.8,10.406024997441282,3524,Review pricing or offer,,,,,,
4625-EWPTF,0.34173269009899315,Medium,30.45,10.405760413514342,3525,Offer contract upgrade,,,,,,
2834-JRTUA,0.09619254591375717,Low,108.05,10.393604585981462,3526,Review pricing or offer,,,,,,
8089-UZWLX,0.09978202735642248,Low,104.05,10.382319946435759,3527,Review pricing or offer,,,,,,
5195-KPUNQ,0.10703671624034232,Low,96.75,10.355802296253119,3528,Review pricing or offer,,,,,,
7130-CTCUS,0.18943539234796522,Low,54.55,10.333700652581502,3529,Offer contract upgrade,,,,,,
9174-FKWZE,0.5310585490422187,Medium,19.45,10.329088778871153,3530,Offer contract upgrade,,,,,,
4710-NKCAW,0.16033071978847893,Low,64.4,10.325298354378043,3531,Offer contract upgrade,,,,,,
1986-PHGZF,0.1767990164690773,Low,58.4,10.325062561794114,3532,Offer contract upgrade,,,,,,
2436-QBZFP,0.2633597985817842,Low,39.2,10.323704104405941,3533,Offer contract upgrade,,,,,,
2040-OBMLJ,0.12631614609119277,Low,81.7,10.320029135650449,3534,Offer security package,,,,,,
3716-LRGXK,0.1018521180164204,Low,101.15,10.302341737360925,3535,Review pricing or offer,,,,,,
3723-BFBGR,0.1875966205035553,Low,54.8,10.28029480359483,3536,Offer contract upgrade,,,,,,
1699-HPSBG,0.17176474076334733,Low,59.8,10.27153149764817,3537,Offer security package,,,,,,
5651-CPDND,0.22324259993243353,Low,46.0,10.269159596891942,3538,Offer contract upgrade,,,,,,
8095-WANWK,0.22693407050898148,Low,45.25,10.268766690531413,3539,Offer contract upgrade,,,,,,
0356-OBMAC,0.1027226575153273,Low,99.9,10.261993485781199,3540,Review pricing or offer,,,,,,
6439-LAJXL,0.1487302481353131,Low,68.95,10.254950608929839,3541,Offer contract upgrade,,,,,,
3701-SFMUH,0.1470425604008943,Low,69.7,10.248866459942334,3542,Offer contract upgrade,,,,,,
4700-UBQMV,0.1350132073659651,Low,75.9,10.24750243907675,3543,Offer technical support,,,,,,
8947-YRTDV,0.10806782172387572,Low,94.8,10.244829499423417,3544,Review pricing or offer,,,,,,
0907-HQNTS,0.09066219319985942,Low,113.0,10.244827831584114,3545,Review pricing or offer,,,,,,
2242-MFOTG,0.12789472259302884,Low,80.1,10.24436727970161,3546,Offer technical support,,,,,,
2087-QAREY,0.18725022571740668,Low,54.7,10.242587346742146,3547,Offer contract upgrade,,,,,,
0584-BJQGZ,0.130650261973389,Low,78.35,10.236448025615028,3548,Offer contract upgrade,,,,,,
0567-GGCAC,0.16660372279019386,Low,61.4,10.229468579317903,3549,Offer contract upgrade,,,,,,
0744-GKNGE,0.11783957176819101,Low,86.8,10.22847482947898,3550,Offer contract upgrade,,,,,,
3566-VVORZ,0.22217456320421566,Low,45.9,10.1978124510735,3551,Offer contract upgrade,,,,,,
1697-NVVGY,0.15357325646026795,Low,66.4,10.197264228961792,3552,Offer contract upgrade,,,,,,
3714-XPXBW,0.129150109737913,Low,78.9,10.189943658321337,3553,Offer contract upgrade,,,,,,
6749-UTDVX,0.09819351006577325,Low,103.65,10.177757318317397,3554,Review pricing or offer,,,,,,
1346-PJWTK,0.10806022790100006,Low,94.15,10.173870456879156,3555,Offer contract upgrade + pricing review,,,,,,
2446-ZKVAF,0.17881922791082536,Low,56.8,10.15693214533488,3556,Offer contract upgrade,,,,,,
9107-UKCKY,0.12712310268399085,Low,79.8,10.14442359418247,3557,Offer technical support,,,,,,
3999-WRNGR,0.20335350509498903,Low,49.75,10.116836878475704,3558,Offer contract upgrade,,,,,,
7674-YTAFD,0.12630442254332627,Low,79.95,10.098038582338935,3559,Offer security package,,,,,,
6022-KOUQO,0.3473575019850782,Medium,29.05,10.090735432666522,3560,Offer contract upgrade,,,,,,
2558-BUOZZ,0.1064389429438169,Low,94.8,10.09041179107384,3561,Review pricing or offer,,,,,,
4628-CTTLA,0.256105891495646,Low,39.3,10.064961535778886,3562,Offer contract upgrade,,,,,,
6839-ITVZJ,0.16752941912059965,Low,60.05,10.06014161819201,3563,Offer contract upgrade,,,,,,
6794-HKIAJ,0.11085644569719794,Low,90.7,10.054679624735853,3564,Offer contract upgrade + pricing review,,,,,,
3815-SLMEF,0.2933394677478707,Low,34.25,10.046876770364571,3565,Offer contract upgrade,,,,,,
8455-HIRAQ,0.225675960649139,Low,44.45,10.03129645085423,3566,Offer contract upgrade,,,,,,
5229-DTFYB,0.10143155589417857,Low,98.8,10.021437722344842,3567,Review pricing or offer,,,,,,
3030-YZADT,0.2229083751423913,Low,44.95,10.01973146265049,3568,Offer contract upgrade,,,,,,
3259-FDWOY,0.09450373349476292,Low,106.0,10.01739575044487,3569,Review pricing or offer,,,,,,
8100-HZZLJ,0.15645469605171863,Low,63.95,10.005277812507407,3570,Offer contract upgrade,,,,,,
6854-EXGSF,0.15261395253448165,Low,65.5,9.996213891008548,3571,Offer contract upgrade,,,,,,
0895-LMRSF,0.1539774836515068,Low,64.9,9.993138688982791,3572,Offer technical support,,,,,,
4452-QIIEB,0.22662059293598388,Low,43.9,9.948644029889692,3573,Offer contract upgrade,,,,,,
9405-GPBBG,0.09003226009714954,Low,110.5,9.948564740735025,3574,Review pricing or offer,,,,,,
5985-BEHZK,0.09460880102923654,Low,105.0,9.933924108069837,3575,Review pricing or offer,,,,,,
7595-EHCDL,0.19626300042953146,Low,50.6,9.930907821734293,3576,Offer contract upgrade,,,,,,
0836-SEYLU,0.24424943196664886,Low,40.65,9.928739409444276,3577,Offer contract upgrade,,,,,,
5701-ZIKJE,0.19623166197919564,Low,50.55,9.919510513048339,3578,Offer contract upgrade,,,,,,
0708-SJDIS,0.15250153232866726,Low,65.0,9.912599601363372,3579,Offer contract upgrade,,,,,,
4355-CVPVS,0.11103169460364712,Low,88.9,9.870717650264229,3580,Offer technical support,,,,,,
9373-WSLOY,0.19695932620093046,Low,50.0,9.847966310046523,3581,Offer contract upgrade,,,,,,
6137-MFAJN,0.218986169057244,Low,44.8,9.81058037376453,3582,Offer contract upgrade,,,,,,
6840-RESVB,0.11568841568090303,Low,84.8,9.810377649740577,3583,Offer backup package,,,,,,
0960-HUWBM,0.09422916437882925,Low,104.1,9.809256011836125,3584,Review pricing or offer,,,,,,
6624-JDRDS,0.332707239477716,Medium,29.45,9.798228202618736,3585,Offer contract upgrade,,,,,,
4742-DRORA,0.10267828833886464,Low,95.4,9.795508707527686,3586,Review pricing or offer,,,,,,
3865-YIOTT,0.09229804141639444,Low,106.1,9.79282219427945,3587,Review pricing or offer,,,,,,
5649-TJHOV,0.2680142123676788,Low,36.5,9.782518751420277,3588,Offer contract upgrade,,,,,,
0723-FDLAY,0.11452258764781865,Low,85.25,9.76305059697654,3589,Offer security package,,,,,,
6766-HFKLA,0.09453524839752456,Low,103.2,9.756037634624535,3590,Review pricing or offer,,,,,,
6156-UZDLF,0.11192713754905276,Low,87.15,9.754450037399948,3591,Offer backup package,,,,,,
8261-GWDBQ,0.0840191345088695,Low,116.05,9.750420559754305,3592,Review pricing or offer,,,,,,
9591-YVTEB,0.2173589378243842,Low,44.85,9.748548361423632,3593,Offer contract upgrade,,,,,,
6207-WIOLX,0.166170033958425,Low,58.6,9.737563989963705,3594,Offer contract upgrade,,,,,,
5337-IIWKZ,0.21704933547875618,Low,44.85,9.734662696222214,3595,Offer contract upgrade,,,,,,
3069-SSVSN,0.3761544970858831,Medium,25.85,9.723593749670078,3596,Offer technical support,,,,,,
9327-QSDED,0.22312718086951885,Low,43.55,9.717188726867546,3597,Offer contract upgrade,,,,,,
2692-PFYTJ,0.37696511376539826,Medium,25.75,9.706851679459005,3598,Offer contract upgrade,,,,,,
0107-WESLM,0.4887588121776391,Medium,19.85,9.701862421726137,3599,Offer contract upgrade,,,,,,
5311-IHLEI,0.190374446571124,Low,50.95,9.699578052798769,3600,Offer contract upgrade,,,,,,
4199-QHJNM,0.09423212219830308,Low,102.9,9.696485374205388,3601,Review pricing or offer,,,,,,
4726-DLWQN,0.13770277911365805,Low,70.35,9.687390510645843,3602,Offer contract upgrade,,,,,,
9786-IJYDL,0.08539764762911227,Low,113.2,9.667013711615509,3603,Review pricing or offer,,,,,,
3733-ZEECP,0.18915105154853767,Low,51.1,9.665618734130275,3604,Offer contract upgrade,,,,,,
7854-EDSSA,0.16373361183906454,Low,59.0,9.660283098504808,3605,Offer contract upgrade,,,,,,
9086-YJYXS,0.12491430021331715,Low,77.2,9.643383976468083,3606,Offer technical support,,,,,,
9391-LMANN,0.10049640100588271,Low,95.95,9.642629676514446,3607,Review pricing or offer,,,,,,
5215-LNLDJ,0.39025516441289426,Medium,24.7,9.639302560998487,3608,Offer contract upgrade,,,,,,
3594-UVONA,0.11181896721183929,Low,85.95,9.610840231857587,3609,Offer backup package,,,,,,
6898-MDLZW,0.1786809006666926,Low,53.75,9.604098410834727,3610,Offer contract upgrade,,,,,,
5186-EJEGL,0.1381575049109536,Low,69.5,9.601946591311275,3611,Offer contract upgrade,,,,,,
2898-LSJGD,0.1715150488974853,Low,55.95,9.596266985814303,3612,Offer technical support,,,,,,
1096-ADRUX,0.12918946228220082,Low,74.25,9.59231757445341,3613,Offer technical support,,,,,,
9677-AVKED,0.11334729827360907,Low,84.6,9.589181433947326,3614,Offer security package,,,,,,
9470-RTWDV,0.11660086472762769,Low,82.0,9.56127090766547,3615,Offer security package,,,,,,
2604-XVDAM,0.21825906432173384,Low,43.8,9.559747017291942,3616,Offer contract upgrade,,,,,,
5294-IMHHT,0.09764685546240241,Low,97.75,9.544980121449836,3617,Review pricing or offer,,,,,,
7054-ENNGU,0.18765450129030967,Low,50.85,9.542231390612248,3618,Offer contract upgrade,,,,,,
6133-OZILE,0.2707437432738525,Low,35.2,9.530179763239609,3619,Offer contract upgrade,,,,,,
7641-TQFHN,0.09471502489544227,Low,100.55,9.52359575323672,3620,Review pricing or offer,,,,,,
7880-XSOJX,0.22458680547009688,Low,42.4,9.522480551932107,3621,Offer contract upgrade,,,,,,
2371-KFUOG,0.09601284558719014,Low,99.15,9.519673639969904,3622,Review pricing or offer,,,,,,
0369-ZGOVK,0.13512943096383384,Low,70.4,9.513111939853903,3623,Offer technical support,,,,,,
7629-WFGLW,0.09927095025671508,Low,95.65,9.495266392054798,3624,Review pricing or offer,,,,,,
3097-IDVPU,0.1895232320853838,Low,50.1,9.495113927477728,3625,Offer contract upgrade,,,,,,
4079-VTGLK,0.1268394074173462,Low,74.85,9.493929645188363,3626,Offer technical support,,,,,,
1492-QGCLU,0.11071977543554257,Low,85.7,9.488684754825998,3627,Offer contract upgrade,,,,,,
4939-KYYPY,0.159533671456795,Low,59.45,9.484276768106463,3628,Offer contract upgrade,,,,,,
1120-BMWUB,0.17595809220740138,Low,53.9,9.484141169978935,3629,Offer contract upgrade,,,,,,
4489-SNOJF,0.1312573621505182,Low,72.25,9.48334441537494,3630,Offer contract upgrade,,,,,,
2368-GAKKQ,0.0833268248801138,Low,113.65,9.470093647624934,3631,Review pricing or offer,,,,,,
1921-KYSAY,0.1380162961209679,Low,68.6,9.467917913898399,3632,Offer security package,,,,,,
6048-UWKAL,0.08975784089125417,Low,105.4,9.46047642993819,3633,Review pricing or offer,,,,,,
9115-YQHGA,0.1848357405474609,Low,51.1,9.445106341975253,3634,Offer contract upgrade,,,,,,
4081-DYXAV,0.21059077529018316,Low,44.85,9.444996271764715,3635,Offer technical support,,,,,,
1685-VAYJF,0.2088912365884652,Low,45.2,9.441883893798627,3636,Offer contract upgrade,,,,,,
6617-WLBQC,0.11522187196488225,Low,81.85,9.430910220325611,3637,Offer technical support,,,,,,
3209-ZPKFI,0.17360544081502327,Low,54.25,9.418095164215012,3638,Offer contract upgrade,,,,,,
6906-MPARY,0.1050394213372894,Low,89.6,9.41153215182113,3639,Offer security package,,,,,,
5619-PTMIK,0.1769323544621751,Low,53.1,9.395108021941498,3640,Offer contract upgrade,,,,,,
8646-JCOMS,0.10374372482165425,Low,90.55,9.393994282600792,3641,Review pricing or offer,,,,,,
4132-POCZS,0.2354194074269449,Low,39.9,9.393234356335102,3642,Offer contract upgrade,,,,,,
5176-LDKUH,0.12495908514490489,Low,75.15,9.390675248639603,3643,Offer technical support,,,,,,
6728-DKUCO,0.0901260070194303,Low,104.15,9.386623631073666,3644,Review pricing or offer,,,,,,
4701-MLJPN,0.16965419604238532,Low,55.25,9.373394331341789,3645,Offer contract upgrade,,,,,,
3038-PQIUY,0.14162305057340993,Low,66.15,9.368364795431068,3646,Offer contract upgrade,,,,,,
2889-FPWRM,0.07951905999654038,Low,117.8,9.367345267592457,3647,Review pricing or offer,,,,,,
3255-GRXMG,0.20519407891628036,Low,45.65,9.367109702528198,3648,Offer contract upgrade,,,,,,
6993-YGFJV,0.08319594130035145,Low,112.55,9.363703193354555,3649,Review pricing or offer,,,,,,
0862-PRCBS,0.09022454339691224,Low,103.75,9.360796377429645,3650,Review pricing or offer,,,,,,
7636-OWBPG,0.3186806375811396,Medium,29.35,9.353276713006448,3651,Offer contract upgrade,,,,,,
2186-QZEYA,0.159580875608242,Low,58.55,9.343460266862568,3652,Offer contract upgrade,,,,,,
3197-NNYNB,0.08885518164607324,Low,105.1,9.338679591002297,3653,Review pricing or offer,,,,,,
4923-ADWXJ,0.14191312492386837,Low,65.8,9.337883619990539,3654,Offer contract upgrade,,,,,,
3594-KADLU,0.26601418122202763,Low,35.1,9.33709776089317,3655,Offer contract upgrade,,,,,,
6576-FBXOJ,0.17074063097005504,Low,54.6,9.322438450965006,3656,Offer security package,,,,,,
7629-WIXZF,0.1575467414354357,Low,59.1,9.31101241883425,3657,Offer technical support,,,,,,
7803-XOCCZ,0.11066263247240996,Low,84.05,9.301194259306056,3658,Offer contract upgrade,,,,,,
2055-SIFSS,0.18007883406603417,Low,51.65,9.301071779510664,3659,Offer contract upgrade,,,,,,
6568-POCUI,0.09747627583575752,Low,95.2,9.279741459564116,3660,Review pricing or offer,,,,,,
1121-QSIVB,0.11943852654696682,Low,77.55,9.262457733717277,3661,Offer technical support,,,,,,
5151-HQRDG,0.16813672149227937,Low,55.05,9.255926518149979,3662,Offer contract upgrade,,,,,,
4829-ZLJTK,0.08232629551284422,Low,112.4,9.25347561564369,3663,Review pricing or offer,,,,,,
2778-OCLGR,0.23647308382837356,Low,39.1,9.246097577689406,3664,Offer contract upgrade,,,,,,
3766-EJLFL,0.08468664630065081,Low,109.05,9.23507877908597,3665,Review pricing or offer,,,,,,
3374-TTZTK,0.08674232278161827,Low,106.3,9.220708911686021,3666,Review pricing or offer,,,,,,
5349-AZPEW,0.36695056556719924,Medium,25.05,9.192111667458342,3667,Offer contract upgrade,,,,,,
7758-XKCBS,0.3094611707108838,Medium,29.7,9.190996770113248,3668,Offer contract upgrade,,,,,,
6302-JGYRJ,0.11553982178900216,Low,79.45,9.17963884113622,3669,Offer security package,,,,,,
9863-JZAIC,0.16685981763070565,Low,55.0,9.177289969688811,3670,Offer contract upgrade,,,,,,
7421-ZLUPA,0.31362969071383184,Medium,29.25,9.173668453379582,3671,Offer contract upgrade,,,,,,
3324-OIRTO,0.08762089848082892,Low,104.65,9.169527026018747,3672,Review pricing or offer,,,,,,
1697-BCSHV,0.137185189127488,Low,66.8,9.163970633716199,3673,Offer contract upgrade,,,,,,
8735-IJJEG,0.18252087410519513,Low,50.2,9.162547880080796,3674,Offer contract upgrade,,,,,,
3639-XJHKQ,0.1510182776402695,Low,60.6,9.151707625000332,3675,Offer contract upgrade,,,,,,
6616-AALSR,0.087680799237134,Low,104.3,9.145107360433075,3676,Review pricing or offer,,,,,,
2323-ARSVR,0.08234197816599903,Low,111.05,9.144076675334192,3677,Review pricing or offer,,,,,,
2565-JSLRY,0.3798760869282926,Medium,24.05,9.136019890625438,3678,Offer contract upgrade,,,,,,
0810-BDHAW,0.11645540339079859,Low,78.4,9.13010362583861,3679,Offer technical support,,,,,,
6834-NXDCA,0.3812951731579779,Medium,23.9,9.11295463847567,3680,Offer contract upgrade,,,,,,
8896-BQTTI,0.36429343991921537,Medium,25.0,9.107335997980384,3681,Offer contract upgrade,,,,,,
1684-FLBGS,0.1308934094887151,Low,69.5,9.0970919594657,3682,Offer contract upgrade,,,,,,
7036-ZZKBD,0.13694448454375482,Low,66.4,9.093113773705321,3683,Offer contract upgrade,,,,,,
5376-PCKNB,0.08690696369082138,Low,104.45,9.077432357506293,3684,Review pricing or offer,,,,,,
2320-JRSDE,0.4558846230376119,Medium,19.9,9.072103998448476,3685,Offer contract upgrade,,,,,,
1557-EMYVT,0.0788500010813306,Low,115.05,9.071692624407085,3686,Review pricing or offer,,,,,,
2250-IVBWA,0.11191486677211962,Low,81.05,9.070699951880295,3687,Offer contract upgrade,,,,,,
8777-MBMTS,0.08568044446775006,Low,105.85,9.069275046911343,3688,Review pricing or offer,,,,,,
2155-AMQRX,0.1651461789815155,Low,54.9,9.0665252260852,3689,Offer contract upgrade,,,,,,
7176-WRTNX,0.0788200246193894,Low,114.95,9.060361829998811,3690,Review pricing or offer,,,,,,
6999-CHVCF,0.08867216890444869,Low,102.1,9.053428445144212,3691,Review pricing or offer,,,,,,
8756-RDDLT,0.20132955810298012,Low,44.95,9.049763636728956,3692,Offer contract upgrade,,,,,,
4929-ROART,0.16087479573127567,Low,56.25,9.049207259884255,3693,Offer contract upgrade,,,,,,
5651-CRHKQ,0.10495730173048291,Low,86.2,9.047319409167628,3694,Offer security package,,,,,,
7619-ODSGN,0.16499808663655985,Low,54.75,9.033645243351652,3695,Offer contract upgrade,,,,,,
0156-FVPTA,0.1662649440889988,Low,54.2,9.011559969623736,3696,Offer contract upgrade,,,,,,
5504-WSIUR,0.09984587761027199,Low,90.25,9.011090454327046,3697,Review pricing or offer,,,,,,
7776-QWNFX,0.17876476504012492,Low,50.4,9.009744158022295,3698,Offer contract upgrade,,,,,,
3339-EAQNV,0.09261961073551514,Low,97.25,9.007257144028847,3699,Review pricing or offer,,,,,,
9701-CDXHR,0.12989129197039279,Low,69.15,8.981982839752662,3700,Offer contract upgrade,,,,,,
7109-MFBYV,0.1975871724529658,Low,45.45,8.980336987987297,3701,Offer contract upgrade,,,,,,
3090-HAWSU,0.0802603846845778,Low,111.6,8.957058930798881,3702,Review pricing or offer,,,,,,
4307-KWMXE,0.25053554957057556,Low,35.75,8.956645897148077,3703,Offer contract upgrade,,,,,,
3327-YBAKM,0.09235629347277097,Low,96.9,8.949324837511508,3704,Review pricing or offer,,,,,,
2234-XADUH,0.08667519875224422,Low,103.2,8.944880511231604,3705,Review pricing or offer,,,,,,
4592-IWTJI,0.30104987290570545,Medium,29.7,8.941181225299452,3706,Offer contract upgrade,,,,,,
0750-EBAIU,0.09784948723089092,Low,91.25,8.928765709818796,3707,Review pricing or offer,,,,,,
2108-GLPQB,0.16064480513435545,Low,55.55,8.923818925213444,3708,Offer contract upgrade,,,,,,
1666-JZPZT,0.1819844553869761,Low,49.0,8.91723831396183,3709,Offer contract upgrade,,,,,,
1432-FPAXX,0.29129686379012676,Low,30.6,8.91368403197788,3710,Offer contract upgrade,,,,,,
5032-USPKF,0.10595866270526783,Low,84.1,8.911123533513024,3711,Offer technical support,,,,,,
2651-ZCBXV,0.0824982065412175,Low,108.0,8.909806306451491,3712,Review pricing or offer,,,,,,
7666-WKRON,0.11073270074632735,Low,80.45,8.908445775042036,3713,Offer security package,,,,,,
4853-RULSV,0.0854660497270193,Low,104.0,8.888469171610007,3714,Review pricing or offer,,,,,,
8919-FYFQZ,0.29217113997764993,Low,30.35,8.867394098321675,3715,Offer contract upgrade,,,,,,
6368-NWMCE,0.13005424933913945,Low,68.15,8.863197092462354,3716,Offer contract upgrade,,,,,,
2363-BJLSL,0.11021065474745849,Low,80.4,8.860936641695663,3717,Offer contract upgrade,,,,,,
4531-AUZNK,0.09311100640783684,Low,95.15,8.859512259705676,3718,Review pricing or offer,,,,,,
6196-HBOBZ,0.089131278774855,Low,99.35,8.855192546281843,3719,Review pricing or offer,,,,,,
7799-DSEWS,0.1295396404169379,Low,68.35,8.854034422497705,3720,Offer contract upgrade,,,,,,
1891-QRQSA,0.07928229424488595,Low,111.6,8.847904037729272,3721,Review pricing or offer,,,,,,
4801-JZAZL,0.2986806620670045,Low,29.6,8.840947597183334,3722,Offer contract upgrade,,,,,,
6265-SXWBU,0.09229180823469786,Low,95.75,8.83694063847232,3723,Review pricing or offer,,,,,,
8050-WYBND,0.17845058350723803,Low,49.45,8.824381354432921,3724,Offer technical support,,,,,,
1049-FYSYG,0.24739808624765874,Low,35.65,8.819741774729033,3725,Offer contract upgrade,,,,,,
7721-JXEAW,0.21474013052262367,Low,41.05,8.8150823579537,3726,Offer contract upgrade,,,,,,
6900-RBKER,0.09847171366120819,Low,89.45,8.808294786995072,3727,Offer technical support,,,,,,
4366-CTOUZ,0.08781184508244322,Low,100.2,8.798746877260811,3728,Review pricing or offer,,,,,,
5090-EMGTC,0.08793225127111853,Low,100.05,8.797621739675408,3729,Review pricing or offer,,,,,,
4785-QRJHC,0.1466224369814794,Low,59.9,8.782683975190615,3730,Offer security package,,,,,,
2817-NTQDO,0.19277206107741413,Low,45.55,8.780767382076213,3731,Offer contract upgrade,,,,,,
6281-FKEWS,0.1788638844598747,Low,49.05,8.773273532756853,3732,Offer technical support,,,,,,
3794-NFNCH,0.17544831510744643,Low,50.0,8.772415755372322,3733,Offer contract upgrade,,,,,,
3893-JRNFS,0.21970749295383107,Low,39.9,8.76632896885786,3734,Offer contract upgrade,,,,,,
4616-ULAOA,0.07908589508362847,Low,110.8,8.762717175266035,3735,Review pricing or offer,,,,,,
0917-EZOLA,0.08413214483513215,Low,104.15,8.762362884579014,3736,Review pricing or offer,,,,,,
6475-VHUIZ,0.16145539144369234,Low,54.25,8.75895498582031,3737,Offer contract upgrade,,,,,,
7691-XVTZH,0.09699831951568862,Low,89.95,8.724998840436191,3738,Offer technical support,,,,,,
4627-MIHJH,0.07907889630236369,Low,110.25,8.718448317335596,3739,Review pricing or offer,,,,,,
6483-OATDN,0.16968218568718269,Low,51.3,8.704696125752472,3740,Offer contract upgrade,,,,,,
8984-HPEMB,0.07335023494521838,Low,118.65,8.703005376250161,3741,Review pricing or offer,,,,,,
5709-LVOEQ,0.10763144876267691,Low,80.85,8.702002632462428,3742,Offer technical support,,,,,,
5913-INRQV,0.09649444291725139,Low,90.15,8.698974028990213,3743,Review pricing or offer,,,,,,
6738-ISCBM,0.1607226201133546,Low,54.0,8.679021486121147,3744,Offer technical support,,,,,,
7108-DGVUU,0.12100061826396563,Low,71.7,8.675744329526337,3745,Offer technical support,,,,,,
5780-INQIK,0.17544361367058925,Low,49.4,8.66691451532711,3746,Offer contract upgrade,,,,,,
3092-IGHWF,0.09891683918651598,Low,87.4,8.645331744901497,3747,Offer technical support,,,,,,
8292-TYSPY,0.15698074830342643,Low,55.0,8.633941156688454,3748,Offer contract upgrade,,,,,,
5766-XQXMQ,0.12524323445205346,Low,68.85,8.62299669202388,3749,Offer contract upgrade,,,,,,
2320-SLKMB,0.19389020861702214,Low,44.45,8.618419773026634,3750,Offer contract upgrade,,,,,,
9480-BQJEI,0.09331319137121459,Low,92.3,8.612807563563106,3751,Review pricing or offer,,,,,,
0991-BRRFB,0.17433798695479966,Low,49.4,8.612296555567102,3752,Offer contract upgrade,,,,,,
2294-SALNE,0.09921172479962534,Low,86.8,8.61157771260748,3753,Offer security package,,,,,,
3402-XRIUO,0.1353909346440067,Low,63.55,8.604093896626626,3754,Offer contract upgrade,,,,,,
5478-JJVZK,0.1412476430128698,Low,60.9,8.60198145948377,3755,Offer contract upgrade,,,,,,
6211-WHMYA,0.19611191827502256,Low,43.85,8.59950761635974,3756,Offer contract upgrade,,,,,,
8069-YQQAJ,0.2764096816109185,Low,31.1,8.596341098099566,3757,Offer contract upgrade,,,,,,
4654-DLAMQ,0.08862135457591169,Low,97.0,8.596271393863434,3758,Review pricing or offer,,,,,,
9040-KZVWO,0.11384027891288497,Low,75.5,8.594941057922815,3759,Offer technical support,,,,,,
2978-XXSOG,0.14554829462765717,Low,59.05,8.594626797763155,3760,Offer contract upgrade,,,,,,
4608-LCIMN,0.19246947737631026,Low,44.65,8.593762164852253,3761,Offer contract upgrade,,,,,,
3571-DPYUH,0.0907268223553704,Low,94.7,8.591830077053578,3762,Review pricing or offer,,,,,,
0447-BEMNG,0.18935123378389085,Low,45.3,8.577610890410256,3763,Offer contract upgrade,,,,,,
8034-RYTVV,0.10179078556220827,Low,84.25,8.575873683616047,3764,Offer technical support,,,,,,
1134-YWTYF,0.1593857624973914,Low,53.8,8.574954022359657,3765,Offer contract upgrade,,,,,,
4323-SADQS,0.24814340879039617,Low,34.5,8.560947603268668,3766,Offer contract upgrade,,,,,,
4759-PXTAN,0.10686157180226341,Low,80.1,8.559611901361299,3767,Offer security package,,,,,,
3703-TTEPD,0.1308814718960278,Low,65.35,8.553104188405417,3768,Offer contract upgrade,,,,,,
8822-KNBHV,0.10243865124633464,Low,83.45,8.548505446506626,3769,Offer technical support,,,,,,
5180-UCIIQ,0.21314427237637448,Low,40.05,8.536428108673798,3770,Offer contract upgrade,,,,,,
7605-SNLQG,0.1697702156397522,Low,50.25,8.530953335897548,3771,Offer contract upgrade,,,,,,
3468-DRVQJ,0.12123555165057304,Low,70.3,8.522859281035284,3772,Offer technical support,,,,,,
8819-ZBYNA,0.07806974070084345,Low,109.1,8.51740871046202,3773,Review pricing or offer,,,,,,
1848-LBZHY,0.169063115389516,Low,50.3,8.503874704092654,3774,Offer contract upgrade,,,,,,
7919-ZODZZ,0.1289354146200779,Low,65.9,8.496843823463134,3775,Offer technical support,,,,,,
2794-XIMMO,0.1405532397371725,Low,60.45,8.496443342112077,3776,Offer security package,,,,,,
6445-TNRXS,0.07403709543802528,Low,114.7,8.4920548467415,3777,Review pricing or offer,,,,,,
2577-GVSIL,0.11558050565131132,Low,73.45,8.489388140088817,3778,Offer security package,,,,,,
8017-UVSZU,0.1499174987022418,Low,56.6,8.485330426546886,3779,Offer contract upgrade,,,,,,
7055-JCGNI,0.07574896909679726,Low,111.95,8.480097090386455,3780,Review pricing or offer,,,,,,
0975-UYDTX,0.0940442312398568,Low,90.1,8.473385234711097,3781,Review pricing or offer,,,,,,
4439-YRNVD,0.23359836094108602,Low,36.25,8.467940584114368,3782,Offer contract upgrade,,,,,,
7883-ROJOC,0.1885814105090356,Low,44.9,8.467305331855698,3783,Offer contract upgrade,,,,,,
4976-LNFVV,0.24662023328310287,Low,34.3,8.459074001610428,3784,Offer contract upgrade,,,,,,
3055-MJDSB,0.34329540609751436,Medium,24.6,8.445066989998853,3785,Offer contract upgrade,,,,,,
0565-JUPYD,0.08065591866878541,Low,104.5,8.428543500888075,3786,Review pricing or offer,,,,,,
6308-CQRBU,0.0770465755238116,Low,109.25,8.417338375976417,3787,Review pricing or offer,,,,,,
0218-QNVAS,0.08352073821041005,Low,100.55,8.39801022705673,3788,Review pricing or offer,,,,,,
2266-SJNAT,0.0765271972739189,Low,109.15,8.35294358244825,3789,Review pricing or offer,,,,,,
9432-RUVSL,0.08138910053263083,Low,102.5,8.34238280459466,3790,Review pricing or offer,,,,,,
4897-QSUYC,0.41366069779034814,Medium,20.15,8.335263060475514,3791,Offer contract upgrade,,,,,,
7839-QRKXN,0.41247497489316254,Medium,20.2,8.331994492841883,3792,Offer contract upgrade,,,,,,
5832-TRLPB,0.11048745278600305,Low,75.35,8.32522956742533,3793,Offer security package,,,,,,
7811-JIVPF,0.1674218325453383,Low,49.7,8.320865077503314,3794,Offer contract upgrade,,,,,,
6266-QHOJZ,0.0924784215962321,Low,89.85,8.309186180421454,3795,Promote automatic payment,,,,,,
3896-RCYYE,0.15550242430929664,Low,53.4,8.303829458116441,3796,Offer contract upgrade,,,,,,
8465-SBRXP,0.08745248359990505,Low,94.9,8.29924069363099,3797,Review pricing or offer,,,,,,
8879-XUAHX,0.07138607471354998,Low,116.25,8.298631185450185,3798,Review pricing or offer,,,,,,
9592-ERDKV,0.10464589092915831,Low,79.25,8.293186856135796,3799,Offer technical support,,,,,,
4800-VHZKI,0.4166998768959703,Medium,19.9,8.292327550229809,3800,Offer contract upgrade,,,,,,
2955-PSXOE,0.41045751248350615,Medium,20.2,8.291241752166824,3801,Offer contract upgrade,,,,,,
0689-DSXGL,0.09657967199044748,Low,85.8,8.286535856780393,3802,Offer contract upgrade,,,,,,
5206-HPJKM,0.14928348300662903,Low,55.5,8.28523330686791,3803,Offer contract upgrade,,,,,,
7298-IZWLY,0.4270054664816152,Medium,19.4,8.283906049743335,3804,Offer contract upgrade,,,,,,
7872-RDDLZ,0.15087632864089973,Low,54.9,8.283110442385395,3805,Offer contract upgrade,,,,,,
9695-IDRZR,0.07129147324314479,Low,116.15,8.280504617191268,3806,Review pricing or offer,,,,,,
4283-IVYCI,0.12737507862699768,Low,64.95,8.273011356823499,3807,Offer contract upgrade,,,,,,
7820-ZYGNY,0.09142453575317831,Low,90.45,8.269349258874978,3808,Review pricing or offer,,,,,,
3733-UOCWF,0.09664759895470357,Low,85.55,8.26820209057489,3809,Offer security package,,,,,,
4159-NAAIX,0.08483526102762365,Low,97.45,8.267196187141925,3810,Review pricing or offer,,,,,,
3863-QSTYI,0.12774442940603775,Low,64.65,8.258677361100341,3811,Offer contract upgrade,,,,,,
9763-GRSKD,0.16517423763559394,Low,49.95,8.250453169897918,3812,Offer contract upgrade,,,,,,
1150-WFARN,0.0758288877801479,Low,108.75,8.246391546091084,3813,Review pricing or offer,,,,,,
5639-NTUPK,0.15819638414836168,Low,52.1,8.242031614129644,3814,Offer contract upgrade,,,,,,
9609-BENEA,0.11932955582053653,Low,69.0,8.23373935161702,3815,Offer security package,,,,,,
6464-KEXXH,0.326070150593096,Medium,25.25,8.233271302475675,3816,Offer contract upgrade,,,,,,
5356-RHIPP,0.4073761410490678,Medium,20.2,8.22899804919117,3817,Offer contract upgrade,,,,,,
8305-VHZBZ,0.4073761410490678,Medium,20.2,8.22899804919117,3818,Offer contract upgrade,,,,,,
1840-BIUOG,0.11941177272711638,Low,68.7,8.203588786352896,3819,Offer security package,,,,,,
5397-TUPSH,0.11559915383509539,Low,70.95,8.201759964600019,3820,Offer technical support,,,,,,
1240-KNSEZ,0.4075521017756334,Medium,20.1,8.191797245690232,3821,Offer contract upgrade,,,,,,
1000-AJSLD,0.4075521017756334,Medium,20.1,8.191797245690232,3822,Offer contract upgrade,,,,,,
2369-FEVNO,0.4115854033964985,Medium,19.9,8.19054952759032,3823,Offer contract upgrade,,,,,,
1493-AMTIE,0.4053664108211047,Medium,20.2,8.188401498586314,3824,Offer contract upgrade,,,,,,
5681-LLOEI,0.08971694400542586,Low,91.25,8.18667114049511,3825,Review pricing or offer,,,,,,
1004-NOZNR,0.08635383698841899,Low,94.8,8.18634374650212,3826,Review pricing or offer,,,,,,
5578-NKCXI,0.08237076706179668,Low,99.25,8.17529863088332,3827,Review pricing or offer,,,,,,
4661-NJEUX,0.4074998290235712,Medium,20.05,8.170371571922603,3828,Offer contract upgrade,,,,,,
4495-LHSSK,0.14166354757186717,Low,57.65,8.166903517518142,3829,Offer contract upgrade,,,,,,
8065-QBYTO,0.08189545830871374,Low,99.65,8.160882420463325,3830,Review pricing or offer,,,,,,
3705-RHRFR,0.08230761388483622,Low,99.15,8.160799916681512,3831,Review pricing or offer,,,,,,
3396-DKDEL,0.07074248088453078,Low,115.15,8.14599667385372,3832,Review pricing or offer,,,,,,
0484-FFVBJ,0.12553303487601553,Low,64.85,8.140817311709606,3833,Offer technical support,,,,,,
8706-HRADD,0.18687744893554573,Low,43.55,8.138512901143017,3834,Offer contract upgrade,,,,,,
1156-ZFYDO,0.4119917089343748,Medium,19.75,8.136836251453902,3835,Offer contract upgrade,,,,,,
5832-EXGTT,0.13493428733982482,Low,60.2,8.123044097857454,3836,Offer contract upgrade,,,,,,
0761-AETCS,0.4200208912918394,Medium,19.3,8.106403201932501,3837,Offer contract upgrade,,,,,,
8148-BPLZQ,0.16272886102449466,Low,49.8,8.103897279019833,3838,Offer contract upgrade,,,,,,
0725-CXOTM,0.090368853269997,Low,89.65,8.10156769565523,3839,Offer backup package,,,,,,
4002-BQWPQ,0.09906953980097541,Low,81.75,8.09893487872974,3840,Offer contract upgrade,,,,,,
5143-WMWOG,0.40575985029071787,Medium,19.95,8.094909013299821,3841,Offer contract upgrade,,,,,,
2091-MJTFX,0.1579287962871863,Low,51.2,8.08595436990394,3842,Offer contract upgrade,,,,,,
3795-CAWEX,0.06936922389020421,Low,116.55,8.0849830444033,3843,Review pricing or offer,,,,,,
2465-BLLEU,0.4088834369182149,Medium,19.75,8.075447879134744,3844,Offer contract upgrade,,,,,,
0384-RVBPI,0.12534905557241405,Low,64.4,8.072479178863466,3845,Offer contract upgrade,,,,,,
5989-AXPUC,0.06803873697393112,Low,118.6,8.06939420510823,3846,Review pricing or offer,,,,,,
6797-LNAQX,0.0820180892649485,Low,98.3,8.062378174744437,3847,Review pricing or offer,,,,,,
3523-QRQLL,0.11591392789321975,Low,69.5,8.056017988578773,3848,Offer technical support,,,,,,
4360-QRAVE,0.21973944906760098,Low,36.65,8.053450808327575,3849,Offer contract upgrade,,,,,,
4667-OHGKG,0.4168949913106434,Medium,19.3,8.046073332295418,3850,Offer contract upgrade,,,,,,
7663-CUXZB,0.07072133369073787,Low,113.75,8.044551707321432,3851,Review pricing or offer,,,,,,
9513-DXHDA,0.0984500819385399,Low,81.7,8.04337169437871,3852,Offer backup package,,,,,,
3537-RYBHH,0.11918641684274185,Low,67.45,8.039123816042938,3853,Offer contract upgrade,,,,,,
3450-WXOAT,0.17770852342196658,Low,45.2,8.03242525867289,3854,Offer contract upgrade,,,,,,
3689-MOZGR,0.2571621810193473,Low,31.2,8.023460047803635,3855,Offer contract upgrade,,,,,,
4524-QCSSM,0.17969672319741767,Low,44.65,8.023458690764699,3856,Offer contract upgrade,,,,,,
4456-RHSNB,0.1617416390834988,Low,49.6,8.022385298541542,3857,Offer contract upgrade,,,,,,
5590-YRFJT,0.3280036200868595,Medium,24.45,8.019688511123714,3858,Offer contract upgrade,,,,,,
8548-AWOFC,0.12556340653287687,Low,63.85,8.017223507124188,3859,Offer contract upgrade,,,,,,
3229-USWAR,0.10026903054431635,Low,79.95,8.016508992018093,3860,Offer backup package,,,,,,
4000-VGMQP,0.10153656339976365,Low,78.95,8.01631168041134,3861,Offer technical support,,,,,,
1389-WNUIB,0.1054091983022175,Low,76.0,8.01109907096853,3862,Offer technical support,,,,,,
4622-YNKIJ,0.08995051567644965,Low,88.95,8.001098369420196,3863,Offer backup package,,,,,,
1442-BQPVU,0.2743359070604702,Low,29.15,7.9968916908127055,3864,Offer contract upgrade,,,,,,
6981-TDRFT,0.14718422168198925,Low,54.3,7.9921032373320156,3865,Offer security package,,,,,,
8182-PNAGI,0.1590076124727125,Low,50.25,7.990132526753803,3866,Offer contract upgrade,,,,,,
6261-LHRTG,0.14593044910756667,Low,54.75,7.989692088639275,3867,Offer contract upgrade,,,,,,
4422-QVIJA,0.1590985028061001,Low,50.15,7.97878991572592,3868,Offer contract upgrade,,,,,,
3104-OWCGK,0.08754090284339906,Low,90.95,7.961845113607145,3869,Review pricing or offer,,,,,,
2229-VWQJH,0.16142770725630456,Low,49.3,7.958385967735815,3870,Offer contract upgrade,,,,,,
7639-SUPCW,0.16303152856394607,Low,48.8,7.955938593920568,3871,Offer contract upgrade,,,,,,
3016-KSVCP,0.23524627922338845,Low,33.75,7.93956192378936,3872,Offer contract upgrade,,,,,,
5016-ETTFF,0.2690302266506043,Low,29.5,7.9363916861928265,3873,Offer contract upgrade,,,,,,
8566-YPRGL,0.4067424947756276,Medium,19.5,7.931478648124739,3874,Offer contract upgrade,,,,,,
9554-DFKIC,0.1454681278554992,Low,54.45,7.920739561731932,3875,Offer contract upgrade,,,,,,
0851-DFJKB,0.13434336512568734,Low,58.95,7.9195413741592695,3876,Offer contract upgrade,,,,,,
2578-JQPHZ,0.07908777278423479,Low,100.1,7.916686055701902,3877,Review pricing or offer,,,,,,
4378-MYPGO,0.07518434424797457,Low,105.25,7.913152232099324,3878,Review pricing or offer,,,,,,
2770-NSVDG,0.27136072922438687,Low,29.1,7.896597220429658,3879,Offer contract upgrade,,,,,,
8079-XRJRS,0.0878968373309277,Low,89.75,7.888741150450761,3880,Offer technical support,,,,,,
4282-ACRXS,0.31736362394123574,Medium,24.85,7.8864860549397084,3881,Offer contract upgrade,,,,,,
8591-TKMZH,0.07094205378399702,Low,111.1,7.881662175402069,3882,Review pricing or offer,,,,,,
4423-JWZJN,0.08725753814576073,Low,90.25,7.874992817654906,3883,Review pricing or offer,,,,,,
5375-XLDOF,0.06885447924625503,Low,114.35,7.873509701809262,3884,Review pricing or offer,,,,,,
4588-YBNIB,0.40123171138392805,Medium,19.6,7.86414154312499,3885,Offer contract upgrade,,,,,,
3890-RTCMS,0.15897816254931477,Low,49.45,7.861470138063615,3886,Offer contract upgrade,,,,,,
1555-DJEQW,0.06880434875831151,Low,114.2,7.8574566281991745,3887,Review pricing or offer,,,,,,
0282-NVSJS,0.2680875973224241,Low,29.3,7.8549666015470265,3888,Offer contract upgrade,,,,,,
8627-EHGIP,0.14547789367171238,Low,53.95,7.848532363588883,3889,Offer technical support,,,,,,
0699-NDKJM,0.1335710110022535,Low,58.75,7.847296896382392,3890,Offer contract upgrade,,,,,,
1163-VIPRI,0.07174202006423985,Low,109.3,7.841402793021416,3891,Review pricing or offer,,,,,,
8041-TMEID,0.07226097092139774,Low,108.5,7.840315344971655,3892,Review pricing or offer,,,,,,
1622-HSHSF,0.4009323928675779,Medium,19.55,7.8382282805611485,3893,Offer contract upgrade,,,,,,
9378-FXTIZ,0.11169662393509318,Low,70.15,7.835518169046787,3894,Offer technical support,,,,,,
5906-BFOZT,0.4016660776953272,Medium,19.5,7.8324885150588806,3895,Offer contract upgrade,,,,,,
0665-XHDJU,0.07867881446310838,Low,99.4,7.820674157632974,3896,Review pricing or offer,,,,,,
7143-BQIBA,0.1255457981838389,Low,62.25,7.815225936943972,3897,Offer contract upgrade,,,,,,
4389-UEFCZ,0.07389052060409872,Low,105.5,7.795449923732415,3898,Review pricing or offer,,,,,,
8644-XYTSV,0.19378461477118847,Low,40.15,7.780452283063217,3899,Offer contract upgrade,,,,,,
5671-RQRLP,0.10279194618765572,Low,75.65,7.776210729096156,3900,Offer technical support,,,,,,
7617-EYGLW,0.3996887205450431,Medium,19.45,7.773945614601089,3901,Offer contract upgrade,,,,,,
7950-XWOVN,0.2239879655792113,Low,34.7,7.772382405598632,3902,Offer contract upgrade,,,,,,
5315-CKEQK,0.15232921273930336,Low,51.0,7.768789849704471,3903,Offer technical support,,,,,,
7989-CHGTL,0.3961781423461292,Medium,19.6,7.765091589984133,3904,Offer contract upgrade,,,,,,
6770-XUAGN,0.3694763165331629,Medium,21.0,7.759002647196421,3905,Offer contract upgrade,,,,,,
6994-ORCWG,0.1428995667628664,Low,54.25,7.752301496885502,3906,Offer technical support,,,,,,
3221-CJMSG,0.15146974509288344,Low,51.1,7.7401039742463436,3907,Offer contract upgrade,,,,,,
7291-CDTMJ,0.39355623867629996,Medium,19.65,7.733380089989294,3908,Offer contract upgrade,,,,,,
6982-UQZLY,0.3704667284412752,Medium,20.85,7.724231288000588,3909,Offer contract upgrade,,,,,,
7853-WNZSY,0.39101031865864827,Medium,19.75,7.722453793508303,3910,Offer contract upgrade,,,,,,
5566-SOEZD,0.09573057543709777,Low,80.65,7.720670909001936,3911,Offer technical support,,,,,,
7317-GGVPB,0.07108667897022407,Low,108.6,7.720013336166334,3912,Review pricing or offer,,,,,,
9114-AAFQH,0.1173591300351426,Low,65.65,7.704626886807112,3913,Offer technical support,,,,,,
1518-OMDIK,0.17263267340916602,Low,44.55,7.690785600378346,3914,Offer contract upgrade,,,,,,
8671-KKKOS,0.16840588967202907,Low,45.55,7.670888274560924,3915,Offer contract upgrade,,,,,,
1114-CENIM,0.1391972942084818,Low,55.0,7.655851181466498,3916,Offer contract upgrade,,,,,,
1585-MQSSU,0.1485776189484713,Low,51.5,7.651747375846272,3917,Offer contract upgrade,,,,,,
2272-WUSPA,0.06900426306918488,Low,110.75,7.642222134912225,3918,Review pricing or offer,,,,,,
2858-MOFSQ,0.1367074635354961,Low,55.85,7.635111838457457,3919,Offer technical support,,,,,,
2419-FSORS,0.07041421053900222,Low,108.4,7.632900422427841,3920,Review pricing or offer,,,,,,
0623-EJQEG,0.08150318642791825,Low,93.55,7.624623090331752,3921,Review pricing or offer,,,,,,
7566-DSRLQ,0.06920834299342038,Low,110.15,7.623298980725255,3922,Review pricing or offer,,,,,,
9097-ZUBYC,0.1556002805326299,Low,48.8,7.593293689992338,3923,Offer contract upgrade,,,,,,
3351-NQLDI,0.08045699861200693,Low,94.35,7.591117819042854,3924,Review pricing or offer,,,,,,
3640-JQGJG,0.16933740802412647,Low,44.8,7.586315879480866,3925,Offer contract upgrade,,,,,,
1304-SEGFY,0.0774976053858845,Low,97.85,7.5831406870087985,3926,Review pricing or offer,,,,,,
9053-JZFKV,0.06523555736820334,Low,116.2,7.580371766185229,3927,Review pricing or offer,,,,,,
8735-DCXNF,0.13789970550246597,Low,54.95,7.577588817360505,3928,Offer contract upgrade,,,,,,
6773-LQTVT,0.2124494467594902,Low,35.65,7.573822776975826,3929,Offer contract upgrade,,,,,,
7361-YPXFS,0.11746614573988404,Low,64.45,7.570693092935526,3930,Offer contract upgrade,,,,,,
8869-LIHMK,0.06576763955959805,Low,115.1,7.569855313309735,3931,Review pricing or offer,,,,,,
9031-ZVQPT,0.06995362612982102,Low,108.2,7.568982347246634,3932,Review pricing or offer,,,,,,
3186-AJIEK,0.07161900385815635,Low,105.65,7.566547757614219,3933,Review pricing or offer,,,,,,
3617-XLSGQ,0.06923901406817734,Low,109.25,7.564362286948374,3934,Review pricing or offer,,,,,,
7997-EASSD,0.09308777717978663,Low,81.2,7.558727506998674,3935,Offer security package,,,,,,
0536-ACXIP,0.06899324057231165,Low,109.55,7.558209504696742,3936,Review pricing or offer,,,,,,
4291-HYEBC,0.1932976091492928,Low,39.1,7.557936517737349,3937,Offer technical support,,,,,,
7654-YWJUF,0.08970421971928436,Low,84.25,7.557580511349707,3938,Offer backup package,,,,,,
6402-SSEJG,0.12366060868936486,Low,61.05,7.549480160485724,3939,Offer technical support,,,,,,
4049-ZPALD,0.07617027148437114,Low,99.0,7.540856876952743,3940,Review pricing or offer,,,,,,
1098-TDVUQ,0.3911746121259145,Medium,19.25,7.530111283423854,3941,Offer contract upgrade,,,,,,
8401-EMUWF,0.1080766761460949,Low,69.4,7.500521324538987,3942,Offer contract upgrade,,,,,,
8851-RAGOV,0.1055312724527588,Low,71.05,7.4979969077685125,3943,Offer contract upgrade,,,,,,
8799-OXZMD,0.25195686283443386,Low,29.75,7.495716669324407,3944,Offer contract upgrade,,,,,,
9820-RMCQV,0.1542694845652787,Low,48.55,7.4897834756442805,3945,Offer contract upgrade,,,,,,
9629-NHXFW,0.38546859786182525,Medium,19.4,7.47809079851941,3946,Offer contract upgrade,,,,,,
7989-AWGEH,0.19055855413642223,Low,39.2,7.469895322147752,3947,Offer contract upgrade,,,,,,
2011-TRQYE,0.22288637855913287,Low,33.5,7.466693681730951,3948,Offer contract upgrade,,,,,,
4644-PIZRT,0.10611887154381047,Low,70.35,7.465462613107066,3949,Offer technical support,,,,,,
4075-WKNIU,0.10174674155297264,Low,73.35,7.463123492910543,3950,Offer security package,,,,,,
2843-CQMEG,0.15015911193646492,Low,49.7,7.4629078632423065,3951,Offer contract upgrade,,,,,,
6029-CSMJE,0.29091603048688164,Low,25.65,7.461996181988513,3952,Offer contract upgrade,,,,,,
8405-IGQFX,0.08283816625423046,Low,90.05,7.459576871193453,3953,Review pricing or offer,,,,,,
0811-GSDTP,0.24715651166972408,Low,30.15,7.451768826842181,3954,Offer contract upgrade,,,,,,
3470-BTGQO,0.16292832765469362,Low,45.65,7.437678157436763,3955,Offer contract upgrade,,,,,,
1576-PFZIW,0.07058658462787258,Low,105.35,7.436296690546376,3956,Review pricing or offer,,,,,,
3870-SPZSI,0.06573602438258554,Low,113.05,7.431457556451295,3957,Review pricing or offer,,,,,,
5985-TBABQ,0.0994144213375348,Low,74.75,7.431227994980726,3958,Offer technical support,,,,,,
0804-XBFBV,0.29483369963113815,Low,25.2,7.429809230704681,3959,Offer contract upgrade,,,,,,
2925-MXLSX,0.10767074851026691,Low,68.95,7.423898109782904,3960,Offer technical support,,,,,,
6838-YAUVY,0.07795972403385133,Low,95.1,7.413969755619261,3961,Review pricing or offer,,,,,,
0257-KXZGU,0.11871073736033465,Low,62.45,7.413485548152899,3962,Offer contract upgrade,,,,,,
9917-KWRBE,0.09455498438514114,Low,78.35,7.408383026575807,3963,Offer technical support,,,,,,
3807-XHCJH,0.36974306595349266,Medium,20.0,7.394861319069853,3964,Offer contract upgrade,,,,,,
7964-YESJC,0.11140033000479922,Low,66.3,7.385841879318188,3965,Offer contract upgrade,,,,,,
6549-NNDYT,0.2393551094254788,Low,30.85,7.3841051257760215,3966,Offer contract upgrade,,,,,,
4781-ZXYGU,0.36572887501094026,Medium,20.15,7.369436831470446,3967,Offer contract upgrade,,,,,,
4304-TSPVK,0.06410281747525974,Low,114.9,7.365413727907344,3968,Review pricing or offer,,,,,,
5028-HTLJB,0.3672175164627734,Medium,20.05,7.3627112050786065,3969,Offer contract upgrade,,,,,,
3282-ZISZV,0.0879325686512815,Low,83.7,7.359955996112262,3970,Offer security package,,,,,,
8847-GEOOQ,0.12224927826822721,Low,60.2,7.359406551747278,3971,Offer contract upgrade,,,,,,
7395-XWZOY,0.13373924330721257,Low,55.0,7.355658381896691,3972,Offer contract upgrade,,,,,,
4510-PYUSH,0.12868355586437238,Low,57.15,7.354265217648882,3973,Offer contract upgrade,,,,,,
5327-CNLUQ,0.0758777905873057,Low,96.9,7.352557907909923,3974,Review pricing or offer,,,,,,
6242-SGYTS,0.07739645092049219,Low,94.95,7.348793014900734,3975,Review pricing or offer,,,,,,
0423-UDIJQ,0.14927343680376903,Low,49.2,7.344253090745437,3976,Offer contract upgrade,,,,,,
2530-ENDWQ,0.07826343726275257,Low,93.7,7.333284071519916,3977,Review pricing or offer,,,,,,
1621-YNCJH,0.06908070534508522,Low,106.05,7.326008801846287,3978,Review pricing or offer,,,,,,
5366-OBVMR,0.14554769520133248,Low,50.3,7.3210490686270235,3979,Offer contract upgrade,,,,,,
1371-WEPDS,0.13118953123528004,Low,55.8,7.320375842928626,3980,Offer technical support,,,,,,
9308-ANMVE,0.13205001818250556,Low,55.3,7.302366005492557,3981,Offer contract upgrade,,,,,,
1852-XEMDW,0.11219518215369377,Low,65.05,7.298296599097779,3982,Offer contract upgrade,,,,,,
8809-RIHDD,0.07046452708495843,Low,103.4,7.286032100584702,3983,Review pricing or offer,,,,,,
8107-RZLNV,0.0684008652038645,Low,106.3,7.271011971170796,3984,Review pricing or offer,,,,,,
1724-IQWNM,0.3765208171770323,Medium,19.3,7.266851771516723,3985,Offer contract upgrade,,,,,,
9691-HKOVS,0.08060319260478048,Low,90.15,7.266377813320961,3986,Review pricing or offer,,,,,,
9938-TKDGL,0.07284652437771852,Low,99.55,7.251871501801879,3987,Review pricing or offer,,,,,,
6303-KFWSL,0.13112763047263568,Low,55.25,7.244801583613121,3988,Offer technical support,,,,,,
8111-BKVDS,0.17779493873115357,Low,40.7,7.23625400635795,3989,Offer contract upgrade,,,,,,
8406-LNMHF,0.0871882819729479,Low,82.95,7.2322679896560285,3990,Offer technical support,,,,,,
3058-WQDRE,0.28751589166030106,Low,25.15,7.231024675256571,3991,Offer contract upgrade,,,,,,
9103-CXVOK,0.3660643267353756,Medium,19.75,7.229770453023668,3992,Offer contract upgrade,,,,,,
2533-QVMSK,0.07671650665434296,Low,94.1,7.219023276173672,3993,Review pricing or offer,,,,,,
2969-WGHQO,0.10393871338554067,Low,69.45,7.2185436446258,3994,Offer technical support,,,,,,
4501-VCPFK,0.20112612396854343,Low,35.75,7.1902589318754275,3995,Offer contract upgrade,,,,,,
7853-GVUDZ,0.3553377544070598,Medium,20.15,7.160055751302254,3996,Offer contract upgrade,,,,,,
4043-MKDTV,0.06800267895184058,Low,105.25,7.157281959681221,3997,Review pricing or offer,,,,,,
6778-JFCMK,0.14123724937531823,Low,50.6,7.146604818391102,3998,Offer technical support,,,,,,
1527-SXDPN,0.07419827455661729,Low,96.25,7.141583926074414,3999,Review pricing or offer,,,,,,
6295-OSINB,0.06491142479816338,Low,109.65,7.117537729118615,4000,Review pricing or offer,,,,,,
4190-MFLUW,0.1287425392751167,Low,55.2,7.106588167986442,4001,Offer contract upgrade,,,,,,
6778-EICRF,0.09495387913761655,Low,74.8,7.102550159493718,4002,Offer technical support,,,,,,
9931-KGHOA,0.12896316717497228,Low,55.0,7.0929741946234754,4003,Offer contract upgrade,,,,,,
4686-GEFRM,0.07185370757024143,Low,98.7,7.091960937182829,4004,Review pricing or offer,,,,,,
3679-XASPY,0.3640095237300656,Medium,19.45,7.079985236549776,4005,Offer contract upgrade,,,,,,
2826-DXLQO,0.23696207007131645,Low,29.8,7.06146968812523,4006,Offer contract upgrade,,,,,,
7432-FFVAR,0.07763703523297737,Low,90.95,7.061088354439292,4007,Review pricing or offer,,,,,,
2202-OUTMO,0.11602929042876778,Low,60.85,7.060382322590519,4008,Offer contract upgrade,,,,,,
0743-HRVFF,0.12570802664707884,Low,56.15,7.0585056962334765,4009,Offer security package,,,,,,
6497-TILVL,0.1391359214567284,Low,50.7,7.05419121785613,4010,Offer contract upgrade,,,,,,
6341-JVQGF,0.0867901756688119,Low,81.15,7.0430227555240865,4011,Offer backup package,,,,,,
1725-MIMXW,0.36185151844466834,Medium,19.45,7.038012033748799,4012,Offer contract upgrade,,,,,,
5120-ZBLAI,0.09277722635568351,Low,75.7,7.023236035125242,4013,Offer technical support,,,,,,
6728-CZFEI,0.12474527380973008,Low,56.15,7.004447124416344,4014,Offer technical support,,,,,,
1334-PDUKM,0.08099328284051971,Low,86.45,7.001869301562929,4015,Offer technical support,,,,,,
6296-DDOOR,0.12018620821422388,Low,58.2,6.99483731806783,4016,Offer technical support,,,,,,
6289-CPNLD,0.0945965101839138,Low,73.9,6.99068210259123,4017,Offer security package,,,,,,
2851-MMUTZ,0.12448948310471554,Low,56.15,6.990084476329778,4018,Offer contract upgrade,,,,,,
8624-GIOUT,0.11682847340808562,Low,59.75,6.980501286133116,4019,Offer contract upgrade,,,,,,
3407-JMJQQ,0.06400220483017291,Low,109.0,6.976240326488847,4020,Review pricing or offer,,,,,,
7156-MXBJE,0.081904618005333,Low,85.1,6.970082992253838,4021,Offer security package,,,,,,
3160-TYXLT,0.15042127398258603,Low,46.3,6.964504985393733,4022,Offer contract upgrade,,,,,,
2782-JEEBU,0.1926533987889728,Low,36.0,6.9355223564030215,4023,Offer contract upgrade,,,,,,
3272-VUHPV,0.12318462996599629,Low,56.3,6.93529466708559,4024,Offer contract upgrade,,,,,,
5989-OMNJE,0.12029274826680758,Low,57.6,6.928862300168117,4025,Offer technical support,,,,,,
6481-OGDOO,0.07642780708921744,Low,90.6,6.9243593222831,4026,Review pricing or offer,,,,,,
8474-UMLNT,0.10193686436301218,Low,67.8,6.911319403812225,4027,Offer contract upgrade,,,,,,
3528-HFRIQ,0.1318265705867829,Low,52.3,6.894529641688745,4028,Offer contract upgrade,,,,,,
4504-YOULA,0.11573296149825785,Low,59.45,6.880324561071429,4029,Offer contract upgrade,,,,,,
6505-OZNPG,0.10826849511308895,Low,63.4,6.864222590169839,4030,Early-tenure retention outreach,,,,,,
8200-KLNYW,0.08480448073621802,Low,80.9,6.860682491560039,4031,Offer backup package,,,,,,
9715-WZCLW,0.07055004492886097,Low,97.2,6.857464367085286,4032,Review pricing or offer,,,,,,
9496-IVVRP,0.1343764246081943,Low,51.0,6.853197655017909,4033,Offer contract upgrade,,,,,,
7459-IMVYU,0.0979071562861905,Low,69.95,6.848605582219026,4034,Offer contract upgrade,,,,,,
8620-RJPZN,0.3295885355160495,Medium,20.7,6.822482685182225,4035,Offer contract upgrade,,,,,,
4926-UMJZD,0.13862886034936536,Low,49.2,6.820539929188776,4036,Offer contract upgrade,,,,,,
8409-WQJUX,0.12583244371700064,Low,54.2,6.820118449461435,4037,Offer security package,,,,,,
0068-FIGTF,0.0870605630055999,Low,78.2,6.8081360270379125,4038,Offer security package,,,,,,
2480-JZOSN,0.32960041003532686,Medium,20.65,6.8062484672295,4039,Offer contract upgrade,,,,,,
2469-DTSGX,0.06091706413730523,Low,111.65,6.801390210930129,4040,Review pricing or offer,,,,,,
0655-YDGFJ,0.13893007330794446,Low,48.95,6.800627088423882,4041,Offer contract upgrade,,,,,,
5278-PNYOX,0.06756476552094981,Low,100.65,6.800393649683599,4042,Review pricing or offer,,,,,,
2911-IJORQ,0.07495738648150373,Low,90.6,6.791139215224237,4043,Review pricing or offer,,,,,,
4634-JLRJT,0.3331902341335563,Medium,20.35,6.780421264617871,4044,Offer contract upgrade,,,,,,
6214-EDAKZ,0.1228766231837387,Low,55.15,6.7766457685831885,4045,Offer contract upgrade,,,,,,
3363-DTIVD,0.06413436775402909,Low,105.55,6.76938251643777,4046,Review pricing or offer,,,,,,
4091-TVOCN,0.0859198861231224,Low,78.75,6.76619103219589,4047,Offer technical support,,,,,,
8073-IJDCM,0.3331902341335563,Medium,20.3,6.7637617529111935,4048,Offer contract upgrade,,,,,,
9374-YOLBJ,0.3510102019989872,Medium,19.25,6.756946388480504,4049,Offer contract upgrade,,,,,,
2080-SRCDE,0.26601642357811334,Low,25.4,6.756817158884078,4050,Offer contract upgrade,,,,,,
2876-VBBBL,0.33351803888753817,Medium,20.25,6.753740287472648,4051,Offer contract upgrade,,,,,,
0670-KDOMA,0.33351803888753817,Medium,20.25,6.753740287472648,4052,Offer contract upgrade,,,,,,
1153-GNOLC,0.1727237424689433,Low,39.1,6.753498330535683,4053,Offer technical support,,,,,,
5382-TEMLV,0.1325950430237564,Low,50.9,6.749087689909201,4054,Offer contract upgrade,,,,,,
8974-OVACP,0.3342951943514001,Medium,20.15,6.736048166180711,4055,Offer contract upgrade,,,,,,
2205-LPVGL,0.07477511003293118,Low,89.85,6.7185436364588655,4056,Review fiber service experience,,,,,,
5996-DAOQL,0.3284716670191949,Medium,20.45,6.717245590542535,4057,Offer contract upgrade,,,,,,
8262-COGGB,0.3284716670191949,Medium,20.45,6.717245590542535,4058,Offer contract upgrade,,,,,,
9839-ETQOE,0.16603442856199968,Low,40.45,6.716092635332887,4059,Offer contract upgrade,,,,,,
7893-IXHRQ,0.3267916465404901,Medium,20.55,6.715568336407071,4060,Offer contract upgrade,,,,,,
4186-ZBUEW,0.09498403645297275,Low,70.7,6.715371377225174,4061,Offer security package,,,,,,
5088-QZLRL,0.3249476196787232,Medium,20.65,6.710168346365633,4062,Offer contract upgrade,,,,,,
2200-DSAAL,0.08317852814315814,Low,80.65,6.708348294745704,4063,Offer technical support,,,,,,
7878-RTCZG,0.3370864972405615,Medium,19.9,6.708021295087173,4064,Offer contract upgrade,,,,,,
6654-QGBZZ,0.3370864972405615,Medium,19.9,6.708021295087173,4065,Offer contract upgrade,,,,,,
3900-AQPHZ,0.3370864972405615,Medium,19.9,6.708021295087173,4066,Offer contract upgrade,,,,,,
9518-IMLHK,0.09251666901506127,Low,72.45,6.702832670141189,4067,Offer contract upgrade,,,,,,
9060-HJJRW,0.11880716830974926,Low,56.4,6.700724292669858,4068,Offer technical support,,,,,,
6718-BDGHG,0.10319312705963783,Low,64.85,6.692074289817513,4069,Offer security package,,,,,,
7814-LEEVE,0.3295319160091334,Medium,20.3,6.689497894985408,4070,Offer contract upgrade,,,,,,
9845-PEEKO,0.08445027599695511,Low,79.2,6.688461858958845,4071,Offer technical support,,,,,,
2632-IVXVF,0.05982993072641635,Low,111.75,6.685994758677027,4072,Review pricing or offer,,,,,,
9853-JFZDU,0.11757258232385938,Low,56.85,6.684001305111406,4073,Offer contract upgrade,,,,,,
8659-HDIYE,0.08944431714794918,Low,74.65,6.677018275094406,4074,Offer contract upgrade,,,,,,
7134-HBPBS,0.061757017884766924,Low,108.1,6.675933633343304,4075,Review pricing or offer,,,,,,
7746-AWNQW,0.18671920106096088,Low,35.75,6.6752114379293515,4076,Offer contract upgrade,,,,,,
0112-QWPNC,0.07910288622390575,Low,84.35,6.6723284529864495,4077,Offer backup package,,,,,,
2654-VBVPB,0.33522737811593467,Medium,19.9,6.671024824507099,4078,Offer contract upgrade,,,,,,
9134-WYRVP,0.07722936024899386,Low,86.35,6.66875525750062,4079,Offer technical support,,,,,,
7445-WMRBW,0.09027973762352856,Low,73.85,6.667158623497584,4080,Offer security package,,,,,,
2081-KJSQF,0.32884893285696193,Medium,20.25,6.659190890353479,4081,Offer contract upgrade,,,,,,
9933-QRGTX,0.06843583977703054,Low,97.2,6.651963626327368,4082,Review pricing or offer,,,,,,
4310-KEDTB,0.22317284194933043,Low,29.8,6.650550690090047,4083,Offer contract upgrade,,,,,,
5304-EFJLP,0.05955936961631405,Low,111.65,6.649803617661464,4084,Review pricing or offer,,,,,,
1934-SJVJK,0.3296205893030143,Medium,20.15,6.6418548744557375,4085,Offer contract upgrade,,,,,,
1066-JKSGK,0.3296205893030143,Medium,20.15,6.6418548744557375,4086,Offer contract upgrade,,,,,,
3247-MHJKM,0.3285407812828157,Medium,20.2,6.636523781912877,4087,Offer contract upgrade,,,,,,
4786-UKSNZ,0.3285407812828157,Medium,20.2,6.636523781912877,4088,Offer contract upgrade,,,,,,
8048-DSDFQ,0.3285407812828157,Medium,20.2,6.636523781912877,4089,Offer contract upgrade,,,,,,
6380-ARCEH,0.3285407812828157,Medium,20.2,6.636523781912877,4090,Offer contract upgrade,,,,,,
5766-ZJYBB,0.34183480417417317,Medium,19.4,6.631595200978959,4091,Offer contract upgrade,,,,,,
7136-IHZJA,0.09292321134986746,Low,71.35,6.630071129813043,4092,Offer contract upgrade,,,,,,
4795-WRNVT,0.10180846302360456,Low,65.1,6.627730942836656,4093,Offer contract upgrade,,,,,,
4316-XCSLJ,0.13171320916239074,Low,50.3,6.6251744208682535,4094,Offer contract upgrade,,,,,,
3948-FVVRP,0.12083559889529182,Low,54.8,6.621790819461991,4095,Offer contract upgrade,,,,,,
8029-XYPWT,0.05750473280097372,Low,115.05,6.615919508752026,4096,Review pricing or offer,,,,,,
1136-XGEQU,0.07853545493542982,Low,84.15,6.60875853281642,4097,Offer security package,,,,,,
6124-ACRHJ,0.33459549592837373,Medium,19.75,6.608261044585381,4098,Offer contract upgrade,,,,,,
3148-BLQJT,0.32870157715879517,Medium,20.1,6.606901700891783,4099,Offer contract upgrade,,,,,,
9625-QNLUX,0.0639801397738742,Low,103.25,6.605949431652512,4100,Review pricing or offer,,,,,,
1135-LMECX,0.3327891495633285,Medium,19.85,6.605864618832071,4101,Offer contract upgrade,,,,,,
7868-TMWMZ,0.060052336936577626,Low,110.0,6.605757063023539,4102,Review pricing or offer,,,,,,
8224-IVVPA,0.11649027374963863,Low,56.7,6.604998521604511,4103,Offer contract upgrade,,,,,,
1329-VHWNP,0.2636589188348911,Low,25.05,6.604655916814023,4104,Offer contract upgrade,,,,,,
7310-EGVHZ,0.3267055658737508,Medium,20.2,6.599452430649767,4105,Offer contract upgrade,,,,,,
6257-DTAYD,0.06329790566391014,Low,104.15,6.592476874896241,4106,Review pricing or offer,,,,,,
7096-UCLNH,0.32865380750801454,Medium,20.05,6.589508840535692,4107,Offer contract upgrade,,,,,,
8749-CLJXC,0.32865380750801454,Medium,20.05,6.589508840535692,4108,Offer contract upgrade,,,,,,
3030-ZKIWL,0.32865380750801454,Medium,20.05,6.589508840535692,4109,Offer contract upgrade,,,,,,
0939-EREMR,0.12327143128216946,Low,53.45,6.588858002031958,4110,Offer contract upgrade,,,,,,
2868-LLSKM,0.07863714205855189,Low,83.65,6.577996933197866,4111,Offer security package,,,,,,
7698-YFGEZ,0.32875687256297287,Medium,20.0,6.575137451259457,4112,Offer contract upgrade,,,,,,
4877-EVATK,0.32875687256297287,Medium,20.0,6.575137451259457,4113,Offer contract upgrade,,,,,,
5446-DKWYW,0.10064198733416993,Low,65.2,6.561857574187879,4114,Offer technical support,,,,,,
6286-SUUWT,0.32887955561052185,Medium,19.95,6.561147134429911,4115,Offer contract upgrade,,,,,,
5701-SVCWR,0.273333887584511,Low,24.0,6.560013302028263,4116,Offer contract upgrade,,,,,,
4826-DXMUP,0.09096014148184303,Low,72.1,6.558226200840882,4117,Offer security package,,,,,,
3787-TRIAL,0.2515598408374436,Low,26.05,6.553133853815406,4118,Offer contract upgrade,,,,,,
1349-WXNGG,0.326818268039848,Medium,20.05,6.552706274198952,4119,Offer contract upgrade,,,,,,
4682-BLBUC,0.09229499048062634,Low,70.95,6.548329574600439,4120,Offer security package,,,,,,
3224-DFQNQ,0.07349361145670436,Low,89.0,6.540931419646688,4121,Promote automatic payment,,,,,,
4892-VLANZ,0.329918772746441,Medium,19.8,6.532391700379532,4122,Offer contract upgrade,,,,,,
5161-XEUVX,0.06917648180949569,Low,94.3,6.523342234635443,4123,Review pricing or offer,,,,,,
3930-ZGWVE,0.329918772746441,Medium,19.75,6.515895761742209,4124,Offer contract upgrade,,,,,,
7239-HZZCX,0.329918772746441,Medium,19.75,6.515895761742209,4125,Offer contract upgrade,,,,,,
5954-BDFSG,0.060601785555159986,Low,107.5,6.514691947179698,4126,Review pricing or offer,,,,,,
6615-ZGEDR,0.3300461616963445,Medium,19.7,6.501909385417986,4127,Offer contract upgrade,,,,,,
0842-IWYCP,0.14462224174652547,Low,44.95,6.50076976650632,4128,Offer contract upgrade,,,,,,
7797-EJMDP,0.0984188294863923,Low,66.05,6.500563687576212,4129,Offer contract upgrade,,,,,,
9259-PACGQ,0.10367866138649412,Low,62.65,6.495468135863857,4130,Offer contract upgrade,,,,,,
1325-USMEC,0.06536057631667878,Low,99.35,6.493573257062037,4131,Review pricing or offer,,,,,,
7382-DFJTU,0.11753092154387464,Low,55.2,6.4877068692218804,4132,Offer contract upgrade,,,,,,
3717-OFRTN,0.32807962093817067,Medium,19.75,6.479572513528871,4133,Offer contract upgrade,,,,,,
6968-URWQU,0.11467392829907394,Low,56.35,6.4618758596528165,4134,Offer technical support,,,,,,
7657-DYEPJ,0.09209795542249428,Low,70.15,6.460671572887975,4135,Offer security package,,,,,,
7049-GKVZY,0.08088997322891725,Low,79.85,6.459064362329042,4136,Relationship check-in,,,,,,
6941-KXRRV,0.10943174583935121,Low,58.95,6.4510014172297545,4137,Offer technical support,,,,,,
9351-LZYGF,0.09712166903671113,Low,66.4,6.448878824037619,4138,Offer contract upgrade,,,,,,
0396-UKGAI,0.11654345236415328,Low,55.3,6.444852915737676,4139,Offer contract upgrade,,,,,,
8205-OTCHB,0.14716087471156164,Low,43.75,6.438288268630822,4140,Offer technical support,,,,,,
1936-UAFEH,0.05835187352938019,Low,110.25,6.433294056614166,4141,Review pricing or offer,,,,,,
6865-JZNKO,0.11620165093197575,Low,55.3,6.425951296538258,4142,Offer contract upgrade,,,,,,
5286-YHCVC,0.061313860319045274,Low,104.8,6.425692561435945,4143,Review pricing or offer,,,,,,
1559-DTODC,0.2553569965352815,Low,25.15,6.422228462862329,4144,Offer contract upgrade,,,,,,
9013-AQORL,0.14089517453458852,Low,45.55,6.417775200050507,4145,Offer contract upgrade,,,,,,
5414-OFQCB,0.07088501301393609,Low,90.45,6.411549427110519,4146,Review pricing or offer,,,,,,
9504-DSHWM,0.10829631983672698,Low,59.2,6.411142134334238,4147,Offer contract upgrade,,,,,,
8016-ZMGMO,0.09039076851139717,Low,70.85,6.404185949032489,4148,Offer technical support,,,,,,
1202-KKGFU,0.11813891466507762,Low,54.2,6.403129174847207,4149,Offer contract upgrade,,,,,,
2220-IAHLS,0.3299230794640105,Medium,19.4,6.400507741601803,4150,Offer contract upgrade,,,,,,
3391-JSQEW,0.12756677201863953,Low,50.15,6.397473616734772,4151,Offer contract upgrade,,,,,,
1905-OEILC,0.32796189769564144,Medium,19.5,6.395257005065008,4152,Offer contract upgrade,,,,,,
7551-JOHTI,0.32796189769564144,Medium,19.5,6.395257005065008,4153,Offer contract upgrade,,,,,,
7336-RLLRH,0.07908255518234458,Low,80.85,6.393824586492559,4154,Offer backup package,,,,,,
1925-LFCZZ,0.12751873973309447,Low,50.05,6.382312923641377,4155,Offer technical support,,,,,,
2798-NYLMZ,0.05868179067330081,Low,108.55,6.369908377586802,4156,Review pricing or offer,,,,,,
0303-UNCIP,0.09777817846331723,Low,65.0,6.355581600115619,4157,Offer technical support,,,,,,
1150-FTQGN,0.06748772531810977,Low,94.15,6.353969338700035,4158,Review pricing or offer,,,,,,
8879-ZKJOF,0.07948455697356802,Low,79.85,6.346841874339406,4159,Offer backup package,,,,,,
5353-WILCI,0.11322498317425736,Low,56.05,6.346260306917125,4160,Offer contract upgrade,,,,,,
5269-NRGDP,0.08670394779962733,Low,73.15,6.342393781542739,4161,Offer security package,,,,,,
7078-NVFAM,0.1804054306790927,Low,35.15,6.341250888370109,4162,Offer contract upgrade,,,,,,
8329-IBCTI,0.3223601283939763,Medium,19.65,6.334376522941634,4163,Offer contract upgrade,,,,,,
7721-DVEKZ,0.3223601283939763,Medium,19.65,6.334376522941634,4164,Offer contract upgrade,,,,,,
0970-QXPXW,0.3223601283939763,Medium,19.65,6.334376522941634,4165,Offer contract upgrade,,,,,,
0661-KBKPA,0.08042423564146967,Low,78.75,6.333408556765736,4166,Offer security package,,,,,,
2636-SJDOU,0.07510331333514121,Low,84.3,6.331209314152404,4167,Offer technical support,,,,,,
2542-HYGIQ,0.3172017022859146,Medium,19.95,6.328173960603996,4168,Offer contract upgrade,,,,,,
9822-BIIGN,0.08805304755027216,Low,71.85,6.326611466487054,4169,Offer contract upgrade,,,,,,
1162-ECVII,0.05759564933190071,Low,109.75,6.3211225141761025,4170,Review pricing or offer,,,,,,
1125-SNVCK,0.14431004495000072,Low,43.8,6.320779968810031,4171,Offer contract upgrade,,,,,,
5995-OIGLP,0.11147848894961383,Low,56.65,6.315256398995624,4172,Offer contract upgrade,,,,,,
8605-ITULD,0.32266507759043134,Medium,19.55,6.3081022668929325,4173,Offer contract upgrade,,,,,,
2866-IKBTM,0.32266507759043134,Medium,19.55,6.3081022668929325,4174,Offer contract upgrade,,,,,,
1832-PEUTS,0.07079313490651826,Low,89.1,6.307668320170777,4175,Offer technical support,,,,,,
8082-GHXOP,0.14335367628852244,Low,44.0,6.307561756694987,4176,Offer contract upgrade,,,,,,
8562-GHPPI,0.31822151582200403,Medium,19.8,6.30078601327568,4177,Offer contract upgrade,,,,,,
9711-FJTBX,0.07335601719560697,Low,85.85,6.297614076242858,4178,Offer security package,,,,,,
8393-JMVMB,0.32333283978871963,Medium,19.45,6.288823733890596,4179,Offer contract upgrade,,,,,,
0696-UKTOX,0.11613355632541435,Low,54.15,6.288632075021186,4180,Offer contract upgrade,,,,,,
5307-UVGNB,0.12905776149013146,Low,48.7,6.285112984569403,4181,Offer contract upgrade,,,,,,
9558-IHEZX,0.05886952024165107,Low,106.75,6.284321285796252,4182,Review pricing or offer,,,,,,
0716-BQNDX,0.06700561050405593,Low,93.75,6.281775984755243,4183,Review pricing or offer,,,,,,
5055-BRMNE,0.05881465462306559,Low,106.7,6.275523648281099,4184,Review pricing or offer,,,,,,
4626-OZDTJ,0.0797576692290067,Low,78.65,6.272940684861378,4185,Offer security package,,,,,,
6250-CGGUN,0.07427836594968684,Low,84.4,6.26909408615357,4186,Offer backup package,,,,,,
7929-SKFGK,0.054845521388768005,Low,114.3,6.268843094736183,4187,Review pricing or offer,,,,,,
3696-XRIEN,0.07588490211992059,Low,82.5,6.2605044248934485,4188,Offer backup package,,,,,,
5084-OOVCJ,0.1129682947603341,Low,55.35,6.252795114984493,4189,Offer contract upgrade,,,,,,
3785-NRHYR,0.31777275063235777,Medium,19.65,6.24423454992583,4190,Offer contract upgrade,,,,,,
6141-OOXUQ,0.31777275063235777,Medium,19.65,6.24423454992583,4191,Offer contract upgrade,,,,,,
5155-AZQPB,0.12481985320449215,Low,49.9,6.228510674904158,4192,Offer contract upgrade,,,,,,
8070-AAWZP,0.1815701350645892,Low,34.25,6.21877712596218,4193,Offer contract upgrade,,,,,,
7601-WFVZV,0.3180753971757796,Medium,19.55,6.218374014786491,4194,Offer contract upgrade,,,,,,
1029-QFBEN,0.3180753971757796,Medium,19.55,6.218374014786491,4195,Offer contract upgrade,,,,,,
6713-OKOMC,0.2087929695274938,Low,29.75,6.2115908434429405,4196,Offer contract upgrade,,,,,,
1194-SPVSP,0.3159693802483439,Medium,19.65,6.208798321879958,4197,Offer contract upgrade,,,,,,
5590-ZSKRV,0.11359455187299634,Low,54.65,6.20794225985925,4198,Offer contract upgrade,,,,,,
3301-VKTGC,0.07257808687722991,Low,85.5,6.2054264280031575,4199,Offer technical support,,,,,,
9848-JQJTX,0.06139431037282492,Low,100.9,6.194685916618035,4200,Review pricing or offer,,,,,,
7926-IJOOU,0.3208242350662994,Medium,19.3,6.191907736779579,4201,Offer contract upgrade,,,,,,
2533-TIBIX,0.2043614643253733,Low,30.2,6.171716222626274,4202,Offer contract upgrade,,,,,,
8563-IIOXK,0.12403674599080779,Low,49.75,6.170828113042687,4203,Offer technical support,,,,,,
4418-LZMSV,0.09984762350961192,Low,61.8,6.170583132894016,4204,Offer contract upgrade,,,,,,
0727-BNRLG,0.06313547404640558,Low,97.65,6.1651790406315055,4205,Review pricing or offer,,,,,,
8267-KFGYD,0.2923977939052162,Low,21.05,6.154973561704801,4206,Offer contract upgrade,,,,,,
8752-GHJFU,0.06683629030362499,Low,92.0,6.1489387079335,4207,Review pricing or offer,,,,,,
3948-XHGNA,0.1240042351689735,Low,49.55,6.144409852622637,4208,Offer contract upgrade,,,,,,
3115-JPJDD,0.07551839868450767,Low,81.25,6.135869893116248,4209,Offer technical support,,,,,,
8099-MZPUJ,0.054776416101452466,Low,111.8,6.124003320142386,4210,Review pricing or offer,,,,,,
2499-AJYUA,0.055179772992957746,Low,110.8,6.113918847619718,4211,Review pricing or offer,,,,,,
9386-LDCZR,0.06741582608414397,Low,90.65,6.111244634527651,4212,Review pricing or offer,,,,,,
0607-MVMGC,0.07758461503541834,Low,78.75,6.109788434039195,4213,Offer technical support,,,,,,
4822-LPTYJ,0.05886009405483506,Low,103.75,6.106734758189138,4214,Review pricing or offer,,,,,,
2801-NISEI,0.11102273465103377,Low,54.95,6.100699269074306,4215,Offer contract upgrade,,,,,,
7217-JYHOQ,0.08676811787208724,Low,70.3,6.099798686407733,4216,Offer contract upgrade,,,,,,
9362-MWODR,0.09513754233395808,Low,64.1,6.098316463606712,4217,Offer contract upgrade,,,,,,
8901-HJXTF,0.20857475044809864,Low,29.2,6.09038271308448,4218,Offer contract upgrade,,,,,,
0002-ORFBO,0.0928270506101423,Low,65.6,6.089454520025335,4219,Offer security package,,,,,,
4255-DDUOU,0.29614170362290065,Low,20.5,6.070904924269463,4220,Offer contract upgrade,,,,,,
5968-XQIVE,0.06758751742075027,Low,89.7,6.062600312641299,4221,Offer technical support,,,,,,
3518-FSTWG,0.05532709224187468,Low,109.55,6.061082955097371,4222,Review pricing or offer,,,,,,
6968-MHOMU,0.13468685557551485,Low,45.0,6.060908500898169,4223,Offer technical support,,,,,,
5133-VRSAB,0.20627407753891422,Low,29.35,6.054144175767132,4224,Offer contract upgrade,,,,,,
9798-DRYDS,0.09738056902507322,Low,61.95,6.032726251103286,4225,Offer security package,,,,,,
6244-BESBM,0.06332026607826641,Low,95.2,6.028089330650962,4226,Review pricing or offer,,,,,,
8975-SKGRX,0.05187465919518329,Low,116.1,6.02264793256078,4227,Review pricing or offer,,,,,,
4884-TVUQF,0.059441056656870626,Low,101.3,6.021379039340994,4228,Review pricing or offer,,,,,,
2408-PSJVE,0.09721659025984614,Low,61.9,6.017706937084475,4229,Offer contract upgrade,,,,,,
6784-XYJAE,0.10745975307680924,Low,55.8,5.996254221685955,4230,Offer technical support,,,,,,
2576-HXMPA,0.3066059120615488,Medium,19.55,5.994145580803279,4231,Offer contract upgrade,,,,,,
0420-BWTPW,0.2350065244407285,Low,25.5,5.992666373238577,4232,Offer contract upgrade,,,,,,
2946-KIQSP,0.17901803809332473,Low,33.45,5.988153374221713,4233,Offer contract upgrade,,,,,,
4472-LVYGI,0.11334843436428511,Low,52.55,5.956460225843182,4234,Offer backup package,,,,,,
1208-DNHLN,0.12296314820219677,Low,48.35,5.945268215576214,4235,Offer technical support,,,,,,
1976-AZZPJ,0.1737396956131263,Low,34.2,5.94189758996892,4236,Offer contract upgrade,,,,,,
9962-BFPDU,0.29618708379355235,Low,20.05,5.938551030060725,4237,Offer contract upgrade,,,,,,
0533-UCAAU,0.08348300088870349,Low,71.1,5.935641363186818,4238,Offer technical support,,,,,,
3621-CHYVB,0.11890523511132313,Low,49.9,5.933371232055024,4239,Offer contract upgrade,,,,,,
5868-YTYKS,0.29272107853594387,Low,20.25,5.927601840352863,4240,Offer contract upgrade,,,,,,
4177-JPDFU,0.17421983064629407,Low,34.0,5.923474241973998,4241,Offer contract upgrade,,,,,,
3275-RHRNE,0.0986031658638728,Low,60.0,5.916189951832368,4242,Offer security package,,,,,,
1360-RCYRT,0.19493063709013922,Low,30.35,5.916144835685726,4243,Offer contract upgrade,,,,,,
1741-WTPON,0.05105630473523058,Low,115.85,5.9148729035764624,4244,Review pricing or offer,,,,,,
7909-FIOIY,0.2377648247251459,Low,24.85,5.908455894419876,4245,Offer contract upgrade,,,,,,
5515-IDEJJ,0.29531557608826453,Low,19.9,5.876779964156464,4246,Offer contract upgrade,,,,,,
9074-KGVOX,0.14877438350456162,Low,39.45,5.869149429254956,4247,Offer contract upgrade,,,,,,
7470-DYNOE,0.09599797359946077,Low,61.1,5.8654761869270535,4248,Offer technical support,,,,,,
2812-SFXMJ,0.29253804620461504,Low,20.05,5.865387826402531,4249,Offer contract upgrade,,,,,,
8466-PZBLH,0.05605272766375834,Low,104.6,5.863115313629121,4250,Review pricing or offer,,,,,,
3863-IUBJR,0.1091307378348681,Low,53.65,5.854864084840673,4251,Offer technical support,,,,,,
6075-QMNRR,0.11766079094407093,Low,49.75,5.853624349467529,4252,Offer contract upgrade,,,,,,
1629-DQQVB,0.1167042717949517,Low,50.1,5.84688401692708,4253,Offer contract upgrade,,,,,,
5161-UBZXI,0.05480663733807462,Low,106.35,5.828685880904236,4254,Review pricing or offer,,,,,,
8853-TZDGH,0.05214257807356863,Low,111.6,5.819111713010259,4255,Review pricing or offer,,,,,,
1530-ZTDOZ,0.14305951711772247,Low,40.65,5.815369370835418,4256,Offer contract upgrade,,,,,,
5533-RJFTJ,0.19213734533153043,Low,30.2,5.8025478290122185,4257,Offer contract upgrade,,,,,,
6849-WLEYG,0.29372482225003865,Low,19.75,5.801065239438263,4258,Offer contract upgrade,,,,,,
4291-HPAXL,0.29204228065371446,Low,19.85,5.797039270976232,4259,Offer contract upgrade,,,,,,
3669-WHAFY,0.050341851572190774,Low,115.15,5.796864208537768,4260,Review pricing or offer,,,,,,
3506-LCJDC,0.29030379972251324,Low,19.95,5.791560804464139,4261,Offer contract upgrade,,,,,,
0813-TAXXS,0.07426489806658487,Low,77.8,5.777809069580303,4262,Offer technical support,,,,,,
0247-SLUJI,0.29311619137435735,Low,19.7,5.774388970074839,4263,Offer contract upgrade,,,,,,
6121-VZNQB,0.3022832749993562,Medium,19.1,5.773610552487704,4264,Offer contract upgrade,,,,,,
3915-ODIYG,0.08043727824786467,Low,71.75,5.77137471428429,4265,Offer technical support,,,,,,
2927-CVULT,0.05540038032404797,Low,104.05,5.764409572717191,4266,Review pricing or offer,,,,,,
4057-FKCZK,0.06968450916889403,Low,82.5,5.748972006433758,4267,Offer technical support,,,,,,
8550-XSXUQ,0.08138473961438854,Low,70.55,5.7416933797951115,4268,Offer technical support,,,,,,
7614-QVWQL,0.1108000757483687,Low,51.8,5.739443923765498,4269,Offer technical support,,,,,,
1545-JFUML,0.05788893586242001,Low,99.0,5.731004650379581,4270,Review pricing or offer,,,,,,
2150-WLKUW,0.08942275050838529,Low,63.9,5.71411375748582,4271,Offer technical support,,,,,,
9924-JPRMC,0.048295540612281494,Low,118.2,5.708532900371673,4272,Review pricing or offer,,,,,,
8231-BSWXX,0.07203684899933471,Low,79.05,5.694512913397409,4273,Offer technical support,,,,,,
8707-RMEZH,0.06516286464259331,Low,87.3,5.688718083298396,4274,Offer technical support,,,,,,
4232-JGKIY,0.29613677483616996,Low,19.2,5.685826076854463,4275,Offer contract upgrade,,,,,,
9589-ABEPT,0.06148356307550443,Low,92.45,5.684155406330384,4276,Review pricing or offer,,,,,,
6682-QJDGB,0.1028043496365189,Low,55.25,5.679940317417669,4277,Offer contract upgrade,,,,,,
0289-IVARM,0.09368618658114866,Low,60.55,5.6726985974885515,4278,Offer contract upgrade,,,,,,
3259-KNMRR,0.07107991891753923,Low,79.75,5.668623533673753,4279,Offer technical support,,,,,,
9200-NLNPD,0.1048763306888864,Low,54.05,5.668565673734309,4280,Offer security package,,,,,,
8226-BXGES,0.0633597665904855,Low,89.45,5.667531121518929,4281,Offer technical support,,,,,,
4760-XOHVN,0.2911637866489291,Low,19.45,5.663135650321671,4282,Offer contract upgrade,,,,,,
3307-TLCUD,0.1643568249167832,Low,34.4,5.653874777137341,4283,Offer contract upgrade,,,,,,
2599-CZABP,0.12660048206174454,Low,44.6,5.646381499953807,4284,Offer technical support,,,,,,
8845-LWKGE,0.08746238382433148,Low,64.5,5.64132375666938,4285,Offer security package,,,,,,
7016-BPGEU,0.2247157962187108,Low,25.1,5.640366485089642,4286,Offer contract upgrade,,,,,,
9742-XOKTS,0.06283459067187562,Low,89.55,5.626837594666462,4287,Promote automatic payment,,,,,,
3898-BSJYF,0.07644282112975057,Low,73.55,5.622369494093154,4288,Offer backup package,,,,,,
3845-FXCYS,0.28594498035463967,Low,19.65,5.618818863968669,4289,Offer contract upgrade,,,,,,
4385-ZKVNW,0.10222507586307723,Low,54.9,5.61215666488294,4290,Offer contract upgrade,,,,,,
9039-RBEEE,0.11454735633280869,Low,48.95,5.607093092490985,4291,Offer contract upgrade,,,,,,
3655-SNQYZ,0.0494815585540305,Low,113.25,5.603786506243954,4292,Review pricing or offer,,,,,,
4189-NAKJS,0.10863165299543928,Low,51.55,5.599961711914895,4293,Offer technical support,,,,,,
5297-MDOIR,0.0689426260172846,Low,81.15,5.594694101302646,4294,Offer technical support,,,,,,
3638-DIMPH,0.12761955734866198,Low,43.8,5.589736611871395,4295,Offer technical support,,,,,,
6663-JOCQO,0.07422783603238937,Low,75.25,5.585644661437301,4296,Relationship check-in,,,,,,
0134-XWXCE,0.07461943313245419,Low,74.85,5.585264569964195,4297,Offer security package,,,,,,
0909-SDHNU,0.18717476979125294,Low,29.8,5.5778081397793375,4298,Offer contract upgrade,,,,,,
1708-PBBOA,0.10186783622137652,Low,54.75,5.577264033120365,4299,Promote automatic payment,,,,,,
6907-CQGPN,0.1624340377544677,Low,34.3,5.571487494978242,4300,Offer contract upgrade,,,,,,
4903-CNOZC,0.07853119979871254,Low,70.9,5.567862065728719,4301,Offer technical support,,,,,,
5756-JYOJT,0.0857177891490787,Low,64.9,5.563084515775208,4302,Offer security package,,,,,,
8309-PPCED,0.05025993479237004,Low,110.45,5.551209797817271,4303,Review pricing or offer,,,,,,
2887-JPYLU,0.12271948208536768,Low,45.2,5.546920590258619,4304,Offer contract upgrade,,,,,,
7622-NXQZR,0.18422591436545938,Low,30.1,5.545200022400327,4305,Offer contract upgrade,,,,,,
6990-YNRIO,0.0510309510624428,Low,108.65,5.54451283293441,4306,Review pricing or offer,,,,,,
2338-BQEZT,0.10967864504857189,Low,50.55,5.544255507205309,4307,Offer contract upgrade,,,,,,
3195-TQDZX,0.2736793470910437,Low,20.25,5.542006778593635,4308,Offer contract upgrade,,,,,,
8166-ZZTFS,0.068767386432643,Low,80.55,5.539212977149393,4309,Offer technical support,,,,,,
8263-QMNTJ,0.04792092011638785,Low,115.55,5.537262319448616,4310,Review pricing or offer,,,,,,
9862-KJTYK,0.21820584752798625,Low,25.35,5.531518234834452,4311,Offer contract upgrade,,,,,,
0927-CNGRH,0.28263270797684364,Low,19.55,5.525469440947293,4312,Offer contract upgrade,,,,,,
6670-MFRPK,0.06967815582023659,Low,79.2,5.518509940962739,4313,Offer technical support,,,,,,
1702-CCFNJ,0.08970230007028789,Low,61.35,5.503236109312162,4314,Offer contract upgrade,,,,,,
9412-ARGBX,0.05762527926099515,Low,95.5,5.5032141694250365,4315,Review pricing or offer,,,,,,
4430-YHXGG,0.21619832948246862,Low,25.45,5.502247485328826,4316,Offer contract upgrade,,,,,,
5081-NWSUP,0.08474699053862403,Low,64.9,5.5000796859567,4317,Offer security package,,,,,,
5998-DZLYR,0.05825541881074905,Low,94.35,5.496398764794172,4318,Review pricing or offer,,,,,,
5624-BQSSA,0.2622598917762852,Low,20.95,5.494344732713175,4319,Offer contract upgrade,,,,,,
9866-OCCKE,0.05003684013989369,Low,109.75,5.491543205353333,4320,Review pricing or offer,,,,,,
0723-VSOBE,0.16052755095088897,Low,34.2,5.490042242520404,4321,Offer technical support,,,,,,
7105-MXJLL,0.09031679071841754,Low,60.7,5.482229196607945,4322,Offer technical support,,,,,,
7434-SHXLS,0.2622598917762852,Low,20.9,5.481231738124361,4323,Offer contract upgrade,,,,,,
7243-LCGGZ,0.2622598917762852,Low,20.9,5.481231738124361,4324,Offer contract upgrade,,,,,,
0426-TIRNE,0.2622598917762852,Low,20.9,5.481231738124361,4325,Offer contract upgrade,,,,,,
2746-DIJLO,0.09734799073774858,Low,56.3,5.480691878535245,4326,Offer technical support,,,,,,
4544-RXFMG,0.12605076354210756,Low,43.45,5.476905675904574,4327,Offer technical support,,,,,,
1099-BTKWT,0.10039241076036323,Low,54.4,5.46134714536376,4328,Offer technical support,,,,,,
7343-EOBEU,0.23106302075893423,Low,23.6,5.453087289910848,4329,Offer contract upgrade,,,,,,
2111-DWYHN,0.25828008060639057,Low,21.1,5.449709700794841,4330,Offer contract upgrade,,,,,,
2434-EEVDB,0.05745327953484853,Low,94.6,5.435080243996671,4331,Review pricing or offer,,,,,,
4393-GEADV,0.04734043717305035,Low,114.75,5.432315165607528,4332,Review pricing or offer,,,,,,
0392-BZIUW,0.051618277374209286,Low,105.0,5.419919124291975,4333,Review pricing or offer,,,,,,
4987-GQWPO,0.2159299111842604,Low,25.1,5.419840770724936,4334,Offer contract upgrade,,,,,,
2346-DJQTB,0.2239563997215503,Low,24.15,5.40854705327544,4335,Offer contract upgrade,,,,,,
5837-LXSDN,0.09170403783945887,Low,58.85,5.396782626852154,4336,Offer technical support,,,,,,
6743-HHQPF,0.21438387665095263,Low,25.1,5.381035303938911,4337,Offer contract upgrade,,,,,,
2002-MZHWP,0.26242791365077667,Low,20.5,5.379772229840921,4338,Offer contract upgrade,,,,,,
9753-OYLBX,0.26242791365077667,Low,20.5,5.379772229840921,4339,Offer contract upgrade,,,,,,
4013-GUXND,0.2586127992789175,Low,20.8,5.3791462250014845,4340,Offer contract upgrade,,,,,,
6728-WYQBC,0.2566094323101061,Low,20.95,5.375967606896722,4341,Offer contract upgrade,,,,,,
9143-CANJF,0.0973451327603146,Low,55.15,5.36858407173135,4342,Offer contract upgrade,,,,,,
0953-LGOVU,0.1511724949363494,Low,35.5,5.366623570240404,4343,Offer contract upgrade,,,,,,
8220-OCUFY,0.08898880841509314,Low,60.25,5.3615757070093615,4344,Offer backup package,,,,,,
8992-CEUEN,0.28429524812496587,Low,18.85,5.358965427155607,4345,Offer contract upgrade,,,,,,
1963-VAUKV,0.2623102613642572,Low,20.4,5.351129331830847,4346,Offer contract upgrade,,,,,,
3727-JEZTU,0.2623102613642572,Low,20.4,5.351129331830847,4347,Offer contract upgrade,,,,,,
7089-XXAYG,0.1404316207942852,Low,38.1,5.350444752262266,4348,Offer technical support,,,,,,
1353-GHZOS,0.08945474828154501,Low,59.75,5.3449212098223144,4349,Offer technical support,,,,,,
6035-BXTTY,0.09774495779254405,Low,54.65,5.341761943362532,4350,Offer contract upgrade,,,,,,
2391-IPLOP,0.07666866266914336,Low,69.65,5.339972354905836,4351,Offer security package,,,,,,
2592-YKDIF,0.2623556935599168,Low,20.35,5.338938363944306,4352,Offer contract upgrade,,,,,,
7925-PNRGI,0.06566722994169938,Low,81.3,5.338745794260159,4353,Offer contract upgrade,,,,,,
6345-HOVES,0.2130599170404243,Low,25.05,5.337150921862628,4354,Offer contract upgrade,,,,,,
2792-VPPET,0.2596600101253164,Low,20.5,5.323030207568987,4355,Offer contract upgrade,,,,,,
6435-VWCCY,0.05736324183527181,Low,92.7,5.317572518129698,4356,Review pricing or offer,,,,,,
3256-EZDBI,0.18050436889427324,Low,29.45,5.3158536639363465,4357,Offer contract upgrade,,,,,,
5510-BOIUJ,0.2760971243629312,Low,19.25,5.314869643986426,4358,Offer contract upgrade,,,,,,
9555-SAHUZ,0.09749636208624164,Low,54.5,5.313551733700169,4359,Offer contract upgrade,,,,,,
9318-NKNFC,0.2816888568195699,Low,18.85,5.309834951048893,4360,Offer contract upgrade,,,,,,
6869-FGJJC,0.0666827350990359,Low,79.6,5.307945713883257,4361,Offer technical support,,,,,,
4137-JOPHL,0.0591592296315126,Low,89.7,5.30658289794668,4362,Offer security package,,,,,,
3472-OAOOR,0.15181944148921017,Low,34.95,5.306089480047896,4363,Offer contract upgrade,,,,,,
9861-PDSZP,0.04906214860124082,Low,108.05,5.30116515636407,4364,Review pricing or offer,,,,,,
4745-LSPLO,0.25836822733241926,Low,20.5,5.296548660314595,4365,Offer contract upgrade,,,,,,
3976-NLDEZ,0.2567630418386871,Low,20.6,5.289318661876955,4366,Offer contract upgrade,,,,,,
5049-GLYVG,0.2567630418386871,Low,20.6,5.289318661876955,4367,Offer contract upgrade,,,,,,
8085-MSNLK,0.04637010702664719,Low,113.95,5.283873695686448,4368,Review pricing or offer,,,,,,
2668-TZSPS,0.25825175782651505,Low,20.45,5.281248447552232,4369,Offer contract upgrade,,,,,,
0673-IGUQO,0.25825175782651505,Low,20.45,5.281248447552232,4370,Offer contract upgrade,,,,,,
2330-PQGDQ,0.06266347776694532,Low,84.2,5.276264827976796,4371,Offer security package,,,,,,
6635-MYYYZ,0.06181145293855781,Low,85.35,5.275607508305908,4372,Relationship check-in,,,,,,
1043-UXOVO,0.04662142030955225,Low,113.15,5.275213708025837,4373,Review pricing or offer,,,,,,
4023-RTIQM,0.10463822837847983,Low,50.4,5.273766710275384,4374,Offer technical support,,,,,,
0164-APGRB,0.04589510417166278,Low,114.9,5.273347469324054,4375,Review pricing or offer,,,,,,
4670-TABXH,0.04803011526124506,Low,109.75,5.271305149921645,4376,Review pricing or offer,,,,,,
3441-CGZJH,0.08725829381390354,Low,60.4,5.270400946359774,4377,Offer backup package,,,,,,
1898-JSNDC,0.08993468582909458,Low,58.6,5.270172589584943,4378,Offer technical support,,,,,,
6705-LNMDD,0.10538983431768321,Low,50.0,5.26949171588416,4379,Offer contract upgrade,,,,,,
6579-JPICP,0.25825175782651505,Low,20.4,5.2683358596609065,4380,Offer contract upgrade,,,,,,
3590-TCXTB,0.25829673321562147,Low,20.35,5.256338520937897,4381,Offer contract upgrade,,,,,,
0297-RBCSG,0.08039747593239291,Low,65.35,5.253975052181876,4382,Offer security package,,,,,,
5724-BIDBU,0.09482101388543954,Low,55.35,5.248343118559078,4383,Offer technical support,,,,,,
5294-CDGWY,0.08847116433288187,Low,59.3,5.2463400449398945,4384,Offer technical support,,,,,,
0384-LPITE,0.08454745864405046,Low,62.05,5.246169808863331,4385,Offer technical support,,,,,,
2676-ISHSF,0.25829673321562147,Low,20.3,5.243423684277116,4386,Offer contract upgrade,,,,,,
9122-UMROB,0.25829673321562147,Low,20.3,5.243423684277116,4387,Offer contract upgrade,,,,,,
0197-PNKNK,0.06205158762161401,Low,84.45,5.240256574645303,4388,Offer technical support,,,,,,
7707-PYBBH,0.08464100664493644,Low,61.9,5.2392783113215655,4389,Offer contract upgrade,,,,,,
5696-CEIQJ,0.05077657613531532,Low,103.15,5.237603828357775,4390,Review pricing or offer,,,,,,
8203-XJZRC,0.2585794282174777,Low,20.25,5.236233421403924,4391,Offer contract upgrade,,,,,,
4211-MMAZN,0.2585794282174777,Low,20.25,5.236233421403924,4392,Offer contract upgrade,,,,,,
2908-ZTPNF,0.15007177782803724,Low,34.85,5.230001457307098,4393,Offer contract upgrade,,,,,,
0868-VJRDR,0.05024657033898631,Low,104.05,5.228155643771525,4394,Review pricing or offer,,,,,,
1376-HHBDV,0.10709524938603465,Low,48.8,5.226248170038491,4395,Offer contract upgrade,,,,,,
4778-IZARL,0.04745970204495751,Low,110.1,5.2253131951498215,4396,Review pricing or offer,,,,,,
4353-HYOJD,0.10473688209794804,Low,49.85,5.22113357258271,4397,Offer contract upgrade,,,,,,
6211-WWLTF,0.05230043333042357,Low,99.7,5.21435320304323,4398,Review pricing or offer,,,,,,
9730-DRTMJ,0.07159499603148735,Low,72.8,5.212115711092279,4399,Offer backup package,,,,,,
0568-ONFPC,0.20119818776781595,Low,25.9,5.211033063186433,4400,Offer contract upgrade,,,,,,
5730-RIITO,0.15570710447859468,Low,33.45,5.208402644808992,4401,Offer contract upgrade,,,,,,
5393-HJZSM,0.06821133621393848,Low,76.3,5.204524953123506,4402,Offer contract upgrade,,,,,,
3007-FDPEA,0.25125919608489494,Low,20.7,5.201065358957325,4403,Offer contract upgrade,,,,,,
1036-GUDCL,0.06563557517830684,Low,79.05,5.188492217845155,4404,Offer contract upgrade,,,,,,
0308-IVGOK,0.1283370444404479,Low,40.4,5.1848165953940955,4405,Offer security package,,,,,,
4139-JPIAM,0.11657948536915527,Low,44.45,5.181958124658952,4406,Offer contract upgrade,,,,,,
4429-WYGFR,0.10540697906487176,Low,49.15,5.180753021038447,4407,Offer contract upgrade,,,,,,
4501-UYKBC,0.07492032774948745,Low,69.1,5.1769946474895825,4408,Offer security package,,,,,,
9199-PWQVC,0.06483623335807422,Low,79.7,5.167447798638515,4409,Offer technical support,,,,,,
0572-ZJKLT,0.05184801766659595,Low,99.65,5.166654960476286,4410,Review pricing or offer,,,,,,
8823-RLPWL,0.046616822591447435,Low,110.65,5.158151419743659,4411,Review pricing or offer,,,,,,
6469-MRVET,0.2552301515672375,Low,20.2,5.155649061658197,4412,Promote automatic payment,,,,,,
2223-GDSHL,0.04437045091377764,Low,116.05,5.149190828543896,4413,Review pricing or offer,,,,,,
9959-WOFKT,0.04817665021866816,Low,106.7,5.140448578331893,4414,Review pricing or offer,,,,,,
9170-GYZJC,0.06428807481885795,Low,79.9,5.136617178026751,4415,Offer contract upgrade,,,,,,
0840-DCNZE,0.059034382797804784,Low,86.95,5.1330395842691265,4416,Relationship check-in,,,,,,
9938-ZREHM,0.07114707161633632,Low,72.1,5.1297038635378485,4417,Offer security package,,,,,,
3442-ZHHCC,0.06669705697541567,Low,76.9,5.129003681409466,4418,Offer technical support,,,,,,
3969-JQABI,0.07856017597788113,Low,65.25,5.126051482556744,4419,Offer contract upgrade,,,,,,
1291-CUOCY,0.046255609816231516,Low,110.6,5.115870445675205,4420,Review pricing or offer,,,,,,
1810-MVMAI,0.07567204884690507,Low,67.6,5.115430502050782,4421,Offer contract upgrade,,,,,,
1264-FUHCX,0.09075049810297682,Low,56.3,5.109253043197595,4422,Offer security package,,,,,,
8904-OPDCK,0.20447509341454384,Low,24.95,5.101653580692869,4423,Offer contract upgrade,,,,,,
0930-EHUZA,0.06665227493977471,Low,76.35,5.088901191651799,4424,Relationship check-in,,,,,,
6933-VLYFX,0.08484691279267699,Low,59.95,5.086572421920986,4425,Offer backup package,,,,,,
9411-TPQQV,0.09322183415729755,Low,54.55,5.085251053280581,4426,Offer backup package,,,,,,
0871-OPBXW,0.2533956873455307,Low,20.05,5.080583531277891,4427,Offer contract upgrade,,,,,,
4819-HJPIW,0.20189196770589893,Low,25.15,5.077582987803358,4428,Offer contract upgrade,,,,,,
3308-MHOOC,0.2637947945348903,Low,19.2,5.064860055069894,4429,Offer contract upgrade,,,,,,
4712-AUQZO,0.15066429262773426,Low,33.6,5.062320232291872,4430,Offer contract upgrade,,,,,,
1725-IQNIY,0.04611977022090154,Low,109.75,5.061644781743944,4431,Review pricing or offer,,,,,,
1097-FSPVW,0.09278630929286602,Low,54.55,5.061493171925841,4432,Offer contract upgrade,,,,,,
2586-CWXVV,0.166493407444486,Low,30.4,5.061399586312374,4433,Offer contract upgrade,,,,,,
6893-ODYYE,0.055949427954370336,Low,90.1,5.041043458688767,4434,Review pricing or offer,,,,,,
3090-QFUVD,0.2481982545410209,Low,20.3,5.038424567182725,4435,Offer contract upgrade,,,,,,
2700-LUEVA,0.24280805688089496,Low,20.75,5.03826718027857,4436,Offer contract upgrade,,,,,,
6171-ZTVYB,0.0759166676938404,Low,66.25,5.029479234716926,4437,Offer contract upgrade,,,,,,
9708-KFDBY,0.24435468348092648,Low,20.55,5.0214887455330395,4438,Offer contract upgrade,,,,,,
1338-CECEE,0.0732192665715063,Low,68.5,5.015519760148182,4439,Offer technical support,,,,,,
8314-DPQHL,0.09861525592634356,Low,50.8,5.009655001058253,4440,Offer backup package,,,,,,
2640-LYMOV,0.2548980500594088,Low,19.65,5.008746683667383,4441,Offer contract upgrade,,,,,,
7255-SSFBC,0.04461874935912374,Low,112.25,5.008454615561639,4442,Review pricing or offer,,,,,,
7951-VRDVK,0.05830258306393141,Low,85.85,5.005276756038511,4443,Relationship check-in,,,,,,
7838-LAZFO,0.06342138938777293,Low,78.8,4.997605483756507,4444,Offer technical support,,,,,,
8319-QBEHW,0.12506451167276156,Low,39.95,4.996327241326824,4445,Offer technical support,,,,,,
1866-NXPSP,0.06593555443505246,Low,75.55,4.981431137568213,4446,Relationship check-in,,,,,,
2292-XQWSV,0.08257905701052588,Low,60.3,4.97951713773471,4447,Offer security package,,,,,,
5855-EIBDE,0.046562477712643054,Low,106.65,4.965888248053382,4448,Review pricing or offer,,,,,,
7520-HQWJU,0.07361938375226935,Low,67.45,4.965627434090568,4449,Offer contract upgrade,,,,,,
4702-HDRKD,0.10056853701980455,Low,49.35,4.963057301927354,4450,Offer backup package,,,,,,
8035-BUYVG,0.11715498937513966,Low,42.35,4.961513800037165,4451,Offer technical support,,,,,,
7854-EKTJL,0.25292506330121967,Low,19.6,4.957331240703906,4452,Offer contract upgrade,,,,,,
3214-IYUUQ,0.052850283545623974,Low,93.7,4.952071568224967,4453,Review pricing or offer,,,,,,
8559-CIZFV,0.0637101641184873,Low,77.5,4.937537719182766,4454,Relationship check-in,,,,,,
6727-IOTLZ,0.06020740013067043,Low,81.95,4.933996440708442,4455,Offer security package,,,,,,
7184-LRUUR,0.07560915031255884,Low,65.25,4.933497057894464,4456,Offer technical support,,,,,,
0254-FNMCI,0.04484048720804382,Low,109.9,4.927969544164016,4457,Review pricing or offer,,,,,,
8434-PNQZX,0.06277944847789614,Low,78.45,4.925047733090953,4458,Offer security package,,,,,,
0285-INHLN,0.08978535307458607,Low,54.75,4.915748080833588,4459,Offer contract upgrade,,,,,,
3345-JHUEO,0.243293686444811,Low,20.2,4.914532466185182,4460,Offer contract upgrade,,,,,,
2930-UOTMB,0.07527396100011871,Low,65.25,4.911625955257746,4461,Offer contract upgrade,,,,,,
5915-DGNVC,0.06839435756281405,Low,71.8,4.910714873010049,4462,Offer technical support,,,,,,
0668-OGMHD,0.17222987955494326,Low,28.5,4.908551567315883,4463,Offer contract upgrade,,,,,,
4396-KLSEH,0.24686194045674242,Low,19.85,4.900209518066338,4464,Offer contract upgrade,,,,,,
2150-UWTFY,0.08011255961242449,Low,61.15,4.898883020299757,4465,Offer contract upgrade,,,,,,
1696-HXOWK,0.051167709873768744,Low,95.65,4.894191449425981,4466,Review pricing or offer,,,,,,
6352-GIGGQ,0.05511308779787158,Low,88.8,4.894042196450996,4467,Relationship check-in,,,,,,
3244-CQPHU,0.04444362648386943,Low,110.1,4.893243275874024,4468,Review pricing or offer,,,,,,
5236-XMZJY,0.08191428627858707,Low,59.65,4.886187176517719,4469,Offer contract upgrade,,,,,,
0128-MKWSG,0.10668433058320842,Low,45.8,4.886142340710945,4470,Offer contract upgrade,,,,,,
0013-SMEOE,0.04453290959331739,Low,109.7,4.885260182386918,4471,Review pricing or offer,,,,,,
0489-WMEMG,0.09876696205935852,Low,49.45,4.884026273835279,4472,Offer security package,,,,,,
0268-QKIWO,0.24715785203893081,Low,19.75,4.881367577768883,4473,Offer contract upgrade,,,,,,
8713-IGZSO,0.1963683743538501,Low,24.85,4.879754102693175,4474,Offer contract upgrade,,,,,,
8901-UPRHR,0.04462313480846005,Low,109.2,4.872846321083838,4475,Review pricing or offer,,,,,,
5020-ZSTTY,0.05903578308358597,Low,82.45,4.867500315241664,4476,Relationship check-in,,,,,,
7710-JSYOA,0.0521557630967605,Low,93.3,4.866132696927755,4477,Review pricing or offer,,,,,,
7931-PXHFC,0.07807917103833431,Low,62.3,4.864332355688227,4478,Offer security package,,,,,,
4322-RCYMT,0.06416031423781625,Low,75.8,4.863351819226471,4479,Offer security package,,,,,,
1087-UDSIH,0.24800650641512698,Low,19.6,4.860927525736489,4480,Offer contract upgrade,,,,,,
4906-ZHGPK,0.06870911197600015,Low,70.7,4.857734216703211,4481,Offer security package,,,,,,
7576-ASEJU,0.0649696066382932,Low,74.7,4.853229615880502,4482,Offer backup package,,,,,,
2233-FAGXV,0.1996447013784325,Low,24.3,4.851366243495909,4483,Offer contract upgrade,,,,,,
2038-YSEZE,0.07186238386133946,Low,67.45,4.847117791447347,4484,Offer contract upgrade,,,,,,
1449-XQEMT,0.24433462231288802,Low,19.8,4.837825521795183,4485,Offer contract upgrade,,,,,,
9357-UJRUN,0.08290733097626209,Low,58.35,4.837642762464893,4486,Offer backup package,,,,,,
8015-IHCGW,0.041800143649917625,Low,115.5,4.827916591565486,4487,Review pricing or offer,,,,,,
6992-TKNYO,0.06993184270708079,Low,69.0,4.825297146788574,4488,Offer security package,,,,,,
8480-PPONV,0.04174038853458304,Low,115.55,4.82310189517107,4489,Review pricing or offer,,,,,,
7740-KKCXF,0.16005558488077196,Low,30.05,4.809670325667198,4490,Offer contract upgrade,,,,,,
4135-FRWKJ,0.06298948346146685,Low,76.25,4.802948113936847,4491,Offer backup package,,,,,,
3882-IYOIJ,0.04134394245545214,Low,115.25,4.764889367990859,4492,Review pricing or offer,,,,,,
0401-WDBXM,0.045058264098494186,Low,105.55,4.7558997755960615,4493,Review pricing or offer,,,,,,
8350-NYMVI,0.11564364535726042,Low,41.1,4.752953824183403,4494,Offer contract upgrade,,,,,,
9057-MSWCO,0.154554957170233,Low,30.75,4.752564932984664,4495,Offer contract upgrade,,,,,,
3726-TBHQT,0.04167971706528033,Low,114.0,4.751487745441957,4496,Review pricing or offer,,,,,,
3803-KMQFW,0.23046129240257707,Low,20.55,4.735979558872959,4497,Offer contract upgrade,,,,,,
1480-BKXGA,0.040735989621922084,Low,116.05,4.727411595624058,4498,Review pricing or offer,,,,,,
9972-NKTFD,0.08644752810538674,Low,54.65,4.724357410959385,4499,Offer contract upgrade,,,,,,
8221-EQDGL,0.07740720919602992,Low,61.0,4.721839760957825,4500,Offer contract upgrade,,,,,,
1032-MAELW,0.06014831387309221,Low,78.45,4.7186352233440845,4501,Promote automatic payment,,,,,,
3099-OONVS,0.08686422203742254,Low,54.3,4.716727256632044,4502,Offer contract upgrade,,,,,,
0377-JBKKT,0.08137678007534992,Low,57.95,4.715784405366528,4503,Offer contract upgrade,,,,,,
8883-ANODQ,0.05576648558965855,Low,84.4,4.706691383767182,4504,Offer technical support,,,,,,
2789-CZANW,0.0426334428413428,Low,110.3,4.702468745400111,4505,Review pricing or offer,,,,,,
8467-WYNSR,0.08531478833051571,Low,55.1,4.700844837011416,4506,Offer contract upgrade,,,,,,
5202-IVJNU,0.15582007051255461,Low,30.1,4.690184122427894,4507,Offer contract upgrade,,,,,,
7032-LMBHI,0.0725405101941109,Low,64.65,4.68974398404927,4508,Offer technical support,,,,,,
8348-JLBUG,0.05838903891167704,Low,80.3,4.688639824607666,4509,Offer technical support,,,,,,
3645-DEYGF,0.22588920144579852,Low,20.75,4.687200930000319,4510,Offer contract upgrade,,,,,,
4808-YNLEU,0.0751964331945636,Low,62.15,4.673458323042127,4511,Offer technical support,,,,,,
5524-KHNJP,0.06248925138436531,Low,74.75,4.671071540981307,4512,Offer technical support,,,,,,
6344-SFJVH,0.1872718952215419,Low,24.9,4.663070191016393,4513,Offer contract upgrade,,,,,,
7541-YLXCL,0.0710972261821025,Low,65.4,4.649758592309504,4514,Offer security package,,,,,,
4522-XRWWI,0.05773667064715511,Low,80.45,4.644915153563629,4515,Offer backup package,,,,,,
2634-HCZGT,0.07732841825839655,Low,60.05,4.643571516416713,4516,Offer backup package,,,,,,
8996-ZROXE,0.08668966602870892,Low,53.5,4.637897132535928,4517,Offer security package,,,,,,
8259-NFJTV,0.13382066520547858,Low,34.65,4.636886049369833,4518,Offer contract upgrade,,,,,,
4355-HBJHH,0.05813765267447862,Low,79.7,4.633570918155946,4519,Offer technical support,,,,,,
0496-AHOOK,0.06218325393993073,Low,74.4,4.626434093130847,4520,Offer backup package,,,,,,
4922-CVPDX,0.06291064693015319,Low,73.5,4.62393254936626,4521,Offer technical support,,,,,,
3397-AVTKU,0.07700087424961151,Low,60.0,4.62005245497669,4522,Offer technical support,,,,,,
6904-JLBGY,0.039318518783943,Low,117.35,4.614028179295711,4523,Review pricing or offer,,,,,,
2259-OUUSZ,0.12968844588941777,Low,35.5,4.603939829074331,4524,Offer security package,,,,,,
1423-BMPBQ,0.2422259667293719,Low,19.0,4.602293367858066,4525,Offer contract upgrade,,,,,,
4369-NYSCF,0.060733294319030254,Low,75.75,4.600547044666541,4526,Offer security package,,,,,,
4508-OEBEY,0.060868747608383504,Low,75.5,4.595590444432955,4527,Relationship check-in,,,,,,
8628-MFKAX,0.0393573693546335,Low,116.75,4.594972872153461,4528,Review pricing or offer,,,,,,
3097-PYWXL,0.23018192312189625,Low,19.95,4.59212936628183,4529,Offer contract upgrade,,,,,,
5887-IKKYO,0.04864094953501791,Low,94.35,4.58927358862894,4530,Review pricing or offer,,,,,,
3594-IVHJZ,0.22422292908069708,Low,20.45,4.585358899700255,4531,Offer contract upgrade,,,,,,
4106-HADHQ,0.057251052217206486,Low,80.0,4.580084177376519,4532,Offer backup package,,,,,,
5018-LXQQG,0.06907824554662784,Low,66.3,4.579887679741425,4533,Offer contract upgrade,,,,,,
4003-OCTMP,0.07139929994223508,Low,64.0,4.569555196303045,4534,Offer backup package,,,,,,
1814-DKOLC,0.17927595788185133,Low,25.45,4.562573128093116,4535,Offer contract upgrade,,,,,,
2546-KZAAT,0.06045852465931908,Low,75.4,4.558572759312659,4536,Offer technical support,,,,,,
0742-LAFQK,0.04597016207688655,Low,99.15,4.557941569923301,4537,Review pricing or offer,,,,,,
8152-VETUR,0.04664045596696212,Low,97.7,4.556772547972199,4538,Review pricing or offer,,,,,,
3259-QMXUN,0.05290721875933606,Low,86.1,4.555311535178834,4539,Offer technical support,,,,,,
0997-YTLNY,0.09323436585842804,Low,48.8,4.549837053891288,4540,Offer contract upgrade,,,,,,
4986-MXSFP,0.22712270145525817,Low,20.0,4.542454029105164,4541,Offer contract upgrade,,,,,,
1322-AGOQM,0.14986920539700538,Low,30.3,4.541036923529263,4542,Offer contract upgrade,,,,,,
5012-YSPJJ,0.08352553749356617,Low,54.35,4.539612962775322,4543,Offer contract upgrade,,,,,,
6942-LBFDP,0.2209006134362396,Low,20.55,4.539507606114724,4544,Offer contract upgrade,,,,,,
0635-WKOLD,0.06409407197793326,Low,70.75,4.534655592438779,4545,Offer security package,,,,,,
5640-CAXOA,0.11236414983711905,Low,40.35,4.533893445927754,4546,Offer security package,,,,,,
3026-ATZYV,0.06032186071805864,Low,75.1,4.530171739926203,4547,Offer technical support,,,,,,
2054-PJOCK,0.05621194900249189,Low,80.55,4.527872492150721,4548,Offer security package,,,,,,
4815-YOSUK,0.04312489327793084,Low,104.9,4.5238013048549455,4549,Review pricing or offer,,,,,,
8746-OQQRW,0.1790927908234229,Low,25.25,4.522092968291428,4550,Offer contract upgrade,,,,,,
2775-SEFEE,0.07299063955813519,Low,61.9,4.518120588648568,4551,Early-tenure retention outreach,,,,,,
5451-YHYPW,0.039010677266524074,Low,115.75,4.515485893600162,4552,Review pricing or offer,,,,,,
8400-WZICQ,0.08104693423671334,Low,55.7,4.514314236984934,4553,Offer contract upgrade,,,,,,
7302-ZHMHP,0.23569686796353595,Low,19.15,4.513595021501713,4554,Offer contract upgrade,,,,,,
6569-KTMDU,0.23569686796353595,Low,19.1,4.501810178103537,4555,Offer contract upgrade,,,,,,
5499-ECUTN,0.06806422877387402,Low,66.05,4.495642310514379,4556,Offer technical support,,,,,,
5663-QBGIS,0.04568588254277305,Low,98.35,4.493206548081729,4557,Review pricing or offer,,,,,,
2388-LAESQ,0.03904001806400735,Low,114.85,4.483746074651244,4558,Review pricing or offer,,,,,,
9351-HXDMR,0.04037730551319294,Low,110.9,4.477843181413098,4559,Review pricing or offer,,,,,,
8311-UEUAB,0.059274522307518375,Low,75.5,4.475226434217637,4560,Offer technical support,,,,,,
0619-OLYUR,0.03999038586432645,Low,111.9,4.47492417821813,4561,Review pricing or offer,,,,,,
6416-JNVRK,0.08028767103852333,Low,55.65,4.468008893293823,4562,Offer technical support,,,,,,
4598-ZADCK,0.08331446132721293,Low,53.6,4.465655127138613,4563,Promote automatic payment,,,,,,
3580-HYCSP,0.04043482977434876,Low,110.3,4.459961724110668,4564,Review pricing or offer,,,,,,
1663-MHLHE,0.2319206764787175,Low,19.2,4.452876988391376,4565,Offer contract upgrade,,,,,,
4328-VUFWD,0.0750874902373386,Low,59.3,4.452688171074179,4566,Offer security package,,,,,,
3635-JBPSG,0.11438894814523122,Low,38.8,4.438291188034971,4567,Offer technical support,,,,,,
1779-PWPMG,0.038696008860907335,Low,114.65,4.436497415903026,4568,Review pricing or offer,,,,,,
9277-JOOMO,0.18028152088836516,Low,24.6,4.434925413853783,4569,Offer contract upgrade,,,,,,
1337-BOZWO,0.09556553327959584,Low,46.4,4.4342407441732465,4570,Offer technical support,,,,,,
2212-LYASK,0.09661788078810771,Low,45.85,4.429929834134739,4571,Offer technical support,,,,,,
9441-QHEVC,0.2319206764787175,Low,19.1,4.4296849207435045,4572,Offer contract upgrade,,,,,,
9541-PWTWO,0.05461600498629321,Low,80.95,4.421165603640436,4573,Offer security package,,,,,,
5092-STPKP,0.0782051462982785,Low,56.35,4.406859993907994,4574,Offer contract upgrade,,,,,,
2710-WYVXG,0.06183321813038003,Low,71.1,4.3963418090700195,4575,Early-tenure retention outreach,,,,,,
5135-GRQJV,0.038224557852850095,Low,114.5,4.376711874151336,4576,Review pricing or offer,,,,,,
8224-UAXBZ,0.09619526288469799,Low,45.35,4.362455171821054,4577,Offer technical support,,,,,,
7100-FQPRV,0.06060955371486724,Low,71.9,4.357826912098955,4578,Offer backup package,,,,,,
3137-NYQQI,0.0672349085462382,Low,64.8,4.356822073796235,4579,Offer technical support,,,,,,
6791-YBNAK,0.1700786561228103,Low,25.55,4.345509663937803,4580,Offer contract upgrade,,,,,,
7228-PAQPD,0.07349795808325282,Low,59.1,4.343729322720242,4581,Offer security package,,,,,,
9127-FHJBZ,0.038102096470468826,Low,114.0,4.343638997633446,4582,Review pricing or offer,,,,,,
4104-PVRPS,0.08094299073063105,Low,53.6,4.338544303161824,4583,Offer contract upgrade,,,,,,
5872-OEQNH,0.09754542376642358,Low,44.45,4.335894086417529,4584,Offer technical support,,,,,,
0628-CNQRM,0.06408465767955099,Low,67.5,4.325714393369692,4585,Offer backup package,,,,,,
7017-VFHAY,0.037526102851826074,Low,115.1,4.3192544382451805,4586,Review pricing or offer,,,,,,
7672-VFMXZ,0.07749533020452366,Low,55.7,4.316489892391968,4587,Offer contract upgrade,,,,,,
1536-YHDOE,0.06947037603147155,Low,62.1,4.314110351554383,4588,Offer backup package,,,,,,
4693-VWVBO,0.2205527040359812,Low,19.55,4.311805363903432,4589,Offer contract upgrade,,,,,,
9577-WJVCQ,0.07913512312748779,Low,54.45,4.3089074542917105,4590,Offer contract upgrade,,,,,,
9955-QOPOY,0.07086004234448286,Low,60.8,4.308290574544557,4591,Offer security package,,,,,,
2724-FJDYW,0.07852481206604012,Low,54.85,4.307085941822301,4592,Offer security package,,,,,,
4445-KWOKW,0.07152066426644646,Low,60.15,4.301967955626754,4593,Offer technical support,,,,,,
2393-DIVAI,0.21476003942188732,Low,20.0,4.2952007884377466,4594,Offer contract upgrade,,,,,,
4909-JOUPP,0.0391239748481832,Low,109.7,4.2919000408456975,4595,Review pricing or offer,,,,,,
3744-ZBHON,0.21236527854833415,Low,20.2,4.28977862667635,4596,Offer contract upgrade,,,,,,
9500-IWPXQ,0.054023724434846807,Low,79.4,4.289483720126837,4597,Promote automatic payment,,,,,,
6933-FHBZC,0.07652530550319757,Low,56.05,4.289243373454224,4598,Offer technical support,,,,,,
6736-DHUQI,0.05046602410527656,Low,84.8,4.279518844127453,4599,Offer technical support,,,,,,
0667-NSRGI,0.06149983103997827,Low,69.55,4.277313248830488,4600,Offer security package,,,,,,
1320-GVNHT,0.03942805012942949,Low,108.4,4.274000634030156,4601,Review pricing or offer,,,,,,
0373-AIVNJ,0.10757610020345208,Low,39.55,4.254634763046529,4602,Offer technical support,,,,,,
9553-DLCLU,0.0477780994991188,Low,88.95,4.2498619504466175,4603,Relationship check-in,,,,,,
2832-SCUCO,0.213454744986134,Low,19.9,4.247749425224066,4604,Offer contract upgrade,,,,,,
2740-JFBOK,0.1769469187144053,Low,24.0,4.246726049145727,4605,Offer contract upgrade,,,,,,
7570-WELNY,0.05001130127555815,Low,84.7,4.2359572180397755,4606,Offer technical support,,,,,,
9795-VOWON,0.1739238952607505,Low,24.35,4.235046849599275,4607,Offer technical support,,,,,,
7105-BENQF,0.06526708430157073,Low,64.85,4.232570416956862,4608,Offer technical support,,,,,,
7839-NUIAA,0.0707631419039708,Low,59.8,4.231635885857454,4609,Offer contract upgrade,,,,,,
3941-XTSKM,0.09376611906974343,Low,45.1,4.228851970045429,4610,Offer technical support,,,,,,
9070-BCKQP,0.03831517051945472,Low,110.15,4.220416032717937,4611,Review pricing or offer,,,,,,
2055-BFOCC,0.05021655659051604,Low,84.0,4.218190753603348,4612,Relationship check-in,,,,,,
0020-INWCK,0.04400337904611888,Low,95.75,4.213323543665883,4613,Review pricing or offer,,,,,,
2321-OMBXY,0.05246795511499384,Low,80.3,4.213176795734005,4614,Relationship check-in,,,,,,
6661-EIPZC,0.14262013272941376,Low,29.5,4.207293915517706,4615,Offer contract upgrade,,,,,,
1474-JUWSM,0.06146839112192862,Low,68.4,4.204437952739918,4616,Offer backup package,,,,,,
3280-MRDOF,0.060830571333110525,Low,69.1,4.203392479117937,4617,Offer security package,,,,,,
6231-WFGFH,0.20502829878794918,Low,20.5,4.203080125152958,4618,Offer contract upgrade,,,,,,
5066-GFJMM,0.21105677360029376,Low,19.9,4.200029794645846,4619,Offer contract upgrade,,,,,,
5049-MUBWG,0.055932096256864954,Low,75.0,4.194907219264872,4620,Offer backup package,,,,,,
9570-KYEUA,0.04225507771223217,Low,99.25,4.193816462939043,4621,Review pricing or offer,,,,,,
5825-XJOCM,0.06509441586675997,Low,64.4,4.192080381819342,4622,Offer technical support,,,,,,
1661-CZBAU,0.05906129329115322,Low,70.95,4.190398759007321,4623,Offer backup package,,,,,,
1452-XRSJV,0.08172472383545526,Low,51.05,4.17204715179999,4624,Offer contract upgrade,,,,,,
7636-XUHWW,0.20886172196938416,Low,19.9,4.156348267190745,4625,Offer contract upgrade,,,,,,
4578-PHJYZ,0.06035520733263593,Low,68.75,4.14942050411872,4626,Offer security package,,,,,,
7526-IVLYU,0.21108476225357958,Low,19.65,4.147815578282838,4627,Offer contract upgrade,,,,,,
5982-PSMKW,0.04540268628704845,Low,91.1,4.136184720750114,4628,Review pricing or offer,,,,,,
1599-MMYRQ,0.05077108174889309,Low,81.45,4.135304608447342,4629,Offer technical support,,,,,,
9052-DHNKM,0.06713160945566883,Low,61.55,4.131950561996416,4630,Offer technical support,,,,,,
8630-QSGXK,0.05491478070771451,Low,75.2,4.129591509220131,4631,Offer security package,,,,,,
5815-HGGHV,0.06431166328071182,Low,64.15,4.125593199457664,4632,Offer backup package,,,,,,
8582-KRHPJ,0.11780837066014041,Low,35.0,4.123292973104914,4633,Offer contract upgrade,,,,,,
9298-WGMRW,0.03560984967792609,Low,115.5,4.112937637800464,4634,Review pricing or offer,,,,,,
0454-OKRCT,0.0510054611333595,Low,80.6,4.111040167348776,4635,Offer security package,,,,,,
9388-ZEYVT,0.09311004019016794,Low,44.15,4.1108082743959145,4636,Offer security package,,,,,,
1247-QBVSH,0.0818788054189063,Low,50.2,4.110316032029097,4637,Offer contract upgrade,,,,,,
7901-IIDQV,0.07525038052426282,Low,54.6,4.10867077662475,4638,Offer security package,,,,,,
0463-WZZKO,0.19756731330765942,Low,20.75,4.099521751133933,4639,Offer contract upgrade,,,,,,
0080-EMYVY,0.07957309196861535,Low,51.45,4.09403558178526,4640,Offer technical support,,,,,,
2364-UFROM,0.058128340728320946,Low,70.4,4.092235187273795,4641,Promote automatic payment,,,,,,
2450-ZKEED,0.07595846639903203,Low,53.8,4.0865654922679235,4642,Offer security package,,,,,,
7696-AMHOD,0.05238991135796857,Low,78.0,4.086413085921548,4643,Offer technical support,,,,,,
8498-XXGWA,0.07404322846029014,Low,55.15,4.083484049585001,4644,Offer contract upgrade,,,,,,
6427-FEFIG,0.051945206366507804,Low,78.6,4.082893220407513,4645,Offer technical support,,,,,,
2522-WLNSF,0.06351770480707175,Low,64.2,4.0778366486140065,4646,Offer security package,,,,,,
8318-LCNBW,0.0766379800660344,Low,53.15,4.073308640509728,4647,Offer technical support,,,,,,
6620-HVDUJ,0.0673738399266053,Low,60.45,4.072748623563291,4648,Offer contract upgrade,,,,,,
3134-DSHVC,0.04154493236802943,Low,98.0,4.071403372066884,4649,Review pricing or offer,,,,,,
2483-XSSMZ,0.08503630484787374,Low,47.85,4.068987186970759,4650,Offer technical support,,,,,,
1877-HKBQX,0.07449370003069394,Low,54.6,4.06735602167589,4651,Offer backup package,,,,,,
2380-DAMQP,0.035298248563393426,Low,115.15,4.064593322074753,4652,Review pricing or offer,,,,,,
9220-ZNKJI,0.04575374541531247,Low,88.8,4.062932592879747,4653,Offer security package,,,,,,
1183-CANVH,0.06770175347910269,Low,60.0,4.0621052087461615,4654,Offer security package,,,,,,
2878-RMWXY,0.03954047434779966,Low,102.65,4.058829691801636,4655,Review pricing or offer,,,,,,
4174-LPGTI,0.061015678797406984,Low,66.5,4.057542640027564,4656,Offer security package,,,,,,
0254-KCJGT,0.049833697618252064,Low,81.4,4.056462986125719,4657,Relationship check-in,,,,,,
2732-ISEZX,0.1977846270654305,Low,20.5,4.054584854841326,4658,Offer contract upgrade,,,,,,
5203-XEHAX,0.06284474292039342,Low,64.35,4.044059206927316,4659,Offer technical support,,,,,,
8738-JOKAR,0.0597346367535518,Low,67.7,4.0440349082154565,4660,Relationship check-in,,,,,,
6194-HBGQN,0.04976689628037795,Low,81.15,4.038583633152671,4661,Relationship check-in,,,,,,
4526-RMTLL,0.052982732663499676,Low,76.15,4.034635092325501,4662,Relationship check-in,,,,,,
8608-OZTLB,0.05441152675466287,Low,74.05,4.029173556182785,4663,Promote automatic payment,,,,,,
0303-WMMRN,0.20926031378808288,Low,19.25,4.028261040420595,4664,Offer contract upgrade,,,,,,
3963-RYFNS,0.03454317235601785,Low,116.45,4.022552420858279,4665,Review pricing or offer,,,,,,
2519-TWKFS,0.07298150075777578,Low,55.1,4.021280691753446,4666,Offer security package,,,,,,
2839-RFSQE,0.19451076907426132,Low,20.65,4.016647381383496,4667,Offer contract upgrade,,,,,,
5641-DMBFJ,0.047584678968615145,Low,84.3,4.011388437054257,4668,Offer backup package,,,,,,
3508-CFVZL,0.03602658450378217,Low,111.3,4.009758855270955,4669,Review pricing or offer,,,,,,
6502-KUGLL,0.0674347731396245,Low,59.45,4.008997263150676,4670,Offer contract upgrade,,,,,,
5914-XRFQB,0.03458419892098572,Low,115.8,4.004850235050147,4671,Review pricing or offer,,,,,,
8788-DOXSU,0.06518475290963449,Low,61.35,3.999084591006076,4672,Offer technical support,,,,,,
7610-TVOPG,0.1516183691417773,Low,26.35,3.9951440268858316,4673,Offer contract upgrade,,,,,,
5944-UGLLK,0.07270038815374581,Low,54.9,3.991251309640645,4674,Offer security package,,,,,,
9207-ZPANB,0.05913966709842082,Low,67.45,3.9889705457884843,4675,Promote automatic payment,,,,,,
1015-OWJKI,0.2092847315410227,Low,19.05,3.9868741358564828,4676,Offer contract upgrade,,,,,,
2348-KCJLT,0.06479231235751913,Low,61.5,3.9847272099874265,4677,Offer technical support,,,,,,
7602-MVRMB,0.036061943942888766,Low,110.45,3.983041708492064,4678,Review pricing or offer,,,,,,
3585-YNADK,0.053297137927716016,Low,74.6,3.9759664894076145,4679,Offer security package,,,,,,
5716-EZXZN,0.04009151828029883,Low,99.05,3.971064885663599,4680,Review pricing or offer,,,,,,
7472-EQOAV,0.04570957918720656,Low,86.7,3.963020515530809,4681,Offer technical support,,,,,,
9975-SKRNR,0.2092847315410227,Low,18.9,3.9554814261253286,4682,Offer contract upgrade,,,,,,
1222-LRYKO,0.14986103283715566,Low,26.35,3.9488382152590518,4683,Offer contract upgrade,,,,,,
4011-ARPHK,0.0783332163735348,Low,50.35,3.944077444407477,4684,Offer contract upgrade,,,,,,
4717-GHADL,0.049487330774405563,Low,79.6,3.9391915296426827,4685,Offer security package,,,,,,
1730-VFMWO,0.07838870687834172,Low,50.2,3.9351130852927545,4686,Offer contract upgrade,,,,,,
4072-IPYLT,0.07705850461268261,Low,51.05,3.9338366604774473,4687,Offer contract upgrade,,,,,,
6469-QJKZW,0.19468354822190137,Low,20.15,3.922873496671312,4688,Offer contract upgrade,,,,,,
1282-IHQAC,0.08870072493351519,Low,44.05,3.9072669333213437,4689,Offer technical support,,,,,,
8006-PYCSW,0.19415204167480202,Low,20.1,3.9024560376635207,4690,Offer contract upgrade,,,,,,
0253-ZTEOB,0.048981926846257795,Low,79.65,3.9014104733044337,4691,Offer security package,,,,,,
7619-PLRLP,0.05264115463478396,Low,74.1,3.900709558437491,4692,Offer technical support,,,,,,
3285-UCQVC,0.13636618237615145,Low,28.6,3.9000728159579316,4693,Offer contract upgrade,,,,,,
6614-FHDBO,0.03567825005054051,Low,109.2,3.8960649055190237,4694,Review pricing or offer,,,,,,
6752-APNJL,0.07143146724825067,Low,54.5,3.8930149650296615,4695,Offer contract upgrade,,,,,,
3373-YZZYM,0.20264916415493264,Low,19.2,3.8908639517747066,4696,Offer contract upgrade,,,,,,
6184-DYUOB,0.19814761711524514,Low,19.6,3.883693295458805,4697,Offer contract upgrade,,,,,,
6650-BWFRT,0.033110443251872894,Low,117.15,3.8788884269569097,4698,Review pricing or offer,,,,,,
7976-CICYS,0.1871583161213579,Low,20.7,3.874177143712108,4699,Offer contract upgrade,,,,,,
9027-TMATR,0.0491629002718544,Low,78.8,3.874036541422127,4700,Offer backup package,,,,,,
0020-JDNXP,0.06314325354547516,Low,61.25,3.8675242796603535,4701,Offer backup package,,,,,,
3936-QQFLL,0.19575760516087445,Low,19.75,3.8662127019272705,4702,Offer contract upgrade,,,,,,
7753-USQYQ,0.06021791376936289,Low,64.2,3.865990063993098,4703,Offer security package,,,,,,
2121-JAFOM,0.033406522139275176,Low,115.55,3.8601236331932465,4704,Review pricing or offer,,,,,,
8313-AFGBW,0.05232942321855689,Low,73.6,3.8514455488857866,4705,Offer technical support,,,,,,
0557-ASKVU,0.07068161897347498,Low,54.4,3.845080072157039,4706,Offer security package,,,,,,
5204-HMGYF,0.044064070942120497,Low,87.2,3.8423869861529076,4707,Relationship check-in,,,,,,
1063-DHQJF,0.041669949226611755,Low,92.15,3.8398858212322735,4708,Review pricing or offer,,,,,,
9530-GRMJG,0.0456115073443239,Low,84.1,3.8359277676576395,4709,Offer security package,,,,,,
7781-EWARA,0.06341656868538731,Low,60.35,3.827189920163124,4710,Offer security package,,,,,,
0670-ANMUU,0.03912522195665475,Low,97.65,3.8205779240673365,4711,Review pricing or offer,,,,,,
5753-QQWPW,0.06375064909303921,Low,59.9,3.8186638806730486,4712,Promote automatic payment,,,,,,
8865-TNMNX,0.0769899992766578,Low,49.55,3.8148544641583935,4713,Offer technical support,,,,,,
0565-IYCGT,0.04848582160589564,Low,78.6,3.810985578223397,4714,Relationship check-in,,,,,,
0117-LFRMW,0.0947318390747281,Low,40.2,3.8082199308040696,4715,Offer contract upgrade,,,,,,
9251-WNSOD,0.050656300649205906,Low,75.1,3.804288178755363,4716,Offer technical support,,,,,,
2245-ADZFJ,0.04713233627124141,Low,80.55,3.7965096866484953,4717,Offer security package,,,,,,
9788-HNGUT,0.03244219776089569,Low,116.95,3.7941150281367513,4718,Review pricing or offer,,,,,,
7746-QYVCO,0.06769357800145433,Low,55.85,3.7806863313812245,4719,Offer technical support,,,,,,
8606-CIQUL,0.03263003354689303,Low,115.75,3.7769263830528677,4720,Review pricing or offer,,,,,,
8821-KVZKQ,0.0646421403174968,Low,58.4,3.7751009945418126,4721,Offer security package,,,,,,
0690-SRQID,0.19205164753699244,Low,19.65,3.7738148741019013,4722,Offer contract upgrade,,,,,,
5144-PQCDZ,0.1888230404470277,Low,19.95,3.7670196569182024,4723,Offer contract upgrade,,,,,,
5038-ETMLM,0.033135499366716906,Low,113.65,3.7658495030273764,4724,Review pricing or offer,,,,,,
5160-UXJED,0.0844281268686633,Low,44.6,3.7654944583423835,4725,Offer technical support,,,,,,
4654-GGUII,0.09366700866647067,Low,40.2,3.765413748392121,4726,Relationship check-in,,,,,,
4227-OJHAL,0.05157166311959148,Low,73.0,3.764731407730178,4727,Offer technical support,,,,,,
2453-SAFNS,0.05217317441732772,Low,72.1,3.761685875489328,4728,Offer security package,,,,,,
1841-YSJGV,0.0341865700687764,Low,109.95,3.7588133790619653,4729,Review pricing or offer,,,,,,
6919-ELBGL,0.03265473839284727,Low,114.95,3.753662178257794,4730,Review pricing or offer,,,,,,
5073-RZGBK,0.04688568407206043,Low,80.05,3.7531990099684376,4731,Relationship check-in,,,,,,
9139-TWBAS,0.07834192026493413,Low,47.85,3.748660884677098,4732,Offer technical support,,,,,,
7005-CYUIL,0.03762198454452013,Low,99.4,3.739625263725301,4733,Review pricing or offer,,,,,,
2197-OMWGI,0.07055782119847905,Low,53.0,3.7395645235193893,4734,Offer technical support,,,,,,
2325-ZUSFD,0.05331729274669175,Low,70.1,3.7375422215430913,4735,Offer technical support,,,,,,
5447-VYTKW,0.06992508676267069,Low,53.45,3.7374958874647484,4736,Offer contract upgrade,,,,,,
9137-NOQKA,0.19429014008408088,Low,19.2,3.730370689614353,4737,Offer contract upgrade,,,,,,
0866-QLSIR,0.057831008426260544,Low,64.4,3.7243169426511793,4738,Relationship check-in,,,,,,
0178-CIIKR,0.18664277693048267,Low,19.95,3.7235233997631294,4739,Offer contract upgrade,,,,,,
4730-AWNAU,0.06118309593358733,Low,60.7,3.7138139231687513,4740,Offer backup package,,,,,,
5687-DKDTV,0.18195288424614472,Low,20.35,3.7027411944090454,4741,Offer contract upgrade,,,,,,
5829-NVSQN,0.05363564662120059,Low,68.75,3.687450705207541,4742,Offer backup package,,,,,,
1303-SRDOK,0.05329960473110903,Low,69.05,3.680337706683078,4743,Offer technical support,,,,,,
5955-EPOAZ,0.17565461226035095,Low,20.95,3.6799641268543524,4744,Offer contract upgrade,,,,,,
4611-ANLQC,0.07325035899006982,Low,50.05,3.6661804674529943,4745,Offer technical support,,,,,,
8932-CZHRQ,0.04760532901325398,Low,76.75,3.6537090017672433,4746,Offer technical support,,,,,,
0076-LVEPS,0.08118875284079577,Low,45.0,3.6534938778358095,4747,Offer contract upgrade,,,,,,
2933-XEUJM,0.046105614194337306,Low,79.2,3.651564644191515,4748,Offer technical support,,,,,,
5574-NXZIU,0.033401846876330916,Low,109.2,3.6474816788953364,4749,Review pricing or offer,,,,,,
8680-CGLTP,0.06208479048029772,Low,58.75,3.647481440717491,4750,Promote automatic payment,,,,,,
4765-OXPPD,0.05610026627869207,Low,65.0,3.646517308114985,4751,Offer contract upgrade,,,,,,
9495-REDIY,0.08962271995044913,Low,40.65,3.643163565985757,4752,Offer technical support,,,,,,
2639-UGMAZ,0.06446833688775307,Low,56.45,3.6392376173136607,4753,Offer technical support,,,,,,
4390-KYULV,0.17656917096620095,Low,20.55,3.6284964633554297,4754,Offer contract upgrade,,,,,,
2233-TXSIU,0.08159767531296575,Low,44.45,3.627016667661328,4755,Offer technical support,,,,,,
4558-CGYCZ,0.18363928505907795,Low,19.75,3.6268758799167897,4756,Offer contract upgrade,,,,,,
1395-OFUWC,0.12365306079883104,Low,29.3,3.6230346814057497,4757,Offer contract upgrade,,,,,,
0022-TCJCI,0.057744886747627636,Low,62.7,3.620604399076253,4758,Offer technical support,,,,,,
5975-BAICR,0.05672265383627831,Low,63.7,3.6132330493709284,4759,Offer technical support,,,,,,
9894-QMIMJ,0.06466649420550885,Low,55.8,3.6083903766673937,4760,Offer technical support,,,,,,
5712-VBOXD,0.17886495041572228,Low,20.15,3.6041287508768036,4761,Offer contract upgrade,,,,,,
5172-RKOCB,0.0329887080824804,Low,108.95,3.59411974558624,4762,Review pricing or offer,,,,,,
6447-GORXK,0.14352461373518616,Low,25.0,3.5881153433796538,4763,Offer contract upgrade,,,,,,
0396-HUJBP,0.18563262243413273,Low,19.3,3.582709612978762,4764,Offer contract upgrade,,,,,,
5149-QYTTU,0.03760705447825396,Low,95.15,3.5783112336058642,4765,Review pricing or offer,,,,,,
7569-NMZYQ,0.030112998588543043,Low,118.75,3.575918582389486,4766,Review pricing or offer,,,,,,
0083-PIVIK,0.044001828992320725,Low,81.25,3.575148605626059,4767,Promote automatic payment,,,,,,
3658-QQJYD,0.04810983096712849,Low,74.3,3.5745604408576463,4768,Offer technical support,,,,,,
3810-DVDQQ,0.03038311611121569,Low,117.6,3.573054454678965,4769,Review pricing or offer,,,,,,
0657-DOGUM,0.058936695668971514,Low,60.6,3.571563757539674,4770,Offer backup package,,,,,,
9209-NWPGU,0.054599676000257745,Low,65.4,3.570818810416857,4771,Offer backup package,,,,,,
9000-PLFUZ,0.07218920725565074,Low,49.45,3.5697562987919293,4772,Offer technical support,,,,,,
7247-XOZPB,0.04611743234399708,Low,77.4,3.5694892634253743,4773,Offer backup package,,,,,,
6848-YLDFR,0.04743355661117325,Low,75.2,3.567003457160229,4774,Offer security package,,,,,,
1455-HFBXA,0.038935965722924105,Low,91.6,3.566534460219848,4775,Review pricing or offer,,,,,,
6967-PEJLL,0.08839671626792468,Low,40.2,3.5535479939705725,4776,Offer backup package,,,,,,
6103-QCKFX,0.06312146561944296,Low,56.25,3.5505824410936664,4777,Offer contract upgrade,,,,,,
5791-KAJFD,0.05163139836261284,Low,68.75,3.5496586374296326,4778,Offer technical support,,,,,,
0248-PGHBZ,0.03838803253586821,Low,92.45,3.5489736079410164,4779,Review pricing or offer,,,,,,
2812-ENYMO,0.06503649820095854,Low,54.55,3.547740976862288,4780,Offer backup package,,,,,,
4576-CSAJH,0.06424606706529959,Low,55.15,3.543170598651272,4781,Offer security package,,,,,,
8097-VBQTZ,0.050649509839227634,Low,69.9,3.540400737762012,4782,Offer contract upgrade,,,,,,
5624-RYAMH,0.1815251249815808,Low,19.5,3.5397399371408254,4783,Offer contract upgrade,,,,,,
4877-TSOFF,0.04658223774464016,Low,75.75,3.528604509156492,4784,Relationship check-in,,,,,,
5322-TEUJK,0.030774786359552747,Low,114.6,3.5267905168047444,4785,Review pricing or offer,,,,,,
8024-XNAFQ,0.03281232877200148,Low,107.4,3.524044110112959,4786,Review pricing or offer,,,,,,
5183-KLYEM,0.031225546368244803,Low,112.75,3.5206803530196016,4787,Review pricing or offer,,,,,,
1488-PBLJN,0.030112998588543043,Low,116.85,3.5187038850712544,4788,Review pricing or offer,,,,,,
3407-QGWLG,0.17528528483822073,Low,20.05,3.5144699610063257,4789,Offer contract upgrade,,,,,,
7874-ECPQJ,0.175197574333994,Low,20.05,3.5127113653965796,4790,Offer contract upgrade,,,,,,
1352-HNSAW,0.03038311611121569,Low,115.6,3.512288222456534,4791,Review pricing or offer,,,,,,
0366-NQSHS,0.18147843534477537,Low,19.35,3.511607723921404,4792,Offer contract upgrade,,,,,,
5965-GGPRW,0.03331027200420787,Low,105.25,3.5059061284428785,4793,Review pricing or offer,,,,,,
9239-GZHZE,0.030779647990331498,Low,113.65,3.498106994101175,4794,Review pricing or offer,,,,,,
4223-BKEOR,0.05394047554928071,Low,64.85,3.498039839370854,4795,Offer technical support,,,,,,
2790-XUYMV,0.04090393938338071,Low,85.45,3.4952416203098817,4796,Offer technical support,,,,,,
0883-EIBTI,0.17907636178680186,Low,19.5,3.4919890548426364,4797,Offer contract upgrade,,,,,,
1051-GEJLJ,0.17907636178680186,Low,19.5,3.4919890548426364,4798,Offer contract upgrade,,,,,,
6007-TCTST,0.030112998588543043,Low,115.8,3.487085236553284,4799,Review pricing or offer,,,,,,
1397-XKKWR,0.09858578993297373,Low,35.3,3.4800783846339725,4800,Offer technical support,,,,,,
3082-YVEKW,0.04510299550875837,Low,77.15,3.4796961035007086,4801,Offer backup package,,,,,,
2308-STERM,0.17929134948979833,Low,19.4,3.4782521801020874,4802,Offer contract upgrade,,,,,,
9289-LBQVU,0.049524980865154604,Low,70.15,3.4741774076905956,4803,Offer security package,,,,,,
3392-EHMNK,0.036917242807858165,Low,94.1,3.4739125482194533,4804,Review pricing or offer,,,,,,
9027-YFHQJ,0.13860366331508528,Low,25.05,3.4720217660428863,4805,Offer contract upgrade,,,,,,
4134-BSXLX,0.0570004292237656,Low,60.9,3.471326139727325,4806,Offer contract upgrade,,,,,,
2342-CKIAO,0.1709853269584649,Low,20.3,3.471002137256838,4807,Offer contract upgrade,,,,,,
9297-FVVDH,0.0410681643300945,Low,84.5,3.470259885892985,4808,Offer backup package,,,,,,
7771-ZONAT,0.061037790353569425,Low,56.75,3.4638946025650648,4809,Offer security package,,,,,,
7833-PKIHD,0.04531824266855198,Low,76.4,3.4623137398773713,4810,Offer backup package,,,,,,
5756-OZRIO,0.05397805635585276,Low,64.05,3.4572945095923693,4811,Offer technical support,,,,,,
1642-HMARX,0.037656995540073644,Low,91.7,3.453146491024753,4812,Review pricing or offer,,,,,,
0816-TSPHQ,0.16619494129061355,Low,20.75,3.448545031780231,4813,Offer contract upgrade,,,,,,
8739-QOTTN,0.1694158738818688,Low,20.35,3.4476130334960304,4814,Offer contract upgrade,,,,,,
7691-KGKGP,0.05298873347249599,Low,65.0,3.4442676757122395,4815,Offer contract upgrade,,,,,,
1855-CFULU,0.17177176040310108,Low,20.05,3.4440237960821767,4816,Offer contract upgrade,,,,,,
9637-CDTKZ,0.03015697616114405,Low,114.1,3.440910979986536,4817,Review pricing or offer,,,,,,
3258-ZKPAI,0.029503402539147888,Low,116.6,3.4400967360646435,4818,Review pricing or offer,,,,,,
2511-MORQY,0.06231082432651659,Low,54.9,3.420864255525761,4819,Offer technical support,,,,,,
6394-HHHZM,0.16518887645913935,Low,20.7,3.4194097427041843,4820,Offer contract upgrade,,,,,,
9101-NTIXF,0.17586975423252196,Low,19.4,3.411873232110926,4821,Offer contract upgrade,,,,,,
3230-JCNZS,0.034378081612680945,Low,99.0,3.4034300796554136,4822,Review pricing or offer,,,,,,
4404-HIBDJ,0.04579542153803256,Low,74.3,3.402599820275819,4823,Relationship check-in,,,,,,
9777-IQHWP,0.036357427369298964,Low,93.4,3.3957837162925233,4824,Review pricing or offer,,,,,,
3694-GLTJM,0.17265020481476182,Low,19.65,3.3925765246100696,4825,Offer contract upgrade,,,,,,
9818-XQCUV,0.1664997232871443,Low,20.35,3.3882693688933867,4826,Offer contract upgrade,,,,,,
5386-THSLQ,0.07431045476763293,Low,45.55,3.3848412146656797,4827,Offer technical support,,,,,,
0320-DWVTU,0.03400842369907986,Low,99.5,3.3838381580584462,4828,Review pricing or offer,,,,,,
0679-TDGAK,0.04469966913093988,Low,75.5,3.3748250193859612,4829,Offer backup package,,,,,,
5919-VCZYM,0.16819130749925842,Low,20.05,3.3722357153601314,4830,Offer contract upgrade,,,,,,
3569-VLDHH,0.04474942138827154,Low,75.1,3.360681546259192,4831,Promote automatic payment,,,,,,
2621-UDNLU,0.16115373740688477,Low,20.85,3.3600554249335475,4832,Offer contract upgrade,,,,,,
5306-BVTKJ,0.06020090219909122,Low,55.8,3.35921034270929,4833,Offer technical support,,,,,,
6559-ILWKJ,0.06801378611515449,Low,49.35,3.356480344782874,4834,Offer technical support,,,,,,
1755-RMCXH,0.1653091806468633,Low,20.3,3.3557763671313254,4835,Offer contract upgrade,,,,,,
4195-SMMNX,0.16486146743105798,Low,20.35,3.35493086222203,4836,Offer contract upgrade,,,,,,
7017-VFULY,0.1668603117231808,Low,20.1,3.3538922656359342,4837,Offer contract upgrade,,,,,,
8404-VLQFB,0.13281227771262433,Low,25.25,3.353510012243764,4838,Offer contract upgrade,,,,,,
1137-DGOWI,0.04773017724832842,Low,70.25,3.3530449516950713,4839,Offer security package,,,,,,
8383-SGHJU,0.05638701132162598,Low,59.4,3.349388472504583,4840,Offer backup package,,,,,,
4198-VFOEA,0.09959210993482226,Low,33.6,3.346294893810028,4841,Offer backup package,,,,,,
3181-VTHOE,0.06551308205451402,Low,51.05,3.3444428388829404,4842,Offer security package,,,,,,
3410-YOQBQ,0.042181188846560136,Low,79.2,3.340750156647563,4843,Offer security package,,,,,,
6252-DFGTK,0.049054476813151476,Low,68.1,3.3406098709756153,4844,Offer backup package,,,,,,
7876-AEHIG,0.0554844032862003,Low,60.15,3.337386857664948,4845,Offer backup package,,,,,,
2126-GSEGL,0.03933258895714697,Low,84.8,3.3354035435660627,4846,Offer security package,,,,,,
9578-FOMUK,0.13438625089174672,Low,24.8,3.332779022115319,4847,Offer contract upgrade,,,,,,
5777-KJIRB,0.06631551820225601,Low,50.25,3.3323547896633645,4848,Offer technical support,,,,,,
4942-VZZOM,0.05037191337236151,Low,66.15,3.332102069581714,4849,Offer technical support,,,,,,
7764-BDPEE,0.15905624716109476,Low,20.85,3.316322753308826,4850,Offer contract upgrade,,,,,,
9473-CBZOP,0.05618665149185355,Low,59.0,3.3150124380193593,4851,Offer technical support,,,,,,
0188-GWFLE,0.16512012606414636,Low,20.05,3.3106585275861344,4852,Offer contract upgrade,,,,,,
9770-LXDBK,0.16218764944012504,Low,20.4,3.3086280485785506,4853,Offer contract upgrade,,,,,,
7191-ADRGF,0.06088705228335042,Low,54.3,3.3061669389859274,4854,Offer technical support,,,,,,
6061-GWWAV,0.04706311231769878,Low,70.2,3.3038304847024547,4855,Offer technical support,,,,,,
9700-ZCLOT,0.1651845257014049,Low,20.0,3.303690514028098,4856,Offer contract upgrade,,,,,,
9720-JJJOR,0.054784251684122744,Low,60.3,3.303490376552601,4857,Offer technical support,,,,,,
7102-JJVTX,0.06795563981939273,Low,48.6,3.3026440952224867,4858,Offer technical support,,,,,,
0983-TATYJ,0.06416027918127505,Low,51.45,3.3010463638766017,4859,Offer security package,,,,,,
1371-DWPAZ,0.05889002355075341,Low,56.05,3.3007858200197284,4860,Early-tenure retention outreach,,,,,,
0181-RITDD,0.030511130929542992,Low,108.15,3.299778810030075,4861,Review pricing or offer,,,,,,
0017-IUDMW,0.02823982440948867,Low,116.8,3.2984114910282765,4862,Review pricing or offer,,,,,,
4973-RLZVI,0.044121200998613205,Low,74.65,3.293647654546476,4863,Relationship check-in,,,,,,
0675-NCDYU,0.02823982440948867,Low,116.4,3.287115561264481,4864,Review pricing or offer,,,,,,
9619-GSATL,0.0591853043910907,Low,55.45,3.2818251284859796,4865,Offer security package,,,,,,
0137-UDEUO,0.16527590184041077,Low,19.85,3.280726651532154,4866,Offer contract upgrade,,,,,,
1094-BKOSX,0.06419660384290672,Low,51.0,3.274026795988243,4867,Offer security package,,,,,,
9258-CNWAC,0.02874262353573876,Low,113.65,3.2665991648367103,4868,Review pricing or offer,,,,,,
0074-HDKDG,0.053018688784049646,Low,61.6,3.265951229097458,4869,Offer technical support,,,,,,
1834-ABKHQ,0.06406478147534247,Low,50.95,3.264100616168699,4870,Offer technical support,,,,,,
6682-VCIXC,0.06357268513050442,Low,51.25,3.2581001129383513,4871,Relationship check-in,,,,,,
5906-DVAPM,0.043439986469823104,Low,75.0,3.257998985236733,4872,Relationship check-in,,,,,,
6734-CKRSM,0.16260645861126505,Low,20.0,3.2521291722253007,4873,Offer contract upgrade,,,,,,
8659-IOOPU,0.03237496162471509,Low,100.45,3.252064895202631,4874,Review pricing or offer,,,,,,
4086-ATNFV,0.05329393900721369,Low,60.8,3.2402714916385924,4875,Offer technical support,,,,,,
1402-PTHGN,0.05266194198567431,Low,61.5,3.23870943211897,4876,Relationship check-in,,,,,,
8570-KLJYJ,0.0594116409072112,Low,54.45,3.23496384739765,4877,Offer technical support,,,,,,
7030-FZTFM,0.029166960522869743,Low,110.9,3.2346159219862547,4878,Review pricing or offer,,,,,,
7037-MTYVW,0.03782421575242585,Low,85.4,3.230188025257168,4879,Offer backup package,,,,,,
6047-SUHPR,0.053993032265080364,Low,59.8,3.228783329451806,4880,Offer technical support,,,,,,
7690-KPNCU,0.044144131705802794,Low,73.05,3.224728821108894,4881,Offer technical support,,,,,,
1465-WCZVT,0.16393822564452398,Low,19.65,3.221386133914896,4882,Offer contract upgrade,,,,,,
6776-TLWOI,0.16221852665256328,Low,19.85,3.2200377540533816,4883,Offer contract upgrade,,,,,,
5562-YJQGT,0.15788591653455478,Low,20.35,3.21297840147819,4884,Offer contract upgrade,,,,,,
9986-BONCE,0.15329223087578575,Low,20.95,3.2114722368477113,4885,Offer contract upgrade,,,,,,
5067-DGXLL,0.15851071173187853,Low,20.25,3.2098419125705404,4886,Offer contract upgrade,,,,,,
8109-YUOHE,0.05694937003527358,Low,56.1,3.194859658978848,4887,Offer technical support,,,,,,
2303-PJYHN,0.16071474098436564,Low,19.85,3.190187608539658,4888,Offer contract upgrade,,,,,,
2680-XKKNJ,0.05478346445343934,Low,58.2,3.1883976311901696,4889,Relationship check-in,,,,,,
3205-MXZRA,0.053631085139805,Low,59.45,3.1883680115614075,4890,Offer security package,,,,,,
2676-SSLTO,0.04818763190912843,Low,66.15,3.1876118507888456,4891,Offer security package,,,,,,
6121-TNHBO,0.03840030251764045,Low,83.0,3.1872251089641574,4892,Relationship check-in,,,,,,
6859-QNXIQ,0.028170151547555707,Low,113.1,3.1860441400285504,4893,Review pricing or offer,,,,,,
8777-PVYGU,0.0495351832345275,Low,64.3,3.185112281980118,4894,Offer technical support,,,,,,
7508-KBIMB,0.05660674770674932,Low,56.25,3.184129558504649,4895,Offer technical support,,,,,,
6806-YDEUL,0.16328744110613164,Low,19.5,3.1841051015695667,4896,Offer contract upgrade,,,,,,
7521-YXVZY,0.15951211382946118,Low,19.95,3.1822666708977505,4897,Offer contract upgrade,,,,,,
6261-RCVNS,0.04304995936120651,Low,73.9,3.181391996793161,4898,Relationship check-in,,,,,,
5018-HEKFO,0.1296690830699013,Low,24.5,3.176892535212582,4899,Offer contract upgrade,,,,,,
8150-QUDFX,0.1600328241165645,Low,19.85,3.1766515587138056,4900,Offer contract upgrade,,,,,,
7995-ZHHNZ,0.05657765821592725,Low,56.1,3.1740066259135187,4901,Offer technical support,,,,,,
9680-NIAUV,0.028891565033290954,Low,109.7,3.169404684152018,4902,Review pricing or offer,,,,,,
1796-JANOW,0.15873761811809214,Low,19.95,3.166815481455938,4903,Offer contract upgrade,,,,,,
0810-DHDBD,0.042689930679406726,Low,74.0,3.1590548702760977,4904,Offer backup package,,,,,,
6691-CCIHA,0.03716382617903097,Low,84.95,3.157067033908681,4905,Promote automatic payment,,,,,,
4513-CXYIX,0.03907613114468542,Low,80.7,3.153443783376114,4906,Offer technical support,,,,,,
8410-BGQXN,0.16253561761214685,Low,19.4,3.1531909816756487,4907,Offer contract upgrade,,,,,,
6440-DKQGE,0.048708547973302124,Low,64.5,3.141701344277987,4908,Offer technical support,,,,,,
3258-SYSWS,0.027543987195394613,Low,113.8,3.134505742835907,4909,Review pricing or offer,,,,,,
7758-UJWYS,0.07718238588014782,Low,40.55,3.129745747439994,4910,Offer security package,,,,,,
8003-EWNDZ,0.14679359545188012,Low,21.2,3.1120242235798585,4911,Offer contract upgrade,,,,,,
7375-WMVMT,0.03257102354609735,Low,95.5,3.110532748652297,4912,Review pricing or offer,,,,,,
8741-LQOBK,0.08871315068653131,Low,35.05,3.109395931562922,4913,Offer contract upgrade,,,,,,
9817-APLHW,0.12433296624424792,Low,25.0,3.108324156106198,4914,Offer contract upgrade,,,,,,
0019-EFAEP,0.03065748446845706,Low,101.3,3.1056031766547,4915,Review pricing or offer,,,,,,
6013-BHCAW,0.038279135792630245,Low,81.0,3.10060999920305,4916,Offer security package,,,,,,
0305-SQECB,0.08591677303259966,Low,36.05,3.0972996678252174,4917,Offer backup package,,,,,,
9039-ZVJDC,0.16199535237501186,Low,19.1,3.094111230362727,4918,Offer contract upgrade,,,,,,
7816-VGHTO,0.07623827346071266,Low,40.55,3.091461988831898,4919,Offer security package,,,,,,
4237-CLSMM,0.15433098408338283,Low,20.0,3.0866196816676568,4920,Offer contract upgrade,,,,,,
0487-CRLZF,0.04142616588367357,Low,74.45,3.0841780500394975,4921,Offer security package,,,,,,
8782-NUUOL,0.03903463738487143,Low,79.0,3.083736353404843,4922,Offer backup package,,,,,,
8097-OMULG,0.0401701080411721,Low,76.75,3.083055792159959,4923,Offer security package,,,,,,
6754-LZUKA,0.038099325483582906,Low,80.9,3.082235431621857,4924,Offer technical support,,,,,,
9359-UGBTK,0.042552636277783495,Low,72.35,3.078683234697636,4925,Offer backup package,,,,,,
4397-FRLTA,0.1527098650579861,Low,20.15,3.0771037809184194,4926,Offer contract upgrade,,,,,,
8915-NNTRC,0.02849494170425339,Low,107.7,3.06890522154809,4927,Review pricing or offer,,,,,,
0014-BMAQU,0.03623781311732364,Low,84.65,3.067530880381446,4928,Offer backup package,,,,,,
1336-EZFZY,0.15299320788974538,Low,20.05,3.067513818189395,4929,Offer contract upgrade,,,,,,
8869-TORSS,0.050791521794982544,Low,60.35,3.0652683403271967,4930,Offer backup package,,,,,,
9782-LGXMC,0.04963654890312495,Low,61.75,3.0650568947679657,4931,Offer contract upgrade,,,,,,
7233-IOQNP,0.0901033609207243,Low,34.0,3.063514271304626,4932,Offer contract upgrade,,,,,,
6901-GOGZG,0.03602042418270837,Low,84.95,3.059935034321076,4933,Offer backup package,,,,,,
1301-LOPVR,0.055272378864927044,Low,55.35,3.059326170173712,4934,Relationship check-in,,,,,,
2361-UPSND,0.04331267081751607,Low,70.6,3.0578745597166344,4935,Relationship check-in,,,,,,
1298-PHBTI,0.03604064522944598,Low,84.8,3.0562467154570188,4936,Offer security package,,,,,,
4636-OLWOE,0.0500441438644386,Low,61.0,3.0526927757307547,4937,Offer security package,,,,,,
0278-YXOOG,0.14482917683121124,Low,21.05,3.0486541722969966,4938,Offer contract upgrade,,,,,,
0030-FNXPP,0.1534934570416604,Low,19.85,3.046845122276959,4939,Offer contract upgrade,,,,,,
4785-NKHCX,0.15166362336820807,Low,20.05,3.040855648532572,4940,Offer contract upgrade,,,,,,
9802-CAQUT,0.027736790093946532,Low,109.55,3.0385653547918423,4941,Review pricing or offer,,,,,,
6950-TWMYB,0.03789160709449903,Low,79.95,3.029433987205197,4942,Offer security package,,,,,,
6158-DWPZT,0.12560168909279695,Low,24.1,3.027000707136407,4943,Offer technical support,,,,,,
6161-ERDGD,0.03542219474905528,Low,85.45,3.026826541306774,4944,Offer backup package,,,,,,
2834-JKOOW,0.06588589939030708,Low,45.9,3.024162782015095,4945,Relationship check-in,,,,,,
6586-PSJOX,0.05466745756756795,Low,55.2,3.0176436577297507,4946,Offer security package,,,,,,
6478-HRRCZ,0.04279764038185681,Low,70.5,3.017233646920905,4947,Relationship check-in,,,,,,
1641-BYBTK,0.14929585008509813,Low,20.2,3.015776171718982,4948,Offer contract upgrade,,,,,,
5844-QVTAT,0.05153733697633159,Low,58.45,3.0123573462665814,4949,Offer technical support,,,,,,
4139-SUGLD,0.08497323729563357,Low,35.4,3.008052600265428,4950,Offer contract upgrade,,,,,,
1154-HYWWO,0.042428501259027855,Low,70.6,2.9954521888873664,4951,Relationship check-in,,,,,,
9754-CLVZW,0.07688169982583769,Low,38.85,2.9868540382337945,4952,Offer contract upgrade,,,,,,
2088-IEBAU,0.03380936130254071,Low,88.15,2.980295198818964,4953,Promote automatic payment,,,,,,
4903-UYAVB,0.15367823950340606,Low,19.35,2.9736739343909075,4954,Offer contract upgrade,,,,,,
0872-CASZJ,0.04301784781262868,Low,69.1,2.9725332838526413,4955,Offer backup package,,,,,,
4486-EFAEB,0.14558204933076285,Low,20.4,2.969873806347562,4956,Offer contract upgrade,,,,,,
5862-BRIXZ,0.04884105651378352,Low,60.75,2.967094183212349,4957,Offer backup package,,,,,,
5061-PBXFW,0.04826277070839325,Low,61.4,2.9633341214953455,4958,Offer contract upgrade,,,,,,
7971-HLVXI,0.03506449742781785,Low,84.5,2.962950032650608,4959,Offer technical support,,,,,,
9906-NHHVC,0.05537444111398611,Low,53.5,2.9625325995982568,4960,Offer technical support,,,,,,
3892-NXAZG,0.02596174859930027,Low,114.05,2.9609374277501956,4961,Review pricing or offer,,,,,,
5214-NLTIT,0.03260503932698335,Low,90.8,2.9605375708900885,4962,Review pricing or offer,,,,,,
1925-GMVBW,0.14406066056510486,Low,20.55,2.960446574612905,4963,Offer contract upgrade,,,,,,
5850-BDWCY,0.14618156643091168,Low,20.2,2.9528676419044158,4964,Offer contract upgrade,,,,,,
9330-DHBFL,0.044537949923611465,Low,66.25,2.9506391824392595,4965,Relationship check-in,,,,,,
3354-OADJP,0.05423029659512666,Low,54.25,2.9419935902856214,4966,Offer backup package,,,,,,
3363-EWLGO,0.1474335354602099,Low,19.95,2.9412990324311874,4967,Offer contract upgrade,,,,,,
5702-SKUOB,0.14995154539494285,Low,19.6,2.93905028974088,4968,Offer contract upgrade,,,,,,
0266-GMEAO,0.025709266623145096,Low,114.3,2.9385691750254845,4969,Review pricing or offer,,,,,,
6377-KSLXC,0.14717992703553753,Low,19.95,2.9362395443589735,4970,Offer contract upgrade,,,,,,
4376-KFVRS,0.025729895651311948,Low,114.05,2.9344945990321274,4971,Review pricing or offer,,,,,,
2410-CIYFZ,0.14376827706119807,Low,20.4,2.9328728520484404,4972,Offer contract upgrade,,,,,,
9618-LFJRU,0.1433232018835947,Low,20.45,2.9309594785195117,4973,Offer contract upgrade,,,,,,
3977-QCRSL,0.14540513964521667,Low,20.15,2.9299135638511156,4974,Offer contract upgrade,,,,,,
9367-OIUXP,0.1411384918783619,Low,20.7,2.921566781882091,4975,Offer contract upgrade,,,,,,
2439-QKJUL,0.14410659289100705,Low,20.25,2.918158506042893,4976,Offer contract upgrade,,,,,,
2877-VDUER,0.07130870315423696,Low,40.9,2.9165259590082915,4977,Offer security package,,,,,,
5321-NTRKC,0.036510250258454204,Low,79.85,2.9153434831375677,4978,Offer technical support,,,,,,
7639-LIAYI,0.036483507063076,Low,79.75,2.909559688280311,4979,Offer backup package,,,,,,
3156-QLHBO,0.15111923215675416,Low,19.25,2.9090452190175173,4980,Offer contract upgrade,,,,,,
8871-JLMHM,0.03224085777229011,Low,90.2,2.908125371060568,4981,Review pricing or offer,,,,,,
6164-HXUGH,0.14643740938304015,Low,19.85,2.906782576253347,4982,Offer contract upgrade,,,,,,
0031-PVLZI,0.14214764862127924,Low,20.35,2.892704649443033,4983,Offer contract upgrade,,,,,,
8690-UPCZI,0.04188312274768799,Low,69.05,2.8920296257278557,4984,Offer backup package,,,,,,
9702-AIUJO,0.06447422138484357,Low,44.8,2.888445118040992,4985,Offer technical support,,,,,,
0436-TWFFZ,0.033874149480045246,Low,85.25,2.8877712431738574,4986,Offer backup package,,,,,,
6598-KELSS,0.06700167343903267,Low,43.05,2.8844220415503563,4987,Offer technical support,,,,,,
5453-YBTWV,0.028454128491575248,Low,101.1,2.876712390498257,4988,Review pricing or offer,,,,,,
3520-FJGCV,0.025518952728100633,Low,112.6,2.873434077184131,4989,Review pricing or offer,,,,,,
5762-TJXGK,0.04890194413775537,Low,58.75,2.872989218093128,4990,Offer technical support,,,,,,
7765-LWVVH,0.030169416987480234,Low,95.1,2.8691115555093702,4991,Review pricing or offer,,,,,,
7636-PEPNS,0.06504678522143613,Low,44.1,2.8685632282653333,4992,Offer technical support,,,,,,
0661-WCQNQ,0.05094169843398201,Low,56.25,2.865470536911488,4993,Offer backup package,,,,,,
7581-EBBOU,0.04083874253811587,Low,70.15,2.8648377890488286,4994,Offer security package,,,,,,
0906-QVPMS,0.024864597235854262,Low,115.15,2.8631583717086184,4995,Review pricing or offer,,,,,,
7787-BNTZM,0.14194408039013107,Low,20.15,2.860173219861141,4996,Offer contract upgrade,,,,,,
8883-GRDWQ,0.05295866794830259,Low,54.0,2.85976806920834,4997,Offer backup package,,,,,,
7471-MQPOS,0.03918250843454751,Low,72.9,2.8564048648785136,4998,Offer security package,,,,,,
7973-DZRKH,0.03137495579029589,Low,90.95,2.853552229127411,4999,Review pricing or offer,,,,,,
1729-VLAZJ,0.07081062542421779,Low,40.25,2.850127673324766,5000,Relationship check-in,,,,,,
2159-TURXX,0.1420400682552616,Low,20.05,2.8479033685179953,5001,Offer contract upgrade,,,,,,
3417-TSCIC,0.11446435029502244,Low,24.85,2.844439104831308,5002,Offer technical support,,,,,,
0707-HOVVN,0.03765655681929998,Low,75.5,2.8430700398571487,5003,Offer security package,,,,,,
4565-EVZMJ,0.0482067735404495,Low,58.9,2.8393789615324754,5004,Relationship check-in,,,,,,
0942-KOWSM,0.03501980751252791,Low,80.8,2.829600447012255,5005,Offer security package,,,,,,
9127-QRZMH,0.04712837516259235,Low,59.85,2.820633253481152,5006,Relationship check-in,,,,,,
7110-BDTWG,0.059825587502461114,Low,47.05,2.8147938919907953,5007,Offer security package,,,,,,
4163-KIUHY,0.10987430090057339,Low,25.6,2.812782103054679,5008,Offer contract upgrade,,,,,,
8053-WWDRO,0.14401527553083932,Low,19.5,2.808297872851367,5009,Offer contract upgrade,,,,,,
7808-DVWEP,0.14036571464296893,Low,20.0,2.8073142928593784,5010,Offer contract upgrade,,,,,,
5562-BETPV,0.1428463174624241,Low,19.65,2.806930138136633,5011,Early-tenure retention outreach,,,,,,
3800-LYTRK,0.05025995105827636,Low,55.7,2.7994792739459933,5012,Offer backup package,,,,,,
0993-OSGPT,0.04615708040245498,Low,60.65,2.7994269264088945,5013,Offer security package,,,,,,
8469-SNFFH,0.035178144111799196,Low,79.4,2.7931446424768565,5014,Relationship check-in,,,,,,
3648-GZPHF,0.07690476723028322,Low,36.25,2.7877978120977667,5015,Offer security package,,,,,,
9987-LUTYD,0.05053492853149511,Low,55.15,2.787001308511955,5016,Offer backup package,,,,,,
8571-ZCMCX,0.04642701432466343,Low,60.0,2.7856208594798058,5017,Offer technical support,,,,,,
4140-WJAWW,0.140217393428467,Low,19.85,2.7833152595550703,5018,Offer contract upgrade,,,,,,
8668-KNZTI,0.05174130667061343,Low,53.75,2.7810952335454715,5019,Offer technical support,,,,,,
1206-EHBDD,0.0346033529940707,Low,80.3,2.778649245423877,5020,Offer technical support,,,,,,
4115-BNPJY,0.03673884509002397,Low,75.55,2.7756197465513104,5021,Offer security package,,,,,,
3850-OKINF,0.04185536182177388,Low,66.2,2.770824952601431,5022,Offer technical support,,,,,,
1064-FBXNK,0.13955600950175157,Low,19.85,2.770186788609769,5023,Early-tenure retention outreach,,,,,,
9970-QBCDA,0.14057092685404177,Low,19.7,2.7692472590246227,5024,Offer contract upgrade,,,,,,
6034-ZRYCV,0.05102377431801664,Low,54.2,2.7654885680365022,5025,Offer technical support,,,,,,
7785-RDVIG,0.14260341798224857,Low,19.3,2.7522459670573975,5026,Offer contract upgrade,,,,,,
4293-ETKAP,0.03464318962538055,Low,79.4,2.750669256255216,5027,Offer security package,,,,,,
9670-BPNXF,0.04397001316420675,Low,62.55,2.750324323421132,5028,Relationship check-in,,,,,,
9715-SBVSU,0.04477965673652211,Low,61.4,2.7494709236224573,5029,Offer technical support,,,,,,
7083-YNSKY,0.10810773226072085,Low,25.4,2.7459363994223094,5030,Offer contract upgrade,,,,,,
6556-DBKZF,0.03605973650194082,Low,76.05,2.742342960972599,5031,Offer technical support,,,,,,
6543-JXSOO,0.04742113359447664,Low,57.75,2.738570465081026,5032,Relationship check-in,,,,,,
0980-FEXWF,0.054336925804689615,Low,50.35,2.735864214266122,5033,Offer technical support,,,,,,
6339-TBELP,0.0316565748215749,Low,86.4,2.7351280645840714,5034,Offer security package,,,,,,
6229-UOLQL,0.05254745833938361,Low,52.0,2.7324678336479478,5035,Relationship check-in,,,,,,
2890-WFBHU,0.03417443431463142,Low,79.85,2.7288285800233187,5036,Relationship check-in,,,,,,
9174-IHETN,0.03871284935043778,Low,70.35,2.7234489518032974,5037,Offer technical support,,,,,,
1023-BQXZE,0.03662018364099772,Low,74.35,2.72271065370818,5038,Offer technical support,,,,,,
7325-ENZFI,0.06752950685238601,Low,40.3,2.721439126151156,5039,Relationship check-in,,,,,,
7994-XIRTR,0.041591253702571794,Low,65.25,2.7138293040928096,5040,Offer security package,,,,,,
7356-AYNJP,0.1134645124421894,Low,23.9,2.7118018473683265,5041,Promote automatic payment,,,,,,
2928-HLDBA,0.1309254154581288,Low,20.7,2.710156099983266,5042,Offer contract upgrade,,,,,,
2027-DNKIV,0.04610894444749512,Low,58.75,2.7089004862903385,5043,Offer backup package,,,,,,
8645-KOMJQ,0.03304136436627053,Low,81.95,2.70773980981587,5044,Offer security package,,,,,,
3675-EQOZA,0.1310142924542232,Low,20.65,2.7054451391797087,5045,Offer contract upgrade,,,,,,
7841-FCRQD,0.050250635741631966,Low,53.75,2.7009716711127183,5046,Offer security package,,,,,,
8513-OLYGY,0.023310052557442628,Low,115.8,2.6993040861518565,5047,Review pricing or offer,,,,,,
6374-NTQLP,0.025909474980593507,Low,104.1,2.697176345479784,5048,Review pricing or offer,,,,,,
6937-GCDGQ,0.05501366139118433,Low,48.95,2.6929187250984734,5049,Offer technical support,,,,,,
5222-JCXZT,0.14102594892810444,Low,19.0,2.6794930296339845,5050,Offer contract upgrade,,,,,,
6549-YMFAW,0.12585963119906635,Low,21.25,2.67451716298016,5051,Offer contract upgrade,,,,,,
2129-ALKBS,0.10201703802011725,Low,26.2,2.672846396127072,5052,Offer contract upgrade,,,,,,
4160-AMJTL,0.1359861819094281,Low,19.65,2.672128474520262,5053,Offer contract upgrade,,,,,,
6621-YOBKI,0.13125255825191193,Low,20.35,2.670989560426408,5054,Offer contract upgrade,,,,,,
1042-HFUCW,0.04873515510753885,Low,54.75,2.668249742137752,5055,Offer security package,,,,,,
8670-ERCJH,0.023514984658851663,Low,113.4,2.6665992603137787,5056,Review pricing or offer,,,,,,
3682-YEUWS,0.1092718014604006,Low,24.4,2.666231955633774,5057,Offer contract upgrade,,,,,,
8259-DZLIZ,0.049399091169910744,Low,53.85,2.6601410594996935,5058,Offer technical support,,,,,,
0383-CLDDA,0.031083151367549137,Low,85.35,2.6529469692203187,5059,Offer backup package,,,,,,
4854-SSLTN,0.04458035634262825,Low,59.5,2.6525312023863807,5060,Early-tenure retention outreach,,,,,,
0945-TSONX,0.031065658927347143,Low,85.3,2.649900706502711,5061,Relationship check-in,,,,,,
5110-CHOPY,0.04940214802656916,Low,53.6,2.6479551342241074,5062,Offer technical support,,,,,,
6490-FGZAT,0.12754181945375168,Low,20.65,2.633738571719972,5063,Offer contract upgrade,,,,,,
5232-NXPAY,0.03536333361289678,Low,74.45,2.632800187480165,5064,Offer security package,,,,,,
2516-XSJKX,0.03355396860560044,Low,78.45,2.632308837109355,5065,Promote automatic payment,,,,,,
4178-EGMON,0.029911901152385404,Low,88.0,2.6322473014099157,5066,Review fiber service experience,,,,,,
6726-NNFWD,0.029316343637107906,Low,89.45,2.622346938339302,5067,Offer technical support,,,,,,
3727-OWVYD,0.042764496779238846,Low,61.2,2.6171872028894176,5068,Offer technical support,,,,,,
4056-QHXHZ,0.024335190919249607,Low,107.45,2.61481626427337,5069,Review pricing or offer,,,,,,
1431-AIDJQ,0.03179880170333936,Low,82.1,2.6106816198441614,5070,Offer security package,,,,,,
7244-QWYHG,0.05867386612609109,Low,44.45,2.608053349304749,5071,Offer backup package,,,,,,
3315-IKYZQ,0.05125643325128709,Low,50.8,2.6038268091653842,5072,Offer backup package,,,,,,
2040-LDIWQ,0.030891428550057925,Low,84.2,2.6010582839148775,5073,Offer security package,,,,,,
2404-JIBFC,0.03056049366079199,Low,85.1,2.600698010533398,5074,Offer backup package,,,,,,
7269-JISCY,0.05770922834370435,Low,45.05,2.5998007368838807,5075,Offer technical support,,,,,,
6972-SNKKW,0.129933731765202,Low,20.0,2.5986746353040404,5076,Offer contract upgrade,,,,,,
2521-NPUZR,0.025716765554054933,Low,101.0,2.597393320959548,5077,Review pricing or offer,,,,,,
6586-MYGKD,0.03372649761066925,Low,76.95,2.595253991140999,5078,Offer backup package,,,,,,
7219-TLZHO,0.12439785821125743,Low,20.85,2.5936953437047174,5079,Offer contract upgrade,,,,,,
1752-OZXFY,0.043317845357921624,Low,59.8,2.590407152403713,5080,Offer technical support,,,,,,
2000-DHJUY,0.028094692943292063,Low,92.2,2.5903306893715285,5081,Review pricing or offer,,,,,,
3340-QBBFM,0.047679153050431154,Low,54.1,2.5794421800283254,5082,Offer security package,,,,,,
9194-GFVOI,0.03057864339697073,Low,84.35,2.5793085705344807,5083,Offer backup package,,,,,,
5893-PYOLZ,0.03151219735002374,Low,81.8,2.5776977432319415,5084,Offer security package,,,,,,
8106-GWQOK,0.04286821010916763,Low,60.0,2.572092606550058,5085,Relationship check-in,,,,,,
2144-ESWKO,0.07305771991279705,Low,35.2,2.5716317409304565,5086,Offer technical support,,,,,,
1936-CZAKF,0.05171285656427155,Low,49.65,2.5675433284160825,5087,Offer technical support,,,,,,
3021-VLNRJ,0.0362638595009692,Low,70.8,2.5674812526686193,5088,Offer backup package,,,,,,
8454-AATJP,0.02230027094072457,Low,115.05,2.565646171730362,5089,Review pricing or offer,,,,,,
0895-UADGO,0.05758240715711466,Low,44.55,2.565296238849458,5090,Offer backup package,,,,,,
4936-YPJNK,0.12883333135472774,Low,19.9,2.563783293959082,5091,Offer contract upgrade,,,,,,
6463-HHXJR,0.02550174192124406,Low,100.5,2.562925063085028,5092,Review pricing or offer,,,,,,
6732-VAILE,0.02981259348724614,Low,85.95,2.562392410228806,5093,Offer security package,,,,,,
0621-JFHOL,0.0865666531196923,Low,29.6,2.5623729323428925,5094,Offer security package,,,,,,
4981-FLTMF,0.039248463684088575,Low,65.2,2.5589998322025753,5095,Offer contract upgrade,,,,,,
9309-BZGNT,0.08580597037734894,Low,29.8,2.5570179172449983,5096,Offer technical support,,,,,,
8331-ZXFOE,0.03595599205698079,Low,71.1,2.5564710352513336,5097,Relationship check-in,,,,,,
4859-ZSRDZ,0.0460415337412651,Low,55.5,2.5553051226402133,5098,Offer security package,,,,,,
5906-CVLHP,0.04716996799639983,Low,54.15,2.5542537670050507,5099,Offer security package,,,,,,
4111-BNXIF,0.042860015125096323,Low,59.55,2.552313900699486,5100,Offer security package,,,,,,
1544-JJMYL,0.03678168207575352,Low,69.35,2.5508096519535064,5101,Offer backup package,,,,,,
6242-FEGFD,0.026362827936062035,Low,96.6,2.5466491786235923,5102,Review pricing or offer,,,,,,
6248-TKCQV,0.03152907949547947,Low,80.6,2.541243807335645,5103,Offer backup package,,,,,,
4648-YPBTM,0.03437042299573024,Low,73.9,2.539974259384465,5104,Offer security package,,,,,,
3675-YDUPJ,0.12778411636616935,Low,19.85,2.5365147098684617,5105,Offer contract upgrade,,,,,,
4365-MSDYN,0.12965467820562715,Low,19.55,2.534748958920011,5106,Offer contract upgrade,,,,,,
4304-XUMGI,0.03371364372518057,Low,75.15,2.53358032594732,5107,Offer technical support,,,,,,
0234-TEVTT,0.056223322675658084,Low,45.0,2.5300495204046136,5108,Offer technical support,,,,,,
4776-XSKYQ,0.08345415126986125,Low,30.25,2.5244880759133026,5109,Offer security package,,,,,,
9640-ZSLDC,0.04159443382854581,Low,60.6,2.5206226900098763,5110,Offer technical support,,,,,,
8670-MEFCP,0.027097954141001464,Low,92.9,2.517399939699036,5111,Review pricing or offer,,,,,,
3724-UCSHY,0.12869941200346233,Low,19.55,2.5160735046676885,5112,Offer contract upgrade,,,,,,
4957-TIALW,0.03831073395687919,Low,65.6,2.5131841475712746,5113,Relationship check-in,,,,,,
5062-CJJKH,0.0468114169116135,Low,53.65,2.5114325173080645,5114,Offer technical support,,,,,,
8317-BVKSO,0.12522337357477786,Low,20.05,2.510728640174296,5115,Offer contract upgrade,,,,,,
4895-TMWIR,0.12557559957335454,Low,19.95,2.505233211488423,5116,Offer contract upgrade,,,,,,
7663-YJHSN,0.024036859572229764,Low,103.95,2.498631552533284,5117,Review pricing or offer,,,,,,
2664-XJZNO,0.023817732348831278,Low,104.9,2.498480123392401,5118,Review pricing or offer,,,,,,
7730-CLDSV,0.025309475345261068,Low,98.65,2.4967797428100043,5119,Review pricing or offer,,,,,,
1271-UODNO,0.04632690157240968,Low,53.85,2.4947036496742614,5120,Offer security package,,,,,,
6195-MELTI,0.045570102016431774,Low,54.65,2.4904060751979964,5121,Offer security package,,,,,,
1345-GKDZZ,0.12735285761712545,Low,19.55,2.4897483664148026,5122,Offer contract upgrade,,,,,,
2683-JXWQQ,0.074038394731216,Low,33.6,2.4876900629688574,5123,Offer contract upgrade,,,,,,
0455-ENTCR,0.029128070362857143,Low,85.25,2.4831679984335713,5124,Promote automatic payment,,,,,,
7945-HLKEA,0.038337243681980195,Low,64.75,2.4823365284082177,5125,Offer backup package,,,,,,
5387-ASZNZ,0.03885463243415309,Low,63.85,2.480868280920675,5126,Relationship check-in,,,,,,
7266-GSSJX,0.12130021208282839,Low,20.45,2.4805893370938406,5127,Offer contract upgrade,,,,,,
7359-WWYJV,0.021671148446862833,Low,114.45,2.4802629397434512,5128,Review pricing or offer,,,,,,
4342-HFXWS,0.0355776096478069,Low,69.7,2.479759392452141,5129,Offer backup package,,,,,,
4115-UMJFQ,0.0693300748299109,Low,35.75,2.4785501751693144,5130,Offer technical support,,,,,,
0536-ESJEP,0.03318863730608699,Low,74.55,2.474212911168785,5131,Offer technical support,,,,,,
5498-IBWPI,0.05008474132766342,Low,49.4,2.4741862215865726,5132,Offer security package,,,,,,
4667-QONEA,0.03302769498687722,Low,74.85,2.47212296976776,5133,Relationship check-in,,,,,,
3039-MJSLN,0.1218878483568998,Low,20.2,2.462134536809376,5134,Offer contract upgrade,,,,,,
2990-OGYTD,0.028525897689277952,Low,86.15,2.457506085931296,5135,Offer security package,,,,,,
1525-LNLOJ,0.03876427556175058,Low,63.3,2.4537786430588113,5136,Offer technical support,,,,,,
8044-BGWPI,0.11579717097533952,Low,21.15,2.4491101661284307,5137,Offer contract upgrade,,,,,,
9929-PLVPA,0.12004002995483688,Low,20.4,2.4488166110786724,5138,Offer contract upgrade,,,,,,
6174-NRBTZ,0.07956009352023151,Low,30.75,2.446472875747119,5139,Offer technical support,,,,,,
5127-BZENZ,0.03751385659176943,Low,65.2,2.445903449783367,5140,Offer technical support,,,,,,
4890-VMUAV,0.034181365559796256,Low,71.5,2.4439676375254322,5141,Promote automatic payment,,,,,,
0687-ZVTHB,0.03371756114935445,Low,72.45,2.4428373052707304,5142,Offer technical support,,,,,,
8745-PVESG,0.05937775892017866,Low,41.1,2.440425891619343,5143,Offer backup package,,,,,,
9795-NREXC,0.028669100373921595,Low,85.0,2.4368735317833354,5144,Offer backup package,,,,,,
5575-GNVDE,0.042657844686795024,Low,56.95,2.4293642549129766,5145,Offer technical support,,,,,,
4737-HOBAX,0.03034398500036697,Low,79.8,2.421450003029284,5146,Offer security package,,,,,,
1492-KGETH,0.0308890191409869,Low,78.35,2.4201546496963235,5147,Relationship check-in,,,,,,
1053-MXTTK,0.022239794406165626,Low,108.65,2.4163536622298953,5148,Review pricing or offer,,,,,,
8809-XKHMD,0.023966044952928145,Low,100.55,2.409785820016925,5149,Review pricing or offer,,,,,,
3230-IUALN,0.029738494740428525,Low,81.0,2.4088180739747105,5150,Offer backup package,,,,,,
6519-ZHPXP,0.022234558678580586,Low,108.3,2.4080027048902775,5151,Review pricing or offer,,,,,,
9928-BZVLZ,0.04829670452686037,Low,49.85,2.4075907206639897,5152,Offer backup package,,,,,,
0378-CJKPV,0.021401850633902323,Low,112.1,2.3991474560604504,5153,Review pricing or offer,,,,,,
7107-UBYKY,0.09311609825138903,Low,25.75,2.3977395299732676,5154,Offer contract upgrade,,,,,,
0104-PPXDV,0.047650888858572715,Low,50.3,2.3968397095862075,5155,Offer technical support,,,,,,
6322-HRPFA,0.04019991944541231,Low,59.6,2.395915198946574,5156,Offer contract upgrade,,,,,,
1088-CNNKB,0.02992137847530265,Low,80.0,2.393710278024212,5157,Relationship check-in,,,,,,
3926-YZVVX,0.047781988196262115,Low,50.05,2.391488509222919,5158,Offer security package,,,,,,
5256-SKJGO,0.04376438613786249,Low,54.6,2.389535483127292,5159,Offer security package,,,,,,
9931-DCEZH,0.043871910318169866,Low,54.4,2.3866319213084406,5160,Offer security package,,,,,,
2239-CGBUZ,0.03943264623633181,Low,60.5,2.3856750972980745,5161,Relationship check-in,,,,,,
5688-KZTSN,0.11922588453706554,Low,20.0,2.3845176907413106,5162,Offer contract upgrade,,,,,,
9224-VTYID,0.02634807390507325,Low,90.5,2.384500688409129,5163,Review pricing or offer,,,,,,
9739-JLPQJ,0.020265827344638155,Low,117.5,2.381234712994983,5164,Review pricing or offer,,,,,,
8174-TBVCF,0.025095067100801605,Low,94.8,2.379012361155992,5165,Review pricing or offer,,,,,,
6898-RBTLU,0.029982618112859162,Low,79.3,2.3776216163497317,5166,Offer security package,,,,,,
0310-SUCIN,0.028006433831743505,Low,84.8,2.374945588931849,5167,Relationship check-in,,,,,,
7233-PAHHL,0.02824042964120608,Low,84.0,2.3721960898613106,5168,Offer backup package,,,,,,
5781-BKHOP,0.023549339555036894,Low,100.65,2.3702410262144635,5169,Review pricing or offer,,,,,,
1257-SXUXQ,0.12184974478822709,Low,19.45,2.369977536131017,5170,Offer contract upgrade,,,,,,
4946-EDSEW,0.12270792014972215,Low,19.25,2.3621274628821514,5171,Offer contract upgrade,,,,,,
3034-ZBEQN,0.06797573170483871,Low,34.7,2.3587578901579036,5172,Offer technical support,,,,,,
1937-OTUKY,0.023971442609905504,Low,98.2,2.3539956642927207,5173,Review pricing or offer,,,,,,
3077-RSNTJ,0.11937692201794671,Low,19.7,2.35172536375355,5174,Offer contract upgrade,,,,,,
2987-BJXIK,0.027754500960054426,Low,84.7,2.35080623131661,5175,Offer technical support,,,,,,
4872-VXRIL,0.036348235902145025,Low,64.65,2.349913451073676,5176,Relationship check-in,,,,,,
8295-FHIVV,0.12072652268374595,Low,19.4,2.342094540064671,5177,Offer contract upgrade,,,,,,
2599-CIPQE,0.0214131382756684,Low,109.3,2.340456013530556,5178,Review pricing or offer,,,,,,
2252-NKNSI,0.027404271454648757,Low,85.15,2.333473714363342,5179,Relationship check-in,,,,,,
0334-ZFJSR,0.03532810202186326,Low,66.05,2.333421138544068,5180,Relationship check-in,,,,,,
8439-LTUGF,0.11666717290780906,Low,20.0,2.333343458156181,5181,Offer contract upgrade,,,,,,
9426-SXNHE,0.12437373997580549,Low,18.75,2.332007624546353,5182,Offer contract upgrade,,,,,,
4541-RMRLG,0.1207272250318481,Low,19.25,2.323999081863076,5183,Offer contract upgrade,,,,,,
6176-YJWAS,0.023719603280730507,Low,97.95,2.3233351413475534,5184,Review pricing or offer,,,,,,
2405-LBMUW,0.04579357292845167,Low,50.7,2.3217341474724997,5185,Relationship check-in,,,,,,
7109-CQYUZ,0.025973459874747393,Low,89.25,2.318131293821205,5186,Relationship check-in,,,,,,
1265-BCFEO,0.02879566238282709,Low,80.45,2.3166110386984395,5187,Offer security package,,,,,,
6371-NZYEG,0.03599148124496299,Low,64.25,2.3124526699888723,5188,Offer technical support,,,,,,
9705-ZJBCG,0.04262927004081668,Low,54.15,2.308374972710223,5189,Offer backup package,,,,,,
8165-CBKXO,0.04065926863331978,Low,56.75,2.3074134949408975,5190,Offer technical support,,,,,,
9294-TDIPC,0.11408330232952275,Low,20.2,2.3044827070563594,5191,Offer contract upgrade,,,,,,
6258-NGCNG,0.09792693716343119,Low,23.5,2.301283023340633,5192,Offer contract upgrade,,,,,,
8144-DGHXP,0.028501236091708015,Low,80.6,2.297199628991666,5193,Offer backup package,,,,,,
8390-FESFV,0.027185710260817477,Low,84.5,2.297192517039077,5194,Offer security package,,,,,,
4020-KIUDI,0.11485286026239058,Low,19.85,2.2798292762084533,5195,Offer contract upgrade,,,,,,
2190-PHBHR,0.02412881332601589,Low,94.45,2.278966418642201,5196,Review pricing or offer,,,,,,
7711-YIJWC,0.026809371606835854,Low,84.9,2.276115649420364,5197,Relationship check-in,,,,,,
8207-DMRVL,0.019866722214413,Low,114.55,2.2757330296610094,5198,Review pricing or offer,,,,,,
2739-CCZMB,0.11158479879063186,Low,20.35,2.2707506553893584,5199,Offer contract upgrade,,,,,,
4719-UMSIY,0.11509290568506883,Low,19.65,2.2615755967116025,5200,Offer contract upgrade,,,,,,
2239-CFOUJ,0.11077033411229868,Low,20.4,2.259714815890893,5201,Early-tenure retention outreach,,,,,,
3957-HHLMR,0.03464514282253651,Low,65.2,2.2588633120293804,5202,Offer technical support,,,,,,
7623-HKYRK,0.11463487043418766,Low,19.7,2.2583069475534967,5203,Offer contract upgrade,,,,,,
1696-MZVAU,0.08924029978376838,Low,25.25,2.2533175695401515,5204,Offer technical support,,,,,,
4114-QMKVN,0.03276615327130529,Low,68.75,2.252673037402239,5205,Offer technical support,,,,,,
7670-ZBPOQ,0.03687991448719306,Low,61.05,2.2515187794431366,5206,Offer backup package,,,,,,
2040-XBAVJ,0.019672318143891247,Low,114.45,2.2514968115683534,5207,Review pricing or offer,,,,,,
1960-UOTYM,0.028426079932407627,Low,79.2,2.251345530646684,5208,Offer technical support,,,,,,
3831-YCPUO,0.02054678520631407,Low,109.5,2.249872980091391,5209,Review pricing or offer,,,,,,
3841-NFECX,0.023315733979209347,Low,96.35,2.2464709688968205,5210,Review pricing or offer,,,,,,
6963-EZQEE,0.025368274223022222,Low,88.55,2.2463606824486178,5211,Relationship check-in,,,,,,
3174-AKMAS,0.03498777684710007,Low,64.2,2.2462152735838243,5212,Offer security package,,,,,,
0654-PQKDW,0.03170373597037995,Low,70.75,2.243039319904381,5213,Offer backup package,,,,,,
1904-WAJAA,0.03485549776811089,Low,64.35,2.2429512813779353,5214,Offer technical support,,,,,,
9788-YTFGE,0.112264658585771,Low,19.95,2.2396799387861313,5215,Offer contract upgrade,,,,,,
6522-OIQSX,0.04072778466480374,Low,54.95,2.237991767330966,5216,Offer technical support,,,,,,
2612-PHGOX,0.02938754422268471,Low,76.1,2.236392115346306,5217,Offer security package,,,,,,
3981-QSVQI,0.11345507884832613,Low,19.7,2.2350650533120247,5218,Offer contract upgrade,,,,,,
4182-BGSIQ,0.11248498202565452,Low,19.8,2.2272026441079595,5219,Offer contract upgrade,,,,,,
5318-YKDPV,0.028127240829835226,Low,79.15,2.2262711116814584,5220,Offer backup package,,,,,,
7795-CFOCW,0.05253537643043145,Low,42.3,2.2222464230072503,5221,Offer backup package,,,,,,
5129-HHMZC,0.025618139111227203,Low,86.45,2.2146881261655915,5222,Relationship check-in,,,,,,
1929-ZCBHE,0.0549460358290985,Low,40.3,2.2143252439126693,5223,Offer backup package,,,,,,
2351-BKRZW,0.02940463073519829,Low,75.2,2.2112282312869116,5224,Offer technical support,,,,,,
6339-RZCBJ,0.028017891519368947,Low,78.9,2.21061164087821,5225,Offer security package,,,,,,
8328-SKJNO,0.05437685760352396,Low,40.65,2.2104192615832488,5226,Relationship check-in,,,,,,
0771-CHWSK,0.029609840584706715,Low,74.6,2.2088941076191206,5227,Offer technical support,,,,,,
9932-WBWIK,0.10811924011075293,Low,20.35,2.200226536253822,5228,Offer contract upgrade,,,,,,
3806-YAZOV,0.1168619649104588,Low,18.8,2.1970049403166256,5229,Offer contract upgrade,,,,,,
3654-ARMGP,0.02477500904447622,Low,88.65,2.196304551792817,5230,Offer security package,,,,,,
3847-BAERP,0.10497413182160945,Low,20.9,2.1939593550716374,5231,Offer contract upgrade,,,,,,
2984-TBYKU,0.02088440347126835,Low,104.9,2.19077392413605,5232,Review pricing or offer,,,,,,
8819-WFGGJ,0.04035340761679963,Low,54.1,2.1831193520688603,5233,Offer technical support,,,,,,
1984-GPTEH,0.08678883017023255,Low,25.15,2.1827390787813483,5234,Offer contract upgrade,,,,,,
3055-VTCGS,0.03727052860962072,Low,58.55,2.182189450093293,5235,Offer technical support,,,,,,
7311-MQJCH,0.1115463910184308,Low,19.55,2.180731944410322,5236,Promote automatic payment,,,,,,
5701-GUXDC,0.06147514025461166,Low,35.4,2.176219965013253,5237,Offer technical support,,,,,,
7501-IWUNG,0.029481942820039138,Low,73.8,2.1757673801188884,5238,Offer security package,,,,,,
5327-XOKKY,0.0296007121092796,Low,73.45,2.1741723044265866,5239,Offer technical support,,,,,,
2123-VSCOT,0.030051719118293855,Low,72.1,2.166728948428987,5240,Offer security package,,,,,,
9746-YKGXB,0.048958808084983894,Low,44.25,2.1664272577605375,5241,Offer technical support,,,,,,
4560-WQAQW,0.03151667630850179,Low,68.7,2.1651956623940727,5242,Offer backup package,,,,,,
0484-JPBRU,0.08573702291894027,Low,25.25,2.164859828703242,5243,Offer contract upgrade,,,,,,
9018-PCIOK,0.03342964314925984,Low,64.75,2.164569393914575,5244,Offer technical support,,,,,,
2256-YLYLP,0.029593052092258397,Low,72.95,2.1588131501302503,5245,Offer security package,,,,,,
2039-JONDJ,0.03887517885788568,Low,55.45,2.1556286676697614,5246,Offer technical support,,,,,,
6481-LXPWL,0.05965208999161187,Low,36.1,2.1534404486971885,5247,Offer technical support,,,,,,
6286-ZHAOK,0.08423866790399256,Low,25.55,2.15229796494701,5248,Offer contract upgrade,,,,,,
8898-KASCD,0.06053015858044292,Low,35.55,2.151847137534746,5249,Offer security package,,,,,,
7609-YBPXG,0.02469741243982879,Low,87.1,2.1511446235090874,5250,Offer backup package,,,,,,
9837-FWLCH,0.11203492207187034,Low,19.2,2.1510705037799105,5251,Offer contract upgrade,,,,,,
7140-ADSMJ,0.10500496858043212,Low,20.45,2.1473516074698367,5252,Offer contract upgrade,,,,,,
6120-RJKLU,0.026845840319090476,Low,79.95,2.1463249335112837,5253,Offer backup package,,,,,,
5816-JMLGY,0.026688895288245296,Low,80.4,2.145787181174922,5254,Offer security package,,,,,,
9758-MFWGD,0.0717645282345349,Low,29.9,2.145759394212593,5255,Offer technical support,,,,,,
9541-ZPSEA,0.02667738675247615,Low,80.35,2.1435280255614586,5256,Offer technical support,,,,,,
8727-XDPUD,0.059821822167539666,Low,35.8,2.14162123359792,5257,Offer technical support,,,,,,
0743-HNPFG,0.03065699264343572,Low,69.75,2.1383252368796413,5258,Relationship check-in,,,,,,
8785-EPNCG,0.09235206804025795,Low,23.15,2.1379503751319713,5259,Offer contract upgrade,,,,,,
4547-FZJWE,0.03594473888593122,Low,59.45,2.136914726768611,5260,Offer technical support,,,,,,
3474-BAFSJ,0.03716178547529034,Low,57.5,2.1368026648291942,5261,Offer security package,,,,,,
8760-ZRHKE,0.03082776617097636,Low,69.2,2.1332814190315643,5262,Offer technical support,,,,,,
7234-KMNRQ,0.11222765568085794,Low,19.0,2.1323254579363007,5263,Offer contract upgrade,,,,,,
8639-NHQEI,0.022184601720204065,Low,95.9,2.12750330496757,5264,Review pricing or offer,,,,,,
3011-WQKSZ,0.1060840686605294,Low,20.0,2.121681373210588,5265,Offer contract upgrade,,,,,,
9512-PHSMG,0.1027734707953844,Low,20.55,2.1119948248451497,5266,Offer contract upgrade,,,,,,
7103-ZGVNT,0.028596153026133383,Low,73.7,2.1075364780260304,5267,Relationship check-in,,,,,,
3605-JISKB,0.035042638827224894,Low,60.0,2.1025583296334935,5268,Offer technical support,,,,,,
1171-TYKUR,0.08275612000694453,Low,25.4,2.102005448176391,5269,Offer contract upgrade,,,,,,
1614-JBEBI,0.10153389765867607,Low,20.7,2.1017516815345947,5270,Offer contract upgrade,,,,,,
2188-SXWVT,0.03816186695957603,Low,55.0,2.0989026827766817,5271,Offer technical support,,,,,,
2211-RMNHO,0.024585756582808163,Low,85.3,2.097165036513536,5272,Offer security package,,,,,,
1930-QPBVZ,0.02204512536311951,Low,95.1,2.096491422032665,5273,Review pricing or offer,,,,,,
5996-EBTKM,0.029912022743613275,Low,69.9,2.090850389778568,5274,Offer security package,,,,,,
2541-YGPKE,0.03281950678730086,Low,63.7,2.0906025823510648,5275,Offer backup package,,,,,,
6112-KTHFQ,0.10831851721376368,Low,19.3,2.090547382225639,5276,Offer contract upgrade,,,,,,
6516-NKQBO,0.025804179950661327,Low,81.0,2.0901385760035676,5277,Offer backup package,,,,,,
7021-XSNYE,0.04201783753974035,Low,49.65,2.0861856338481086,5278,Offer backup package,,,,,,
8414-OOEEL,0.026233906129429448,Low,79.5,2.085595537289641,5279,Offer security package,,,,,,
6461-PPAXN,0.03785673456148173,Low,54.95,2.080227564153421,5280,Offer backup package,,,,,,
0617-AQNWT,0.043292324268025935,Low,47.85,2.0715377162250412,5281,Offer backup package,,,,,,
9063-ZGTUY,0.10659380960187038,Low,19.4,2.0679199062762854,5282,Offer contract upgrade,,,,,,
0916-KNFAJ,0.029520284544109134,Low,69.9,2.0634678896332286,5283,Offer technical support,,,,,,
8792-AOROI,0.03146990591640398,Low,65.5,2.0612788375244606,5284,Offer backup package,,,,,,
5394-MEITZ,0.025562344947412365,Low,80.6,2.0603250027614366,5285,Offer security package,,,,,,
2282-YGNOR,0.03550276263121039,Low,58.0,2.0591602326102025,5286,Offer backup package,,,,,,
7622-FWGEW,0.024032954830871103,Low,85.65,2.05842258126411,5287,Relationship check-in,,,,,,
2753-JMMCV,0.027740059103360904,Low,74.2,2.058312385469379,5288,Offer security package,,,,,,
8345-MVDYC,0.025194544217909745,Low,81.65,2.057134535392331,5289,Offer backup package,,,,,,
2977-CEBSX,0.022781884299420546,Low,90.05,2.05150868116282,5290,Review pricing or offer,,,,,,
1784-BXEFA,0.09963652067173835,Low,20.55,2.0475304998042234,5291,Offer contract upgrade,,,,,,
3308-JSGML,0.03196449253136123,Low,64.05,2.0473257466336867,5292,Offer backup package,,,,,,
1139-WUOAH,0.03835229648987698,Low,53.35,2.046095017734937,5293,Offer security package,,,,,,
4615-PIVVU,0.030764648203840176,Low,66.5,2.0458491055553716,5294,Offer security package,,,,,,
7706-DZNKK,0.09986981082819263,Low,20.45,2.0423376314365393,5295,Offer contract upgrade,,,,,,
1452-UZOSF,0.019211073747995203,Low,106.1,2.038294924662291,5296,Review pricing or offer,,,,,,
7777-UNYHB,0.10129252017766771,Low,20.1,2.035979655571121,5297,Offer contract upgrade,,,,,,
7025-WCBNE,0.03415234831731042,Low,59.6,2.0354799597117013,5298,Offer security package,,,,,,
7779-ORAEL,0.02707658451774847,Low,75.15,2.0348053265087978,5299,Offer backup package,,,,,,
8060-HIWJJ,0.023502247687888438,Low,86.55,2.034119537386744,5300,Offer security package,,,,,,
9750-BOOHV,0.06740222447129605,Low,30.15,2.032177067809576,5301,Offer technical support,,,,,,
1179-INLAT,0.10437616541049737,Low,19.45,2.0301164172341735,5302,Early-tenure retention outreach,,,,,,
6258-PVZWJ,0.02231874526716934,Low,90.8,2.026542070258976,5303,Review pricing or offer,,,,,,
9610-WCESF,0.04607771518150937,Low,43.9,2.022811696468261,5304,Offer backup package,,,,,,
3739-YBWAB,0.05714050115671512,Low,35.35,2.0199167158898796,5305,Offer technical support,,,,,,
4664-NJCMS,0.033836320731033105,Low,59.55,2.0149528995330215,5306,Offer backup package,,,,,,
0604-THJFP,0.026522193438265694,Low,75.95,2.0143605916362795,5307,Offer security package,,,,,,
3638-VBZTA,0.02326559287824967,Low,86.5,2.012473783968596,5308,Relationship check-in,,,,,,
2550-AEVRU,0.0376343709885445,Low,53.45,2.0115571293377035,5309,Offer technical support,,,,,,
3401-URHDA,0.03355780559739017,Low,59.9,2.010112555283671,5310,Offer backup package,,,,,,
1265-HVPZB,0.03027031619012154,Low,66.4,2.0099489950240703,5311,Offer technical support,,,,,,
8292-FRFZQ,0.0487094722151301,Low,41.15,2.0043947816526035,5312,Relationship check-in,,,,,,
3908-MKIMJ,0.047756989901735714,Low,41.95,2.0034057263778133,5313,Offer technical support,,,,,,
9110-HSGTV,0.024280872192201968,Low,82.45,2.0019579122470526,5314,Offer backup package,,,,,,
2863-IMQDR,0.022271770960831053,Low,89.65,1.9966642666385042,5315,Promote automatic payment,,,,,,
1140-UKVZG,0.08042297076632196,Low,24.8,1.9944896750047847,5316,Offer contract upgrade,,,,,,
4381-MHQDC,0.030669219362108403,Low,65.0,1.9934992585370461,5317,Offer backup package,,,,,,
1744-JHKYS,0.08061697359910826,Low,24.7,1.991239247897974,5318,Offer contract upgrade,,,,,,
5696-JVVQY,0.02825977807491843,Low,70.1,1.9810104430517816,5319,Offer technical support,,,,,,
3740-RLMVT,0.03239900669196733,Low,60.95,1.974719457875409,5320,Relationship check-in,,,,,,
1498-NHTLT,0.022763309733663167,Low,86.75,1.9747171193952797,5321,Promote automatic payment,,,,,,
7029-IJEJK,0.04474016335393698,Low,44.1,1.973041203908621,5322,Offer backup package,,,,,,
7338-ERIVA,0.043779303896620325,Low,45.05,1.9722576405427454,5323,Offer backup package,,,,,,
0114-RSRRW,0.09873959736284017,Low,19.95,1.9698549673886614,5324,Offer contract upgrade,,,,,,
9575-IWCAZ,0.07844647446249965,Low,25.1,1.9690065090087414,5325,Early-tenure retention outreach,,,,,,
0750-EKNGL,0.09479543356992712,Low,20.75,1.9670052465759877,5326,Offer contract upgrade,,,,,,
5555-RNPGT,0.07926897867191077,Low,24.8,1.965870671063387,5327,Offer contract upgrade,,,,,,
1735-XMJVH,0.10145596909161354,Low,19.35,1.9631730019227223,5328,Offer contract upgrade,,,,,,
5539-HIVAK,0.07637411761851329,Low,25.7,1.9628148227957913,5329,Offer contract upgrade,,,,,,
1534-OULXE,0.03947626702468763,Low,49.7,1.9619704711269752,5330,Offer technical support,,,,,,
6332-FBZRI,0.028283829027638544,Low,69.35,1.9614835430667328,5331,Relationship check-in,,,,,,
7968-QUXNS,0.1032953878582339,Low,18.95,1.9574475999135323,5332,Offer contract upgrade,,,,,,
3752-CQSJI,0.0952187239132204,Low,20.45,1.947222904025357,5333,Offer contract upgrade,,,,,,
9253-VIFJQ,0.028999190358880086,Low,67.05,1.9443957135629097,5334,Offer technical support,,,,,,
6131-JLWZM,0.09558461086749108,Low,20.3,1.940367600610069,5335,Offer contract upgrade,,,,,,
4860-YZGZM,0.09694110139757076,Low,20.0,1.938822027951415,5336,Offer contract upgrade,,,,,,
3489-VSFRD,0.03215117585075821,Low,60.25,1.9371083450081823,5337,Offer backup package,,,,,,
5820-PTRYM,0.028254325451530532,Low,68.45,1.934008577157265,5338,Relationship check-in,,,,,,
1009-IRMNA,0.09650439480484668,Low,20.0,1.9300878960969337,5339,Offer contract upgrade,,,,,,
2430-RRYUW,0.035212600699068876,Low,54.8,1.9296505183089743,5340,Offer technical support,,,,,,
8999-YPYBV,0.02285070282906968,Low,84.35,1.9274567836320275,5341,Relationship check-in,,,,,,
1385-TQOZW,0.09425100385812553,Low,20.45,1.927433028898667,5342,Offer contract upgrade,,,,,,
9102-OXKFY,0.035532481420377036,Low,54.15,1.9240838689134165,5343,Offer technical support,,,,,,
9926-PJHDQ,0.02499885385904322,Low,76.8,1.9199119763745192,5344,Offer technical support,,,,,,
7845-URHJN,0.09524221660235202,Low,20.15,1.9191306645373931,5345,Offer contract upgrade,,,,,,
8232-CTLKO,0.032108113765046964,Low,59.75,1.918459797461556,5346,Offer technical support,,,,,,
2316-ESMLS,0.057816973727208607,Low,33.15,1.9166326790569652,5347,Offer backup package,,,,,,
4830-FAXFM,0.07947011313646538,Low,24.1,1.9152297265888156,5348,Offer contract upgrade,,,,,,
4994-OBRSZ,0.02516698598638575,Low,76.1,1.9152076335639554,5349,Relationship check-in,,,,,,
2223-KAGMX,0.09855890670968928,Low,19.4,1.912042790167972,5350,Offer contract upgrade,,,,,,
9830-ECLEN,0.038214360952245896,Low,50.0,1.9107180476122947,5351,Offer technical support,,,,,,
6094-ZIVKX,0.03505627012637204,Low,54.45,1.9088139083809577,5352,Offer technical support,,,,,,
9150-HEPMB,0.03618558039184338,Low,52.7,1.9069800866501463,5353,Offer technical support,,,,,,
5616-PRTNT,0.09811061265324121,Low,19.4,1.9033458854728793,5354,Offer contract upgrade,,,,,,
2996-XAUVF,0.04752257432218028,Low,40.05,1.9032791016033201,5355,Offer security package,,,,,,
4568-TTZRT,0.0932174977264285,Low,20.4,1.9016369536191413,5356,Offer contract upgrade,,,,,,
9364-YKUVW,0.09603697919526359,Low,19.8,1.9015321880662193,5357,Offer contract upgrade,,,,,,
4083-EUGRJ,0.09387084672137103,Low,20.25,1.9008846461077633,5358,Offer contract upgrade,,,,,,
3249-VHRIP,0.04359819425496867,Low,43.6,1.9008812695166342,5359,Offer technical support,,,,,,
2073-QBVBI,0.05361350033842817,Low,35.45,1.9005985869972788,5360,Offer security package,,,,,,
0310-VQXAM,0.09574741735033378,Low,19.85,1.9005862344041256,5361,Offer contract upgrade,,,,,,
5345-BMKWB,0.09356187353290259,Low,20.25,1.8946279390412775,5362,Offer contract upgrade,,,,,,
0620-XEFWH,0.10047302137063098,Low,18.85,1.893916452836394,5363,Offer contract upgrade,,,,,,
0594-UFTUL,0.09532001903250198,Low,19.85,1.8921023777951644,5364,Offer contract upgrade,,,,,,
0098-BOWSO,0.0974392226025969,Low,19.4,1.8903209184903795,5365,Offer contract upgrade,,,,,,
4654-ULTTN,0.025210052144195767,Low,74.8,1.8857119003858434,5366,Offer backup package,,,,,,
9477-LGWQI,0.02350900043348006,Low,80.15,1.884246384743427,5367,Offer technical support,,,,,,
5788-YPOEG,0.022212634907706013,Low,84.75,1.8825208084280847,5368,Relationship check-in,,,,,,
6872-HXFNF,0.032240216367959346,Low,58.35,1.8812166250704279,5369,Offer security package,,,,,,
2725-IWWBA,0.03299622016703221,Low,56.9,1.8774849275041325,5370,Offer backup package,,,,,,
6023-GSSXW,0.030525535417656072,Low,61.45,1.8757941514149656,5371,Offer technical support,,,,,,
5792-JALQC,0.03132972054099893,Low,59.85,1.875083774378786,5372,Offer technical support,,,,,,
9796-MVYXX,0.047193544851220924,Low,39.7,1.8735837305934708,5373,Offer backup package,,,,,,
1159-WFSGR,0.09183567674931864,Low,20.4,1.8734478056861001,5374,Offer contract upgrade,,,,,,
1821-BUCWY,0.03356793704531269,Low,55.65,1.8680556965716513,5375,Offer technical support,,,,,,
2690-DVRVK,0.09071513374616054,Low,20.55,1.8641959984835992,5376,Promote automatic payment,,,,,,
9092-GDZKO,0.07500399704394188,Low,24.85,1.8638493265419558,5377,Offer contract upgrade,,,,,,
9140-CZQZZ,0.023403455195546298,Low,79.6,1.8629150335654852,5378,Relationship check-in,,,,,,
6584-VQMYT,0.03311895252494756,Low,56.2,1.861285131902053,5379,Offer technical support,,,,,,
2923-ARZLG,0.09443176921348852,Low,19.7,1.8603058535057237,5380,Early-tenure retention outreach,,,,,,
2332-EFBJY,0.09423574766705424,Low,19.7,1.8564442290409684,5381,Offer contract upgrade,,,,,,
9146-JRIOX,0.0726447755852674,Low,25.55,1.856074016203582,5382,Offer contract upgrade,,,,,,
9227-YBAXE,0.02242586992085176,Low,82.5,1.8501342684702702,5383,Relationship check-in,,,,,,
3181-MIZBN,0.09348515747471592,Low,19.75,1.8463318601256393,5384,Offer contract upgrade,,,,,,
1090-ESELR,0.017500200995215858,Low,105.5,1.846271204995273,5385,Review pricing or offer,,,,,,
8510-TMWYB,0.03087203440564244,Low,59.8,1.8461476574574178,5386,Offer technical support,,,,,,
7138-GIRSH,0.026526780256841166,Low,69.5,1.843611227850461,5387,Offer security package,,,,,,
2192-OZITF,0.025022618843242018,Low,73.55,1.8404136159204503,5388,Offer backup package,,,,,,
2320-YKQBO,0.09533396617632953,Low,19.3,1.8399455472031598,5389,Offer contract upgrade,,,,,,
2580-ASVVY,0.04034379187398627,Low,45.4,1.8316081510789766,5390,Offer backup package,,,,,,
0756-MPZRL,0.05416933039117619,Low,33.7,1.8255064341826377,5391,Offer security package,,,,,,
3422-WJOYD,0.03352512411973848,Low,54.35,1.8220904959077864,5392,Offer backup package,,,,,,
6114-TCFID,0.04609421337046956,Low,39.5,1.8207214281335475,5393,Relationship check-in,,,,,,
4797-MIWUM,0.08988702439763258,Low,20.25,1.8202122440520596,5394,Offer contract upgrade,,,,,,
0757-WCUUZ,0.02865725830607229,Low,63.35,1.8154373136896795,5395,Offer technical support,,,,,,
1568-LJSZU,0.01968815111664241,Low,92.2,1.8152475329544302,5396,Review pricing or offer,,,,,,
5197-LQXXH,0.02178705011843745,Low,83.3,1.8148612748658395,5397,Offer security package,,,,,,
5317-FLPJF,0.02954232429701194,Low,61.35,1.8124215956216827,5398,Offer backup package,,,,,,
6064-PUPMC,0.0316538259245327,Low,57.2,1.8105988428832704,5399,Offer backup package,,,,,,
7508-DQAKK,0.020850876009392005,Low,86.4,1.8015156872114695,5400,Relationship check-in,,,,,,
6319-QSUSR,0.09136890052138545,Low,19.7,1.7999673402712932,5401,Offer contract upgrade,,,,,,
6827-IEAUQ,0.027198263558011505,Low,66.15,1.7991651343624613,5402,Relationship check-in,,,,,,
3482-ABPKK,0.03313182538253414,Low,54.3,1.7990581182716037,5403,Offer backup package,,,,,,
2225-ZRGSG,0.019156263014330703,Low,93.9,1.798773097045653,5404,Review pricing or offer,,,,,,
3057-VJJQE,0.032554709119444046,Low,55.25,1.7986476788492836,5405,Offer technical support,,,,,,
0853-TWRVK,0.01702740402413556,Low,105.6,1.7980938649487153,5406,Review pricing or offer,,,,,,
8208-EUMTE,0.03269232042889686,Low,54.85,1.7931737755249928,5407,Relationship check-in,,,,,,
4549-ZDQYY,0.030932583792101315,Low,57.95,1.7925432307522713,5408,Offer backup package,,,,,,
6369-MCAKO,0.020123319603860417,Low,89.05,1.79198161072377,5409,Relationship check-in,,,,,,
0946-FKYTX,0.05938000017083396,Low,30.1,1.7873380051421024,5410,Offer technical support,,,,,,
0787-LHDYT,0.08652548093415344,Low,20.6,1.782424907243561,5411,Offer contract upgrade,,,,,,
8295-KMENE,0.023312237730224415,Low,76.45,1.7822205744756565,5412,Offer backup package,,,,,,
0458-HEUZG,0.050315050043234756,Low,35.4,1.7811527715305102,5413,Offer security package,,,,,,
5396-IZEPB,0.09041080683172088,Low,19.7,1.7810928945849014,5414,Offer contract upgrade,,,,,,
1623-NLDOT,0.05307914383689149,Low,33.55,1.7808052757277093,5415,Offer security package,,,,,,
2361-FJWNO,0.04946099091040609,Low,36.0,1.780595672774619,5416,Offer security package,,,,,,
9470-YFUYI,0.025020843424149647,Low,71.0,1.776479883114625,5417,Relationship check-in,,,,,,
0323-XWWTN,0.06721399482816057,Low,26.4,1.774449463463439,5418,Early-tenure retention outreach,,,,,,
5808-TOTXO,0.08633485900452939,Low,20.55,1.774181352543079,5419,Early-tenure retention outreach,,,,,,
6861-OKBCE,0.08812801491513007,Low,20.1,1.7713730997941146,5420,Offer contract upgrade,,,,,,
4295-YURET,0.02432819353025621,Low,72.6,1.7662268502966005,5421,Offer backup package,,,,,,
9415-ZNBSX,0.019809785063999504,Low,89.0,1.763070870695956,5422,Relationship check-in,,,,,,
9225-BZLNZ,0.020641315035069916,Low,85.25,1.7596721067397103,5423,Offer technical support,,,,,,
3166-PNEOF,0.02025365639537593,Low,86.45,1.7509285953802491,5424,Offer backup package,,,,,,
2371-JUNGC,0.08623266222114258,Low,20.25,1.7462114099781372,5425,Offer contract upgrade,,,,,,
8189-DUKMV,0.08517421359393831,Low,20.5,1.7460713786757354,5426,Early-tenure retention outreach,,,,,,
1568-BEKZM,0.0193756547784471,Low,90.05,1.7447777127991615,5427,Review pricing or offer,,,,,,
9546-KDTRB,0.07052037546003816,Low,24.7,1.7418532738629424,5428,Offer contract upgrade,,,,,,
4891-NLUBA,0.028287724263709044,Low,61.45,1.7382806560049209,5429,Offer security package,,,,,,
7094-MSZAO,0.08654386743517907,Low,20.05,1.7352045420753404,5430,Offer contract upgrade,,,,,,
2193-SFWQW,0.015462663549821455,Low,111.95,1.731045184402512,5431,Review pricing or offer,,,,,,
1563-IWQEX,0.0877858573818074,Low,19.7,1.7293813904216058,5432,Offer contract upgrade,,,,,,
3720-DBRWL,0.020592382814147374,Low,83.85,1.7266712989662572,5433,Relationship check-in,,,,,,
7153-CHRBV,0.029103591410785976,Low,59.3,1.7258429706596083,5434,Offer backup package,,,,,,
8944-AILEF,0.08861865200298688,Low,19.45,1.7236327814580947,5435,Offer contract upgrade,,,,,,
0380-ZCSBI,0.08593219466165967,Low,20.0,1.7186438932331936,5436,Offer contract upgrade,,,,,,
4500-HKANN,0.028757086188261383,Low,59.7,1.7167980454392047,5437,Offer security package,,,,,,
6867-ACCZI,0.032691515924930616,Low,52.5,1.7163045860588573,5438,Relationship check-in,,,,,,
5751-USDBL,0.021188857506955955,Low,81.0,1.7162974580634323,5439,Offer backup package,,,,,,
0142-GVYSN,0.08448029542855,Low,20.3,1.714949997199565,5440,Offer contract upgrade,,,,,,
1430-SFQSA,0.04809549888788341,Low,35.6,1.7121997604086496,5441,Offer backup package,,,,,,
9548-LIGTA,0.021117204242487125,Low,81.05,1.7115494038535815,5442,Relationship check-in,,,,,,
0121-SNYRK,0.048340285943126705,Low,35.4,1.7112461223866853,5443,Offer backup package,,,,,,
3530-CRZSB,0.08277700794490461,Low,20.65,1.7093452140622802,5444,Offer contract upgrade,,,,,,
2967-MXRAV,0.09070879193612472,Low,18.8,1.7053252883991448,5445,Early-tenure retention outreach,,,,,,
0016-QLJIS,0.01881055575673844,Low,90.45,1.7014147681969918,5446,Review pricing or offer,,,,,,
6671-NGWON,0.08355544956120119,Low,20.35,1.7003533985704442,5447,Offer contract upgrade,,,,,,
2495-TTHBQ,0.08315012784717482,Low,20.4,1.6962626080823662,5448,Early-tenure retention outreach,,,,,,
8265-HKSOW,0.015781415911569566,Low,107.45,1.69571313969815,5449,Review pricing or offer,,,,,,
6598-RFFVI,0.08785751122556162,Low,19.3,1.6956499666533393,5450,Early-tenure retention outreach,,,,,,
1897-OKVMW,0.018661565639192815,Low,90.6,1.690737846910869,5451,Review pricing or offer,,,,,,
0459-SPZHJ,0.02023905301412116,Low,83.5,1.6899609266791167,5452,Offer technical support,,,,,,
5702-KVQRD,0.020469616030987167,Low,82.55,1.6897668033579907,5453,Offer backup package,,,,,,
7492-TAFJD,0.04377288665259235,Low,38.55,1.687444780457435,5454,Offer technical support,,,,,,
6418-HNFED,0.020242410239233732,Low,83.25,1.6851806524162083,5455,Relationship check-in,,,,,,
2703-AMTUL,0.03140996780097951,Low,53.65,1.6851447725225506,5456,Offer technical support,,,,,,
7605-BDWDC,0.033775763747822506,Low,49.85,1.6837218228289519,5457,Relationship check-in,,,,,,
5668-MEISB,0.01584791899363094,Low,106.1,1.6814642052242428,5458,Review pricing or offer,,,,,,
3750-RNQKR,0.08634389329877175,Low,19.45,1.6793887246611106,5459,Offer contract upgrade,,,,,,
7173-TETGO,0.02137058566683942,Low,78.5,1.6775909748468947,5460,Offer technical support,,,,,,
1237-WIYYZ,0.0857443422972864,Low,19.55,1.6763018919119492,5461,Offer contract upgrade,,,,,,
8100-PNJMH,0.01885633051216771,Low,88.85,1.6753849660061009,5462,Relationship check-in,,,,,,
7812-FZHPE,0.06945325918282401,Low,24.1,1.6738235463060587,5463,Offer contract upgrade,,,,,,
6693-DJWTY,0.030101557588852856,Low,55.6,1.6736466019402187,5464,Offer technical support,,,,,,
9135-MGVPY,0.019755473403439812,Low,84.7,1.673288597271352,5465,Relationship check-in,,,,,,
6278-FEPBZ,0.08257465341920263,Low,20.25,1.6721367317388531,5466,Offer contract upgrade,,,,,,
8169-SAEJD,0.029553069576630113,Low,56.55,1.6712260845584328,5467,Offer technical support,,,,,,
6122-LJADA,0.018537561178378414,Low,90.15,1.6711611402308142,5468,Review pricing or offer,,,,,,
9350-ZXYJC,0.0657608635937885,Low,25.3,1.6637498489228488,5469,Early-tenure retention outreach,,,,,,
2606-PKWJB,0.041286349231097134,Low,40.25,1.6617755565516596,5470,Relationship check-in,,,,,,
4801-KFYKL,0.08537740756237207,Low,19.45,1.6605905770881366,5471,Offer contract upgrade,,,,,,
3318-ISQFQ,0.08512363012295564,Low,19.5,1.6599107873976349,5472,Offer contract upgrade,,,,,,
5245-VDBUR,0.046788083027997716,Low,35.45,1.6586375433425191,5473,Offer technical support,,,,,,
5485-ITNPC,0.019283368867671867,Low,85.9,1.6564413857330136,5474,Relationship check-in,,,,,,
1837-YQUCE,0.028348182754039206,Low,58.35,1.6541164636981878,5475,Offer backup package,,,,,,
1488-SYSFC,0.08009427461761656,Low,20.65,1.6539467708537818,5476,Offer contract upgrade,,,,,,
2885-HIJDH,0.01902540828293645,Low,86.9,1.6533079797871775,5477,Offer backup package,,,,,,
2773-MADBQ,0.031106573816876128,Low,53.1,1.6517590696761224,5478,Relationship check-in,,,,,,
4032-RMHCI,0.04654545649338832,Low,35.4,1.6477091598659466,5479,Offer technical support,,,,,,
1383-EZRWL,0.08216658335141719,Low,20.05,1.6474399961959147,5480,Offer contract upgrade,,,,,,
2137-DQMEV,0.03675124188568068,Low,44.8,1.6464556364784944,5481,Offer technical support,,,,,,
0208-BPQEJ,0.0848105701005868,Low,19.4,1.6453250599513838,5482,Offer contract upgrade,,,,,,
9025-ZRPVR,0.08677764230533094,Low,18.95,1.6444363216860214,5483,Offer contract upgrade,,,,,,
6838-HVLXG,0.08084567240022836,Low,20.3,1.6411671497246356,5484,Offer contract upgrade,,,,,,
2904-GGUAZ,0.01948014696980471,Low,84.05,1.6373063528120857,5485,Offer technical support,,,,,,
4039-PIMHX,0.03277921702031384,Low,49.8,1.6324050076116292,5486,Offer technical support,,,,,,
5125-CNDSP,0.0401798326181189,Low,40.6,1.6313012042956274,5487,Relationship check-in,,,,,,
6870-ZWMNX,0.02141511636229813,Low,76.1,1.6296903551708877,5488,Offer security package,,,,,,
5577-OTWWW,0.08240377470721802,Low,19.75,1.6274745504675558,5489,Offer contract upgrade,,,,,,
6040-CGACY,0.08298482074911077,Low,19.6,1.6265024866825712,5490,Offer contract upgrade,,,,,,
8672-OAUPW,0.033888991428324675,Low,47.85,1.6215882398453356,5491,Offer security package,,,,,,
6870-ECSHE,0.07906865397028148,Low,20.45,1.6169539736922562,5492,Early-tenure retention outreach,,,,,,
3557-HTYWR,0.021819646260912158,Low,74.05,1.6157448056205452,5493,Relationship check-in,,,,,,
6953-PBDIN,0.022050799481584272,Low,72.95,1.6086058221815727,5494,Offer security package,,,,,,
8559-WNQZS,0.07858626520700619,Low,20.45,1.6070891234832765,5495,Early-tenure retention outreach,,,,,,
1194-BHJYC,0.0258439391141486,Low,62.15,1.6062008159443355,5496,Offer backup package,,,,,,
5840-NVDCG,0.023528142920861278,Low,68.25,1.6057957543487822,5497,Relationship check-in,,,,,,
6036-TTFYU,0.08180605750885166,Low,19.6,1.6033987271734926,5498,Offer contract upgrade,,,,,,
7801-CEDNV,0.03290336092911949,Low,48.7,1.6023936772481193,5499,Offer technical support,,,,,,
9256-JTBNZ,0.07889624854819931,Low,20.3,1.601593845528446,5500,Offer contract upgrade,,,,,,
1539-LNKHM,0.07848677885362329,Low,20.4,1.601130288613915,5501,Offer contract upgrade,,,,,,
4849-PYRLQ,0.021820368383152957,Low,73.25,1.598341984065954,5502,Offer backup package,,,,,,
0979-MOZQI,0.04098104344221132,Low,39.0,1.5982606942462414,5503,Offer security package,,,,,,
3551-GAEGL,0.05250894412353826,Low,30.4,1.596271901355563,5504,Offer technical support,,,,,,
0412-UCCNP,0.026962210343126337,Low,59.2,1.5961628523130793,5505,Offer backup package,,,,,,
2999-AANRQ,0.022465257980290424,Low,71.05,1.5961565794996346,5506,Relationship check-in,,,,,,
6916-HIJSE,0.01872861446669829,Low,84.85,1.5891229374993496,5507,Relationship check-in,,,,,,
8942-DBMHZ,0.07759784639132962,Low,20.45,1.5868759587026906,5508,Offer contract upgrade,,,,,,
4116-IQRFR,0.06582696511429871,Low,24.1,1.5864298592545991,5509,Early-tenure retention outreach,,,,,,
2057-BOYKM,0.01641682676619751,Low,96.6,1.5858654656146793,5510,Review pricing or offer,,,,,,
0848-SOMKO,0.03275977506761945,Low,48.4,1.5855731132727813,5511,Offer backup package,,,,,,
7435-ZNUYY,0.07691486003568215,Low,20.6,1.5844461167350525,5512,Early-tenure retention outreach,,,,,,
1122-YJBCS,0.029512133289100816,Low,53.65,1.5833259509602586,5513,Offer technical support,,,,,,
8200-LGKSR,0.01899887292556868,Low,83.2,1.5807062274073143,5514,Offer backup package,,,,,,
7975-JMZNT,0.017177754509418657,Low,91.7,1.5752000885136908,5515,Review pricing or offer,,,,,,
1866-DIOQZ,0.023566523186563618,Low,66.8,1.5742437488624497,5516,Relationship check-in,,,,,,
0378-XSZPU,0.026080283001344438,Low,60.3,1.5726410649810696,5517,Offer technical support,,,,,,
1414-YADCW,0.01858653198648557,Low,84.6,1.5724206060566792,5518,Review fiber service experience,,,,,,
6434-TTGJP,0.029207888338596496,Low,53.7,1.5684636037826318,5519,Relationship check-in,,,,,,
3487-EARAT,0.0211528516737873,Low,74.1,1.5674263090276388,5520,Relationship check-in,,,,,,
0516-QREYC,0.07709589677725308,Low,20.3,1.5650467045782375,5521,Offer contract upgrade,,,,,,
6674-KVJHG,0.06210304337996921,Low,25.2,1.5649966931752242,5522,Promote automatic payment,,,,,,
6810-VCAEX,0.03946141630635096,Low,39.65,1.5646451565468154,5523,Relationship check-in,,,,,,
9489-DEDVP,0.02258007284700755,Low,69.2,1.5625410410129226,5524,Offer technical support,,,,,,
6648-INWPS,0.07752383626041745,Low,20.15,1.5621053006474115,5525,Offer contract upgrade,,,,,,
7727-SHVZV,0.079942186885943,Low,19.5,1.5588726442758885,5526,Offer contract upgrade,,,,,,
8963-MQVYN,0.0756243758944794,Low,20.55,1.5540809246315517,5527,Offer contract upgrade,,,,,,
5680-LQOGP,0.01884751827535587,Low,82.45,1.5539778818030916,5528,Relationship check-in,,,,,,
2091-GPPIQ,0.019674427778086062,Low,78.95,1.5532960730798946,5529,Offer security package,,,,,,
1265-ZFOSD,0.019067609136840927,Low,81.3,1.5501966228251673,5530,Relationship check-in,,,,,,
8413-YNHNV,0.017096055019903127,Low,90.65,1.5497573875542185,5531,Review pricing or offer,,,,,,
0674-GCDXG,0.02155008189408112,Low,71.9,1.5494508881844327,5532,Offer backup package,,,,,,
7524-VRLPL,0.020862889751843014,Low,74.1,1.5459401306115672,5533,Offer backup package,,,,,,
5458-CQJTA,0.02065789111433264,Low,74.8,1.5452102553520815,5534,Offer backup package,,,,,,
9885-MFVSU,0.033336832130946466,Low,46.35,1.5451621692693687,5535,Offer backup package,,,,,,
0547-HURJB,0.0733409696031646,Low,21.05,1.5438274101466147,5536,Offer contract upgrade,,,,,,
9995-HOTOH,0.026153061470695543,Low,59.0,1.543030626771037,5537,Offer technical support,,,,,,
8184-WMOFI,0.02160202737141147,Low,71.4,1.5423847543187792,5538,Offer backup package,,,,,,
6685-GBWJZ,0.021776184346772434,Low,70.8,1.5417538517514884,5539,Relationship check-in,,,,,,
1830-GGFNM,0.016282713622149617,Low,94.55,1.5395305729742463,5540,Review pricing or offer,,,,,,
5930-GBIWP,0.01888721624920407,Low,81.5,1.5393081243101316,5541,Relationship check-in,,,,,,
2791-SFVEW,0.07619042915745536,Low,20.15,1.5352371475227253,5542,Offer contract upgrade,,,,,,
0788-DXBFY,0.07821359742317453,Low,19.55,1.5290758296230622,5543,Promote automatic payment,,,,,,
6837-BJYDQ,0.07791717861826568,Low,19.6,1.5271767009180075,5544,Early-tenure retention outreach,,,,,,
1386-ZIKUV,0.08042124054757277,Low,18.95,1.523982508376504,5545,Offer contract upgrade,,,,,,
9565-FLVCG,0.02190387224719316,Low,69.55,1.5234143147922843,5546,Offer technical support,,,,,,
2882-DDZPG,0.07829888268126316,Low,19.45,1.5229132681505684,5547,Offer contract upgrade,,,,,,
4393-OBCRR,0.07515823984755003,Low,20.25,1.5219543569128882,5548,Early-tenure retention outreach,,,,,,
5173-ZXXXL,0.07605827124283418,Low,19.95,1.517362511294542,5549,Early-tenure retention outreach,,,,,,
1177-XZBJL,0.023648601889188815,Low,64.15,1.5170578111914625,5550,Relationship check-in,,,,,,
2428-ZMCTB,0.0767737264997584,Low,19.75,1.5162810983702284,5551,Offer contract upgrade,,,,,,
0909-SELIE,0.018713680155272194,Low,80.8,1.5120653565459932,5552,Relationship check-in,,,,,,
4006-HKYHO,0.01743567977168318,Low,86.7,1.511673436204932,5553,Relationship check-in,,,,,,
0513-RBGPE,0.0240532158084288,Low,62.8,1.5105419527693285,5554,Offer backup package,,,,,,
0263-FJTQO,0.02142484482246883,Low,70.5,1.5104515599840527,5555,Offer backup package,,,,,,
1187-WILMM,0.01688428469838783,Low,89.4,1.509455052035872,5556,Relationship check-in,,,,,,
0214-JHPFW,0.026107327255782836,Low,57.8,1.5090035153842478,5557,Offer security package,,,,,,
8050-DVOJX,0.018435882705995343,Low,81.35,1.499759058132721,5558,Relationship check-in,,,,,,
3623-FQBOX,0.07487467686892027,Low,19.95,1.4937498035349592,5559,Offer contract upgrade,,,,,,
8626-PTQGE,0.024849767266922763,Low,60.05,1.492228524378712,5560,Relationship check-in,,,,,,
8815-LMFLX,0.058746003256892214,Low,25.4,1.4921484827250622,5561,Offer contract upgrade,,,,,,
7054-DMVAS,0.022806263157080026,Low,65.3,1.4892489841573258,5562,Offer technical support,,,,,,
0056-EPFBG,0.03754659598166429,Low,39.4,1.4793358816775728,5563,Offer backup package,,,,,,
6741-QRLUP,0.01836842240975639,Low,80.3,1.4749843195034382,5564,Relationship check-in,,,,,,
3824-RHKVR,0.07481087020577802,Low,19.7,1.473774143053827,5565,Offer contract upgrade,,,,,,
6152-ONASV,0.02528693499379922,Low,58.25,1.4729639633888045,5566,Offer backup package,,,,,,
3133-PZNSR,0.01500550680509947,Low,97.75,1.4667882901984732,5567,Review pricing or offer,,,,,,
7560-QJAVJ,0.018401105482217753,Low,79.6,1.464727996384533,5568,Offer backup package,,,,,,
3745-HRPHI,0.026792604173278195,Low,54.65,1.4642158180696534,5569,Offer security package,,,,,,
6979-TNDEU,0.07609899594859121,Low,19.2,1.461100722212951,5570,Offer contract upgrade,,,,,,
9968-FFVVH,0.021220494408727347,Low,68.8,1.4599700153204413,5571,Relationship check-in,,,,,,
5774-XZTQC,0.07127137156878047,Low,20.45,1.4574995485815605,5572,Offer contract upgrade,,,,,,
7771-CFQRQ,0.022799145570051558,Low,63.8,1.4545854873692894,5573,Offer security package,,,,,,
7531-GQHME,0.07250487016079607,Low,20.05,1.4537226467239612,5574,Offer contract upgrade,,,,,,
2661-GKBTK,0.018817959134308223,Low,76.95,1.448041955385018,5575,Offer security package,,,,,,
2717-HVIZY,0.07221571586411052,Low,20.05,1.4479251030754159,5576,Offer contract upgrade,,,,,,
4671-VJLCL,0.018128110141948206,Low,79.85,1.4475295948345641,5577,Relationship check-in,,,,,,
3012-VFFMN,0.07009800268475937,Low,20.65,1.447523755440281,5578,Offer contract upgrade,,,,,,
5857-XRECV,0.07060854840076324,Low,20.5,1.4474752422156463,5579,Early-tenure retention outreach,,,,,,
9367-TCUYN,0.07176643170809603,Low,20.1,1.4425052773327303,5580,Offer contract upgrade,,,,,,
0277-ORXQS,0.02851734984685824,Low,50.55,1.4415520347586839,5581,Offer security package,,,,,,
1088-AUUZZ,0.018914424999225816,Low,75.85,1.434659136191278,5582,Relationship check-in,,,,,,
9028-LIHRP,0.014287925040004448,Low,100.2,1.4316500890084456,5583,Review pricing or offer,,,,,,
1972-XMUWV,0.023905703485625485,Low,59.8,1.4295610684404039,5584,Offer security package,,,,,,
4694-PHWFW,0.07149929165481712,Low,19.95,1.4264108685136017,5585,Offer contract upgrade,,,,,,
4676-WLUHT,0.030873044307274184,Low,46.2,1.4263346469960674,5586,Offer technical support,,,,,,
8735-NBLWT,0.06981508247584046,Low,20.4,1.4242276825071454,5587,Offer contract upgrade,,,,,,
4054-CUMIA,0.07026825776545924,Low,20.25,1.4229322197505496,5588,Offer contract upgrade,,,,,,
8780-YRMTT,0.03001541005576345,Low,47.4,1.4227304366431874,5589,Relationship check-in,,,,,,
4732-RRJZC,0.07023188864853154,Low,20.25,1.4221957451327636,5590,Offer contract upgrade,,,,,,
0379-DJQHR,0.017477212146036043,Low,81.35,1.421771208080032,5591,Offer technical support,,,,,,
8398-TBIYD,0.016771735360165754,Low,84.7,1.4205659850060395,5592,Offer backup package,,,,,,
8909-BOLNL,0.06680099730735897,Low,21.2,1.4161811429160103,5593,Early-tenure retention outreach,,,,,,
2581-VKIRT,0.021613076875537367,Low,65.5,1.4156565353476975,5594,Relationship check-in,,,,,,
4701-LKOZD,0.015749846402639555,Low,89.75,1.4135487146369001,5595,Relationship check-in,,,,,,
0254-WWRKD,0.02795092495397778,Low,50.55,1.4129192564235766,5596,Offer technical support,,,,,,
3061-BCKYI,0.0709633629421313,Low,19.9,1.412170922548413,5597,Offer contract upgrade,,,,,,
3638-WEABW,0.023542969126212763,Low,59.9,1.4102238506601446,5598,Offer security package,,,,,,
8205-VSLRB,0.01822144240513607,Low,77.3,1.4085174979170183,5599,Offer backup package,,,,,,
0347-UBKUZ,0.07071599853730226,Low,19.9,1.407248370892315,5600,Offer contract upgrade,,,,,,
7253-UVNDW,0.025879579497037716,Low,54.35,1.406555145664,5601,Offer security package,,,,,,
8404-VIOMB,0.022504420076792295,Low,62.5,1.4065262547995185,5602,Relationship check-in,,,,,,
1850-AKQEP,0.06911108956182944,Low,20.35,1.4064106725832293,5603,Offer contract upgrade,,,,,,
6437-UDQJM,0.016719462407014017,Low,84.1,1.4061067884298788,5604,Offer technical support,,,,,,
5795-BKOYE,0.023725916231498775,Low,59.1,1.4022016492815776,5605,Offer security package,,,,,,
5170-PTRKA,0.03915169064948826,Low,35.8,1.4016305252516794,5606,Offer backup package,,,,,,
6418-PIQSP,0.017284399455804973,Low,81.0,1.4000363559202027,5607,Offer backup package,,,,,,
0078-XZMHT,0.016416125192786072,Low,85.15,1.397833060165734,5608,Offer security package,,,,,,
8766-PAFNE,0.017667276795128493,Low,79.1,1.3974815944946637,5609,Offer security package,,,,,,
2023-VQFDL,0.07349732810117683,Low,19.0,1.3964492339223598,5610,Offer contract upgrade,,,,,,
4835-YSJMR,0.02801832504750669,Low,49.8,1.395312587365833,5611,Offer security package,,,,,,
9967-ATRFS,0.06996207124325311,Low,19.9,1.392245217740737,5612,Offer contract upgrade,,,,,,
1099-GODLO,0.06832433689929186,Low,20.35,1.3904002559005895,5613,Early-tenure retention outreach,,,,,,
8138-EALND,0.0702666078787609,Low,19.75,1.3877655056055278,5614,Offer contract upgrade,,,,,,
9479-HYNYL,0.017195924581339776,Low,80.7,1.38771111371412,5615,Offer security package,,,,,,
7542-CYDDM,0.06903917540334202,Low,20.05,1.3842354668370076,5616,Offer contract upgrade,,,,,,
6509-TSGWN,0.05222881626143874,Low,26.45,1.3814521901150547,5617,Offer contract upgrade,,,,,,
6549-BTYPG,0.022702785598266363,Low,60.8,1.3803293643745949,5618,Offer security package,,,,,,
6719-FGEDO,0.014137605648168683,Low,97.0,1.3713477478723624,5619,Review pricing or offer,,,,,,
4488-PSYCG,0.0676733282148759,Low,20.25,1.370384896351237,5620,Offer contract upgrade,,,,,,
1813-JYWTO,0.017021009296262685,Low,80.45,1.369340197884333,5621,Offer technical support,,,,,,
8597-CTXVJ,0.0210756998010023,Low,64.95,1.3688667020750993,5622,Relationship check-in,,,,,,
8610-ZIKJJ,0.06728050357575419,Low,20.3,1.36579422258781,5623,Early-tenure retention outreach,,,,,,
6234-RAAPL,0.01366690946247589,Low,99.9,1.3653242553013416,5624,Review pricing or offer,,,,,,
6439-PKTRR,0.016914606623017303,Low,80.7,1.3650087544774965,5625,Promote automatic payment,,,,,,
4568-KNYWR,0.021516949521619866,Low,63.25,1.3609470572424565,5626,Offer technical support,,,,,,
2845-KDHVX,0.01991121389752713,Low,68.3,1.359935909201103,5627,Offer security package,,,,,,
6476-EPYZR,0.0663174325786681,Low,20.5,1.3595073678626959,5628,Offer contract upgrade,,,,,,
9522-ZSINC,0.06808286813244281,Low,19.95,1.358253219242234,5629,Promote automatic payment,,,,,,
9958-MEKUC,0.013065298257010638,Low,103.95,1.3581377538162558,5630,Review pricing or offer,,,,,,
4712-UYOOI,0.06782228160748367,Low,20.0,1.3564456321496734,5631,Offer contract upgrade,,,,,,
0567-XRHCU,0.030805912798341335,Low,43.95,1.3539198674871018,5632,Offer technical support,,,,,,
8457-XIGKN,0.06902390601101241,Low,19.6,1.3528685578158433,5633,Offer contract upgrade,,,,,,
7401-JIXNM,0.014817806472761935,Low,91.3,1.3528657309631646,5634,Review pricing or offer,,,,,,
7164-BPTUT,0.015101773556763494,Low,89.55,1.3523638220081708,5635,Relationship check-in,,,,,,
5397-NSKQG,0.02656655333109362,Low,50.9,1.3522375645526652,5636,Offer technical support,,,,,,
2378-YIZKA,0.01590203829965021,Low,85.0,1.351673255470268,5637,Relationship check-in,,,,,,
9391-TTOYH,0.069239362472648,Low,19.5,1.350167568216636,5638,Offer contract upgrade,,,,,,
6681-ZSEXG,0.022624787480318338,Low,59.5,1.3461748550789412,5639,Offer technical support,,,,,,
0420-TXVSG,0.020339526205271963,Low,66.1,1.3444426821684767,5640,Offer technical support,,,,,,
9919-FZDED,0.01597461795862732,Low,84.1,1.3434653703205575,5641,Offer technical support,,,,,,
5126-RCXYW,0.02908726735624622,Low,46.0,1.3380142983873262,5642,Offer security package,,,,,,
4697-LUPSU,0.06611832127353874,Low,20.2,1.3355900897254824,5643,Early-tenure retention outreach,,,,,,
5583-EJXRD,0.024705795459969534,Low,54.05,1.3353482446113532,5644,Relationship check-in,,,,,,
4063-EIKNQ,0.06373939155924423,Low,20.95,1.3353402531661664,5645,Offer contract upgrade,,,,,,
5130-YPIRV,0.018539513384530273,Low,72.0,1.3348449636861797,5646,Offer technical support,,,,,,
7639-OPLNG,0.016784557500440306,Low,79.25,1.3301761819098943,5647,Relationship check-in,,,,,,
9888-ZCUMM,0.02209422551694072,Low,60.05,1.3267582422922903,5648,Offer backup package,,,,,,
3649-JPUGY,0.014909890796725079,Low,88.6,1.3210163245898419,5649,Offer security package,,,,,,
2649-HWLYB,0.01732487982996237,Low,76.15,1.3192895990516347,5650,Offer backup package,,,,,,
2958-NHPPS,0.06324192404386039,Low,20.85,1.3185941163144892,5651,Offer contract upgrade,,,,,,
2466-NEJOJ,0.0670453105405747,Low,19.65,1.3174403521222928,5652,Offer contract upgrade,,,,,,
4464-JCOLN,0.06624408393562371,Low,19.85,1.3149450661221307,5653,Early-tenure retention outreach,,,,,,
3161-ONRWK,0.01987304007247889,Low,65.85,1.3086396887727347,5654,Relationship check-in,,,,,,
5619-XZZKR,0.06546724628774052,Low,19.95,1.3060715634404234,5655,Early-tenure retention outreach,,,,,,
7998-ZLXWN,0.063851059363793,Low,20.45,1.3057541639895667,5656,Offer contract upgrade,,,,,,
8204-TIFGJ,0.06425769873941611,Low,20.3,1.304431284410147,5657,Offer contract upgrade,,,,,,
9867-NNXLC,0.06501551115577664,Low,20.05,1.3035609986733216,5658,Offer contract upgrade,,,,,,
5736-YEJAX,0.016395376863607827,Low,79.45,1.302612691813642,5659,Relationship check-in,,,,,,
8246-SHFGA,0.06150351310316892,Low,21.1,1.2977241264768644,5660,Offer contract upgrade,,,,,,
5003-XZWWO,0.015404179971112151,Low,84.2,1.2970319535676431,5661,Offer security package,,,,,,
1172-VIYBP,0.018594656979020626,Low,69.7,1.2960475914377376,5662,Offer technical support,,,,,,
2580-ATZSQ,0.021098478057052915,Low,61.35,1.2943916288001964,5663,Offer technical support,,,,,,
7322-OCWHC,0.013882192747019509,Low,93.05,1.2917380351101653,5664,Review pricing or offer,,,,,,
9073-ZZIAY,0.01498054282257659,Low,86.1,1.2898247370238443,5665,Promote automatic payment,,,,,,
0739-UUAJR,0.02397066017270183,Low,53.8,1.2896215172913583,5666,Offer technical support,,,,,,
6260-XLACS,0.0654577864617631,Low,19.7,1.2895183932967331,5667,Early-tenure retention outreach,,,,,,
4079-ULGFR,0.0643536275305747,Low,20.0,1.2870725506114942,5668,Offer contract upgrade,,,,,,
4881-GQJTW,0.06556276654347416,Low,19.6,1.2850302242520937,5669,Offer contract upgrade,,,,,,
2243-FNMMI,0.06618860541141107,Low,19.4,1.2840589449813746,5670,Offer contract upgrade,,,,,,
4623-ZKHLY,0.06251338320868476,Low,20.45,1.2783986866176031,5671,Offer contract upgrade,,,,,,
2302-OUZXB,0.015558168288972923,Low,82.15,1.2781035249391257,5672,Offer technical support,,,,,,
1335-MXCSE,0.023092398733860812,Low,55.25,1.2758550300458098,5673,Offer security package,,,,,,
2096-XOTMO,0.0657261033698856,Low,19.35,1.2718001002072865,5674,Offer contract upgrade,,,,,,
5320-BRKGK,0.016767911502743517,Low,75.8,1.2710076919079585,5675,Offer backup package,,,,,,
5199-FPUSP,0.037322541274576605,Low,34.05,1.2708325303993333,5676,Offer backup package,,,,,,
2400-XIWIO,0.014069045917787714,Low,90.1,1.267621037192673,5677,Review pricing or offer,,,,,,
8461-EFQYM,0.05226688265648214,Low,24.25,1.2674719044196918,5678,Promote automatic payment,,,,,,
5442-BXVND,0.05221912832733819,Low,24.25,1.266313861937951,5679,Offer contract upgrade,,,,,,
9581-GVBXT,0.03626657321148267,Low,34.8,1.2620767477595967,5680,Offer technical support,,,,,,
3500-NSDOA,0.01778572022939559,Low,70.8,1.2592289922412079,5681,Offer security package,,,,,,
1045-LTCYT,0.05977061631922843,Low,21.05,1.2581714735197584,5682,Offer contract upgrade,,,,,,
3796-ENZGF,0.018655635592070306,Low,67.25,1.2545914935667282,5683,Offer security package,,,,,,
6878-GGDWG,0.06446022480464754,Low,19.4,1.250528361210162,5684,Offer contract upgrade,,,,,,
9867-XOBQA,0.023490472439542442,Low,53.15,1.2485186101616808,5685,Relationship check-in,,,,,,
4024-CSNBY,0.013234574134404932,Low,94.25,1.247358612167665,5686,Review pricing or offer,,,,,,
1506-YJTYT,0.016878509120186586,Low,73.85,1.2464778985257794,5687,Relationship check-in,,,,,,
4915-BFSXL,0.018069704825255006,Low,68.95,1.2459061477013327,5688,Offer technical support,,,,,,
0230-UBYPQ,0.03448994697708113,Low,36.1,1.2450870858726288,5689,Offer backup package,,,,,,
3486-KHMLI,0.05039954743838878,Low,24.7,1.244868821728203,5690,Offer contract upgrade,,,,,,
0298-XACET,0.02474932961250239,Low,50.2,1.2424163465476201,5691,Offer security package,,,,,,
4770-QAZXN,0.06385441387154883,Low,19.45,1.2419683498016247,5692,Offer contract upgrade,,,,,,
7284-ZZLOH,0.023297712626640935,Low,53.3,1.2417680829999618,5693,Offer technical support,,,,,,
6202-JVYEU,0.062377496541924767,Low,19.9,1.2413121811843029,5694,Promote automatic payment,,,,,,
4825-XJGDM,0.028357902128992363,Low,43.7,1.2392403230369664,5695,Relationship check-in,,,,,,
0839-JTCUD,0.01378081187467477,Low,89.9,1.238894987533262,5696,Relationship check-in,,,,,,
9348-ROUAI,0.013708919740428772,Low,90.3,1.237915452560718,5697,Review pricing or offer,,,,,,
8181-YHCMF,0.020423150969501456,Low,60.3,1.2315160034609378,5698,Offer security package,,,,,,
2167-FQSTQ,0.013303037643416197,Low,92.4,1.2292006782516567,5699,Review pricing or offer,,,,,,
3227-WLKLI,0.013412628072492007,Low,91.55,1.2279261000366433,5700,Review pricing or offer,,,,,,
1057-FOGLZ,0.0624451113337184,Low,19.65,1.2270464377075665,5701,Offer contract upgrade,,,,,,
2484-DGXPZ,0.06268563655366913,Low,19.55,1.2255041946242315,5702,Offer contract upgrade,,,,,,
7010-ZMVBF,0.05989057808548116,Low,20.45,1.2247623218480896,5703,Offer contract upgrade,,,,,,
8039-EQPIM,0.020285190758703168,Low,60.25,1.222182743211866,5704,Offer backup package,,,,,,
9068-VPWQQ,0.016188687484300954,Low,75.35,1.2198176019420768,5705,Offer backup package,,,,,,
4403-BWPAY,0.04915581477937228,Low,24.8,1.2190642065284325,5706,Relationship check-in,,,,,,
3190-FZATL,0.06107594907863787,Low,19.95,1.2184651841188254,5707,Offer contract upgrade,,,,,,
6603-YRDCJ,0.0199540305708936,Low,61.05,1.2181935663530543,5708,Relationship check-in,,,,,,
6631-HMANX,0.014148733517504267,Low,85.45,1.2090092790707396,5709,Offer security package,,,,,,
9481-WHGWY,0.016041290884020742,Low,75.35,1.2087112681109629,5710,Offer backup package,,,,,,
4312-GVYNH,0.02423717920618322,Low,49.85,1.2082233834282337,5711,Offer backup package,,,,,,
5546-BYZSM,0.05902397122457398,Low,20.45,1.2070402115425378,5712,Offer contract upgrade,,,,,,
6504-VBLFL,0.020583384019055885,Low,58.6,1.2061863035166749,5713,Offer technical support,,,,,,
4318-RAJVY,0.06059220266113583,Low,19.8,1.1997256126904896,5714,Relationship check-in,,,,,,
0123-CRBRT,0.013607879960580837,Low,88.1,1.1988542245271716,5715,Relationship check-in,,,,,,
9560-BBZXK,0.03852474463199758,Low,31.05,1.196193320823525,5716,Offer technical support,,,,,,
8690-ZVLCL,0.013548614946572616,Low,88.0,1.1922781152983901,5717,Relationship check-in,,,,,,
3911-RSNHI,0.019410511049636703,Low,61.4,1.1918053784476936,5718,Offer security package,,,,,,
9055-MOJJJ,0.018077988725307775,Low,65.8,1.1895316581252515,5719,Offer backup package,,,,,,
5915-ANOEI,0.015015611936847122,Low,79.15,1.1884856848014498,5720,Relationship check-in,,,,,,
1991-VOPLL,0.062349016643264255,Low,19.05,1.1877487670541842,5721,Offer contract upgrade,,,,,,
5961-VUSRV,0.061301836762324334,Low,19.35,1.186190541350976,5722,Relationship check-in,,,,,,
6082-GLJIX,0.061519329488025826,Low,19.25,1.1842470926444972,5723,Offer contract upgrade,,,,,,
8221-HVAYI,0.017088688086094653,Low,69.15,1.1816827811534454,5724,Relationship check-in,,,,,,
8387-UGUSU,0.05866142337251693,Low,20.05,1.1761615386189646,5725,Offer contract upgrade,,,,,,
1218-VKFPE,0.061893170864809416,Low,19.0,1.1759702464313788,5726,Offer contract upgrade,,,,,,
6131-IUNXN,0.058033986734977276,Low,20.2,1.172286532046541,5727,Offer contract upgrade,,,,,,
2451-YMUXS,0.018132505769497497,Low,64.55,1.1704532474210634,5728,Relationship check-in,,,,,,
9236-NDUCW,0.033261142235516156,Low,35.1,1.1674660924666171,5729,Offer backup package,,,,,,
5863-OOKCL,0.06192621464417627,Low,18.85,1.1673091460427227,5730,Offer contract upgrade,,,,,,
8681-ICONS,0.05638381142529934,Low,20.65,1.1643257059324315,5731,Offer contract upgrade,,,,,,
4782-OSFXZ,0.014053516386833003,Low,82.7,1.1622258051910894,5732,Relationship check-in,,,,,,
9871-ELEYA,0.01716978822518616,Low,67.65,1.1615361734338439,5733,Offer backup package,,,,,,
6177-PEVRA,0.020895168360364577,Low,55.5,1.159681844000234,5734,Offer technical support,,,,,,
2192-CKRLV,0.023551208184817284,Low,49.2,1.1587194426930105,5735,Offer technical support,,,,,,
0602-DDUML,0.01656850409547575,Low,69.75,1.1556531606594336,5736,Offer security package,,,,,,
2969-VAPYH,0.019099085303815627,Low,60.5,1.1554946608808454,5737,Relationship check-in,,,,,,
5384-ZTTWP,0.05835790841698259,Low,19.8,1.1554865866562554,5738,Offer contract upgrade,,,,,,
2498-XLDZR,0.01569415222561032,Low,73.6,1.1550896038049197,5739,Relationship check-in,,,,,,
6169-PGNCD,0.015485300318256685,Low,74.3,1.1505578136464716,5740,Relationship check-in,,,,,,
0556-FJEGU,0.016400975281617155,Low,70.1,1.1497083672413624,5741,Offer security package,,,,,,
5537-UXXVS,0.059638183763475884,Low,19.25,1.1480350374469108,5742,Offer contract upgrade,,,,,,
8573-CGOCC,0.05812482057610591,Low,19.75,1.1479652063780916,5743,Offer contract upgrade,,,,,,
4751-ERMAN,0.015174803074071697,Low,75.4,1.144180151785006,5744,Offer technical support,,,,,,
2171-UDMFD,0.058818326387309376,Low,19.45,1.1440164482331674,5745,Offer contract upgrade,,,,,,
7359-SSBJK,0.01626430923829031,Low,70.2,1.1417545085279797,5746,Relationship check-in,,,,,,
6064-ZATLR,0.021560780108651333,Low,52.85,1.1394872287422229,5747,Offer technical support,,,,,,
9803-FTJCG,0.017043769564599152,Low,66.85,1.1393759953934532,5748,Relationship check-in,,,,,,
3889-VWBID,0.013739961205082698,Low,82.85,1.1383557858411013,5749,Relationship check-in,,,,,,
7564-GHCVB,0.014382204949777155,Low,79.05,1.136913301279884,5750,Offer technical support,,,,,,
6762-QVYJO,0.01899918778614013,Low,59.75,1.1352014702218727,5751,Offer backup package,,,,,,
9385-NXKDA,0.013721170569670793,Low,82.65,1.1340547475832912,5752,Offer technical support,,,,,,
1552-CZCLL,0.05648023085957601,Low,20.0,1.1296046171915202,5753,Offer contract upgrade,,,,,,
6625-IUTTT,0.01723030349980769,Low,65.55,1.129446394412394,5754,Offer technical support,,,,,,
8631-NBHFZ,0.01421638617397476,Low,79.4,1.1287810622135959,5755,Relationship check-in,,,,,,
8990-YOZLV,0.01686086432770832,Low,66.9,1.1279918235236865,5756,Relationship check-in,,,,,,
4999-IEZLT,0.0382220329057199,Low,29.45,1.125638869073451,5757,Offer security package,,,,,,
3902-MIVLE,0.014859872873845619,Low,75.7,1.1248923765501133,5758,Offer backup package,,,,,,
3891-NLXJB,0.027700816647626178,Low,40.55,1.1232681150612414,5759,Relationship check-in,,,,,,
3813-DHBBB,0.0220246442252527,Low,50.95,1.1221556232766252,5760,Relationship check-in,,,,,,
4367-NUYAO,0.043524605522454685,Low,25.75,1.1207585922032082,5761,Early-tenure retention outreach,,,,,,
5917-HBSDW,0.05784677183435429,Low,19.35,1.1193350349947557,5762,Offer contract upgrade,,,,,,
3533-UVMOM,0.015770375639008405,Low,70.95,1.1189081515876464,5763,Offer technical support,,,,,,
5248-KWLAR,0.012381324870064225,Low,90.35,1.1186527020103025,5764,Review pricing or offer,,,,,,
7321-ZNSLA,0.027576907545855723,Low,40.55,1.1182436009844494,5765,Relationship check-in,,,,,,
3067-SVMTC,0.019993132149595787,Low,55.9,1.1176160871624046,5766,Offer backup package,,,,,,
5468-BPMMO,0.056745777011173774,Low,19.6,1.112217229419006,5767,Offer contract upgrade,,,,,,
9860-LISIZ,0.05447887884416773,Low,20.35,1.1086451844788134,5768,Offer contract upgrade,,,,,,
2809-ILCYT,0.041245526710592166,Low,26.8,1.10538011584387,5769,Relationship check-in,,,,,,
6463-MVYRY,0.01579869712296817,Low,69.85,1.1035389940393265,5770,Offer backup package,,,,,,
2120-SMPEX,0.05461193023309921,Low,20.15,1.100430394196949,5771,Offer contract upgrade,,,,,,
3213-VVOLG,0.0433708227378497,Low,25.35,1.09945035640449,5772,Early-tenure retention outreach,,,,,,
4254-QPEDE,0.016591687171806965,Low,66.25,1.0991992751322115,5773,Relationship check-in,,,,,,
6695-AMZUF,0.012658948444103108,Low,86.45,1.0943660929927137,5774,Relationship check-in,,,,,,
5457-COLHT,0.013559581790726619,Low,80.65,1.093580271422102,5775,Relationship check-in,,,,,,
5135-RDDQL,0.021537427555389958,Low,50.65,1.0908707056805014,5776,Offer technical support,,,,,,
8050-XGRVL,0.019901975379828872,Low,54.75,1.0896331520456308,5777,Offer technical support,,,,,,
3374-PZLXD,0.0553054734095228,Low,19.7,1.089517826167599,5778,Offer contract upgrade,,,,,,
7633-MVPUY,0.01822294132209275,Low,59.75,1.088820743995042,5779,Promote automatic payment,,,,,,
5148-ORICT,0.014621846662449995,Low,74.35,1.087134299353157,5780,Relationship check-in,,,,,,
5025-GOOKI,0.05747043043051955,Low,18.9,1.0861911351368194,5781,Offer contract upgrade,,,,,,
8125-QPFJD,0.012783828230436613,Low,84.9,1.0853470167640684,5782,Offer backup package,,,,,,
2176-LVPNX,0.0120701168728756,Low,89.85,1.0845000010278727,5783,Relationship check-in,,,,,,
0795-LAFGP,0.011991697998870865,Low,90.4,1.0840494990979264,5784,Review pricing or offer,,,,,,
7047-YXDMZ,0.05419150851514632,Low,20.0,1.0838301703029265,5785,Offer contract upgrade,,,,,,
6551-ZCOTS,0.043461400357808454,Low,24.9,1.0821888689094303,5786,Relationship check-in,,,,,,
1221-GHZEP,0.016599826939385533,Low,65.1,1.080648733753998,5787,Offer backup package,,,,,,
8316-BBQAY,0.018023314329648668,Low,59.95,1.0804976940624378,5788,Offer backup package,,,,,,
2882-WDTBA,0.014261197354654025,Low,75.75,1.0802856996150423,5789,Relationship check-in,,,,,,
3950-VPYJB,0.018094258494248738,Low,59.6,1.0784178062572247,5790,Relationship check-in,,,,,,
7579-KKLOE,0.011814756998925082,Low,91.25,1.0780965761519137,5791,Review pricing or offer,,,,,,
1084-MNSMJ,0.012587014284789365,Low,85.5,1.0761897213494906,5792,Relationship check-in,,,,,,
3566-CAAYU,0.021553104330318516,Low,49.85,1.074422250866378,5793,Offer security package,,,,,,
0895-LNKRC,0.0552024284382897,Low,19.45,1.0736872331247347,5794,Early-tenure retention outreach,,,,,,
6506-EYCNH,0.05486672258508993,Low,19.55,1.0726444265385082,5795,Offer contract upgrade,,,,,,
4632-XJMEX,0.01694139107648215,Low,62.85,1.0647664291569032,5796,Relationship check-in,,,,,,
0017-DINOC,0.02353888025034707,Low,45.2,1.0639573873156878,5797,Offer backup package,,,,,,
5176-OLSKT,0.01582754021400627,Low,66.9,1.0588624403170195,5798,Offer technical support,,,,,,
3283-WCWXT,0.041674879989342634,Low,25.4,1.0585419517293029,5799,Early-tenure retention outreach,,,,,,
6924-TDGMT,0.05133972877622217,Low,20.55,1.0550314263513656,5800,Relationship check-in,,,,,,
5993-JSUWV,0.017221795505519933,Low,61.15,1.0531127951625439,5801,Offer technical support,,,,,,
7762-ONLJY,0.05323439792773553,Low,19.7,1.04871763917639,5802,Early-tenure retention outreach,,,,,,
5656-MJEFC,0.021746365207427665,Low,48.15,1.0470874847376421,5803,Offer backup package,,,,,,
5676-CFLYY,0.014232720095877968,Low,73.35,1.0439700190326489,5804,Offer security package,,,,,,
6203-HBZPA,0.016305012471378274,Low,63.9,1.0418902969210717,5805,Relationship check-in,,,,,,
8752-IMQOS,0.05180642540695774,Low,20.1,1.0413091506798506,5806,Early-tenure retention outreach,,,,,,
1577-HKTFG,0.05282844947863712,Low,19.65,1.0380790322552194,5807,Offer contract upgrade,,,,,,
0230-WEQUW,0.018245456685556237,Low,56.6,1.032692848402483,5808,Relationship check-in,,,,,,
6147-CBCRA,0.05144269547113238,Low,20.05,1.0314260441962042,5809,Offer contract upgrade,,,,,,
1226-JZNKR,0.051928792954341586,Low,19.8,1.0281901004959635,5810,Promote automatic payment,,,,,,
6388-TABGU,0.018297848768568475,Low,56.15,1.02742420835512,5811,Offer technical support,,,,,,
7197-VOJMM,0.014808598843965654,Low,69.2,1.0247550400024232,5812,Relationship check-in,,,,,,
3387-PLKUI,0.05434035120241884,Low,18.8,1.0215986026054742,5813,Offer contract upgrade,,,,,,
5196-WPYOW,0.016983165471338494,Low,60.05,1.0198390865538765,5814,Relationship check-in,,,,,,
4837-PZTIC,0.024336901340327836,Low,41.9,1.0197161661597363,5815,Offer backup package,,,,,,
3050-RLLXC,0.012547502995907386,Low,81.25,1.019484618417475,5816,Relationship check-in,,,,,,
3823-KYNQY,0.04085211446566955,Low,24.95,1.0192602559184554,5817,Relationship check-in,,,,,,
2335-GSODA,0.025398617013366116,Low,40.1,1.0184845422359812,5818,Offer backup package,,,,,,
3508-VLHCZ,0.011246611352011309,Low,90.55,1.018380657924624,5819,Review pricing or offer,,,,,,
1038-RQOST,0.04911722315067293,Low,20.6,1.0118147969038624,5820,Offer contract upgrade,,,,,,
2164-SOQXL,0.05040153560993778,Low,20.05,1.0105507889792524,5821,Offer contract upgrade,,,,,,
4815-TUMEQ,0.05231845607676083,Low,19.3,1.009746202281484,5822,Relationship check-in,,,,,,
9313-CDOGY,0.051503332917807614,Low,19.6,1.0094653251890293,5823,Offer contract upgrade,,,,,,
9281-CEDRU,0.015737146873964908,Low,64.1,1.0087511146211505,5824,Offer security package,,,,,,
8661-BOYNW,0.011943656745371557,Low,84.4,1.0080446293093595,5825,Offer backup package,,,,,,
7956-XQWGU,0.0518193488649089,Low,19.4,1.0052953679792327,5826,Offer contract upgrade,,,,,,
0361-HJRDX,0.015603208800388721,Low,64.35,1.0040664863050142,5827,Relationship check-in,,,,,,
4102-HLENU,0.015287645021538135,Low,65.65,1.0036338956639785,5828,Offer technical support,,,,,,
2535-PBCGC,0.015546848006206202,Low,64.55,1.0035490388006103,5829,Relationship check-in,,,,,,
1459-QNFQT,0.01683584398503751,Low,59.5,1.0017327171097319,5830,Offer backup package,,,,,,
2296-DKZFP,0.014066968184627547,Low,71.0,0.9987547411085558,5831,Offer technical support,,,,,,
0519-DRGTI,0.04906380917378469,Low,20.35,0.9984485166865185,5832,Offer contract upgrade,,,,,,
7301-ABVAD,0.011508234225839502,Low,86.6,0.9966130839577009,5833,Offer security package,,,,,,
5684-FJVYR,0.01101981336991721,Low,90.35,0.9956401379720198,5834,Review pricing or offer,,,,,,
2862-JVEOY,0.05190736010061889,Low,19.15,0.9940259459268517,5835,Early-tenure retention outreach,,,,,,
9548-ZMVTX,0.010921171728778987,Low,90.45,0.9878199828680594,5836,Review pricing or offer,,,,,,
3470-OBUET,0.013337645060352002,Low,74.0,0.9869857344660481,5837,Relationship check-in,,,,,,
5494-WOZRZ,0.012027392222101417,Low,82.0,0.9862461622123162,5838,Offer backup package,,,,,,
5546-QUERU,0.049363241265300666,Low,19.95,0.9847966632427483,5839,Relationship check-in,,,,,,
7503-MIOGA,0.010953295818293041,Low,89.85,0.9841536292736297,5840,Relationship check-in,,,,,,
6723-CEGQI,0.021748692827455583,Low,45.25,0.9841283504423651,5841,Offer security package,,,,,,
8565-WUXZU,0.011590752755625213,Low,84.8,0.982895833677018,5842,Review fiber service experience,,,,,,
7649-SIJJF,0.012267850761157864,Low,80.1,0.9826548459687449,5843,Relationship check-in,,,,,,
3544-FBCAS,0.011732536307280737,Low,83.6,0.9808400352886696,5844,Offer technical support,,,,,,
3486-HOOGQ,0.012280732078428539,Low,79.7,0.9787743466507546,5845,Relationship check-in,,,,,,
8722-PRFDV,0.01260548951110113,Low,77.55,0.9775557115858925,5846,Offer technical support,,,,,,
5777-ZPQNC,0.048446462814332784,Low,20.15,0.9761962257088055,5847,Promote automatic payment,,,,,,
2061-VVFST,0.050009109924677685,Low,19.5,0.9751776435312148,5848,Offer contract upgrade,,,,,,
9880-TDQAC,0.016239716309913863,Low,60.0,0.9743829785948318,5849,Offer security package,,,,,,
1222-KJNZD,0.047757953874678245,Low,20.4,0.9742622590434361,5850,Offer contract upgrade,,,,,,
8332-OSJDW,0.03655571079125182,Low,26.4,0.965070764889048,5851,Relationship check-in,,,,,,
1699-UOTXU,0.01571538078003884,Low,61.4,0.9649243798943847,5852,Offer technical support,,,,,,
9435-JMLSX,0.01116363380432726,Low,86.1,0.9611888705525771,5853,Relationship check-in,,,,,,
6122-EFVKN,0.026872904438376304,Low,35.75,0.9607063336719529,5854,Offer backup package,,,,,,
3108-PCCGG,0.0113321625130556,Low,84.45,0.9570011242275455,5855,Offer technical support,,,,,,
3298-QEICA,0.027495578749676397,Low,34.6,0.9513470247388034,5856,Offer backup package,,,,,,
9313-QOLTZ,0.04551335719362362,Low,20.9,0.9512291653467336,5857,Offer contract upgrade,,,,,,
9046-DQMTP,0.04557242341886839,Low,20.75,0.9456277859415191,5858,Offer contract upgrade,,,,,,
3547-LQRIK,0.03509222247193489,Low,26.9,0.9439807844950486,5859,Promote automatic payment,,,,,,
7398-HPYZQ,0.010393925896324582,Low,90.55,0.9411699899121909,5860,Review pricing or offer,,,,,,
7131-ZQZNK,0.01570105506989069,Low,59.85,0.9397081459329577,5861,Offer backup package,,,,,,
4163-NCJAK,0.03828129850624169,Low,24.45,0.9359777484776094,5862,Relationship check-in,,,,,,
1022-RKXDR,0.03759482031994657,Low,24.85,0.9342312849506723,5863,Relationship check-in,,,,,,
8218-FFJDS,0.010800832267306826,Low,86.4,0.9331919078953098,5864,Relationship check-in,,,,,,
6419-ZTTLE,0.04463842220817583,Low,20.75,0.9262472608196485,5865,Promote automatic payment,,,,,,
5707-ZMDJP,0.013287776762398564,Low,69.7,0.9261580403391799,5866,Relationship check-in,,,,,,
1866-ZSLJM,0.04517336085973828,Low,20.5,0.9260538976246349,5867,Offer contract upgrade,,,,,,
9769-TSBZE,0.01398473236187625,Low,66.0,0.9229923358838324,5868,Promote automatic payment,,,,,,
0536-BGFMZ,0.04495947029039155,Low,20.5,0.9216691409530269,5869,Offer contract upgrade,,,,,,
6461-SZMCV,0.010467094542608737,Low,87.95,0.9205809650224385,5870,Relationship check-in,,,,,,
9675-ICXCT,0.011387794652097752,Low,80.8,0.9201338078894984,5871,Offer backup package,,,,,,
2926-JEJJC,0.045469892491633156,Low,20.2,0.9184918283309897,5872,Relationship check-in,,,,,,
9339-FIIJL,0.01067816109011552,Low,85.95,0.9177879456954289,5873,Offer security package,,,,,,
1209-VFFOC,0.016215959887747055,Low,56.4,0.9145801376689339,5874,Relationship check-in,,,,,,
1839-UMACK,0.0363892284780747,Low,25.05,0.9115501733757713,5875,Promote automatic payment,,,,,,
4973-MGTON,0.010799868470554832,Low,84.4,0.9115088989148279,5876,Relationship check-in,,,,,,
1498-DQNRX,0.045741994634395496,Low,19.85,0.9079785934927507,5877,Offer contract upgrade,,,,,,
7018-FPXHH,0.015147997128345293,Low,59.8,0.9058502282750485,5878,Offer technical support,,,,,,
2160-GPFXD,0.013759697580674253,Low,65.65,0.9033241461712648,5879,Relationship check-in,,,,,,
4827-DPADN,0.0107963398237281,Low,83.3,0.8993351073165506,5880,Offer backup package,,,,,,
0967-BMLBD,0.044832119373455846,Low,20.0,0.896642387469117,5881,Relationship check-in,,,,,,
7089-RKVSZ,0.03665995393816724,Low,24.4,0.8945028760912807,5882,Relationship check-in,,,,,,
2954-PIBKO,0.01392429603509459,Low,64.15,0.893243590651318,5883,Offer backup package,,,,,,
8084-OIVBS,0.0446490104461267,Low,20.0,0.892980208922534,5884,Relationship check-in,,,,,,
2725-TTRIQ,0.010605322773787292,Low,84.2,0.8929681775528899,5885,Offer backup package,,,,,,
9674-EHPPG,0.022084134574737964,Low,40.4,0.8921990368194137,5886,Offer backup package,,,,,,
8631-XVRZL,0.04424795464172751,Low,20.15,0.8915962860308093,5887,Relationship check-in,,,,,,
0440-EKDCF,0.01481422674726482,Low,60.15,0.8910757388479789,5888,Offer security package,,,,,,
9498-FIMXL,0.04630958638071912,Low,19.2,0.8891440585098072,5889,Relationship check-in,,,,,,
1971-DTCZB,0.0097743165080264,Low,90.95,0.8889740864050012,5890,Review pricing or offer,,,,,,
3423-HHXAO,0.045468540603661574,Low,19.5,0.8866365417714007,5891,Relationship check-in,,,,,,
9150-KPBJQ,0.04505062227978155,Low,19.65,0.8852447277977074,5892,Early-tenure retention outreach,,,,,,
6374-AFWOX,0.013483993304792009,Low,65.65,0.8852241604595955,5893,Relationship check-in,,,,,,
8146-QQKZH,0.01077302156187586,Low,81.85,0.8817718148395391,5894,Offer backup package,,,,,,
5181-OABFK,0.014376388058913383,Low,61.3,0.8812725880113903,5895,Offer technical support,,,,,,
1552-TKMXS,0.04325581527536361,Low,20.35,0.8802558408536495,5896,Offer contract upgrade,,,,,,
2194-IIQOF,0.00978409063040087,Low,89.3,0.8737192932947976,5897,Relationship check-in,,,,,,
3779-OSWCF,0.00936947537981642,Low,93.2,0.8732351053988904,5898,Review pricing or offer,,,,,,
7349-ALMUX,0.013304991294451523,Low,65.6,0.8728074289160198,5899,Relationship check-in,,,,,,
8587-XYZSF,0.017217151510799607,Low,50.55,0.8703270088709201,5900,Offer security package,,,,,,
0343-QLUZP,0.021834951143971514,Low,39.6,0.8646640653012719,5901,Offer technical support,,,,,,
0023-UYUPN,0.0343034715010914,Low,25.2,0.8644474818275032,5902,Promote automatic payment,,,,,,
0114-IGABW,0.014830620723422755,Low,58.25,0.8638836571393754,5903,Offer security package,,,,,,
9297-EONCV,0.009440776365339562,Low,91.35,0.8624149209737689,5904,Review pricing or offer,,,,,,
4018-KJYUY,0.04264659126111937,Low,20.15,0.8593288139115551,5905,Offer contract upgrade,,,,,,
1716-LSAMB,0.01570666192208692,Low,54.65,0.8583690740420502,5906,Offer backup package,,,,,,
4872-JCVCA,0.01795686921914581,Low,47.6,0.8547469748313405,5907,Relationship check-in,,,,,,
2253-KPMNB,0.018447219073425218,Low,46.25,0.8531838821459163,5908,Relationship check-in,,,,,,
4933-IKULF,0.04129983197857016,Low,20.65,0.8528415303574737,5909,Relationship check-in,,,,,,
5248-RPYWW,0.00938485548196444,Low,90.15,0.8460447216990943,5910,Review pricing or offer,,,,,,
4188-PCPIG,0.012005827584508771,Low,70.35,0.844609970570192,5911,Relationship check-in,,,,,,
2226-ICFDO,0.009820271137474744,Low,85.9,0.8435612907090805,5912,Offer backup package,,,,,,
5372-FBKBN,0.04052136555517611,Low,20.75,0.8408183352699042,5913,Offer contract upgrade,,,,,,
9066-QRSDU,0.031917366251024426,Low,26.3,0.8394267324019424,5914,Promote automatic payment,,,,,,
3933-DQPWX,0.02109550211969132,Low,39.7,0.8374914341517455,5915,Offer security package,,,,,,
1227-UDMZR,0.00915446415002908,Low,91.15,0.8344294072751507,5916,Review pricing or offer,,,,,,
0191-EQUUH,0.023804543885734504,Low,35.05,0.8343492631949943,5917,Offer backup package,,,,,,
9184-GALIL,0.04073476718852424,Low,20.45,0.8330259890053208,5918,Offer contract upgrade,,,,,,
7306-YDSOI,0.01393690240646593,Low,59.75,0.8327299187863393,5919,Offer technical support,,,,,,
2520-SGTTA,0.04162460840331707,Low,20.0,0.8324921680663413,5920,Early-tenure retention outreach,,,,,,
6656-GULJQ,0.00992268422556252,Low,83.55,0.8290402670457485,5921,Offer backup package,,,,,,
2085-JVGAD,0.04069163258879355,Low,20.35,0.8280747231819487,5922,Offer contract upgrade,,,,,,
4378-BZYFP,0.040333263441203415,Low,20.5,0.82683190054467,5923,Relationship check-in,,,,,,
0221-NAUXK,0.041412341888214035,Low,19.95,0.82617622066987,5924,Relationship check-in,,,,,,
6016-LVTJQ,0.039968953806223104,Low,20.65,0.825358896098507,5925,Offer contract upgrade,,,,,,
5067-WJEUN,0.015169758568750793,Low,54.2,0.8222009144262931,5926,Offer technical support,,,,,,
5329-KRDTM,0.01061422162536345,Low,77.35,0.8210100427218628,5927,Offer security package,,,,,,
5789-LDFXO,0.03336257495736644,Low,24.6,0.8207193439512145,5928,Promote automatic payment,,,,,,
3512-IZIKN,0.012561721936127253,Low,65.3,0.8202804424291096,5929,Offer backup package,,,,,,
6119-SPUDB,0.021440153957299823,Low,38.25,0.8200858888667182,5930,Offer backup package,,,,,,
9142-XMYJH,0.042346753287233474,Low,19.35,0.8194096761079678,5931,Offer contract upgrade,,,,,,
8573-JGCZW,0.04158194452360341,Low,19.65,0.8170852098888071,5932,Relationship check-in,,,,,,
6701-DHKWQ,0.015905930634566138,Low,51.35,0.8167695380849712,5933,Offer security package,,,,,,
7196-LIWRH,0.04166611436002675,Low,19.55,0.814572535738523,5934,Early-tenure retention outreach,,,,,,
7407-SUJIZ,0.03952430345391111,Low,20.6,0.8142006511505688,5935,Offer contract upgrade,,,,,,
3398-GCPMU,0.00905544420416448,Low,89.55,0.8109150284829292,5936,Relationship check-in,,,,,,
8075-GXIUB,0.0407961090549289,Low,19.85,0.8098027647403387,5937,Relationship check-in,,,,,,
0804-YGEQV,0.03311039217417967,Low,24.45,0.809549088658693,5938,Relationship check-in,,,,,,
6885-PKOAM,0.009437246036621348,Low,85.75,0.8092438476402806,5939,Relationship check-in,,,,,,
5248-YGIJN,0.00896251196859134,Low,90.25,0.8088667051653684,5940,Review pricing or offer,,,,,,
7665-NKLAV,0.019878991933762195,Low,40.65,0.8080810221074332,5941,Offer backup package,,,,,,
7644-OMVMY,0.04067987207618869,Low,19.85,0.8074954607123456,5942,Early-tenure retention outreach,,,,,,
6166-YIPFO,0.01247364800306378,Low,64.7,0.8070450257982267,5943,Promote automatic payment,,,,,,
2824-DXNKN,0.011291519541563001,Low,71.45,0.8067790712446764,5944,Offer technical support,,,,,,
5117-ZSMHQ,0.008967638709255802,Low,89.9,0.8061907199620966,5945,Relationship check-in,,,,,,
3146-MSEGF,0.009134653996020058,Low,88.05,0.8043062843495661,5946,Relationship check-in,,,,,,
3378-AJRAO,0.03228860215691871,Low,24.85,0.8023717635994299,5947,Promote automatic payment,,,,,,
5260-UMPWX,0.03960546966002323,Low,20.25,0.8020107606154704,5948,Offer contract upgrade,,,,,,
9778-OGKQZ,0.008717479246074385,Low,92.0,0.8020080906388434,5949,Review pricing or offer,,,,,,
3705-PSNGL,0.0391243716343077,Low,20.4,0.7981371813398771,5950,Promote automatic payment,,,,,,
2667-WYLWJ,0.04023157482507919,Low,19.75,0.7945736027953141,5951,Relationship check-in,,,,,,
5997-OPVFA,0.008919036210082323,Low,89.05,0.7942401745078308,5952,Relationship check-in,,,,,,
8242-PDSGJ,0.02021606247429978,Low,39.15,0.7914588458688363,5953,Offer backup package,,,,,,
5377-NDTOU,0.008679125765994758,Low,91.05,0.7902344009938227,5954,Review pricing or offer,,,,,,
9229-RQABD,0.03318195843140398,Low,23.75,0.7880715127458445,5955,Relationship check-in,,,,,,
3239-TPHPZ,0.03930204783250191,Low,20.05,0.7880060590416633,5956,Promote automatic payment,,,,,,
0956-SYCWG,0.03984832356913284,Low,19.65,0.7830195581334604,5957,Promote automatic payment,,,,,,
2387-KDZQY,0.038938963208973575,Low,20.1,0.782673160500369,5958,Relationship check-in,,,,,,
2030-BTZRO,0.038291641536775056,Low,20.4,0.7811494873502111,5959,Early-tenure retention outreach,,,,,,
4194-FJARJ,0.013015945996282342,Low,60.0,0.7809567597769406,5960,Offer backup package,,,,,,
5980-BDHPY,0.00895304602793611,Low,87.1,0.7798103090332351,5961,Relationship check-in,,,,,,
0754-EEBDC,0.03908975796712428,Low,19.9,0.7778861835457731,5962,Early-tenure retention outreach,,,,,,
1897-RCFUM,0.03211477353112513,Low,24.2,0.7771775194532281,5963,Relationship check-in,,,,,,
8780-RSYYU,0.04041926771122558,Low,19.2,0.7760499400555311,5964,Offer contract upgrade,,,,,,
0661-KQHNK,0.040488153713414195,Low,19.0,0.7692749205548697,5965,Early-tenure retention outreach,,,,,,
8595-SIZNC,0.03001540117618123,Low,25.6,0.7683942701102395,5966,Relationship check-in,,,,,,
5642-MHDQT,0.03846516709068929,Low,19.85,0.7635335667501825,5967,Relationship check-in,,,,,,
1015-JPFYW,0.03902186995390587,Low,19.45,0.7589753706034692,5968,Relationship check-in,,,,,,
6765-MBQNU,0.029145551942105427,Low,26.0,0.7577843504947411,5969,Relationship check-in,,,,,,
1915-OAKWD,0.039233969525075504,Low,19.3,0.7572156118339572,5970,Relationship check-in,,,,,,
2077-DDHJK,0.010670103687310875,Low,70.9,0.7565103514303411,5971,Relationship check-in,,,,,,
5338-YHWYT,0.012270643992966042,Low,61.45,0.7540310733677633,5972,Relationship check-in,,,,,,
0562-KBDVM,0.01686978412598244,Low,44.6,0.7523923720188168,5973,Relationship check-in,,,,,,
4707-YNOQA,0.02933404347219316,Low,25.6,0.750951512888145,5974,Relationship check-in,,,,,,
5512-IDZEI,0.03002542527946812,Low,24.9,0.7476330894587562,5975,Promote automatic payment,,,,,,
9993-LHIEB,0.011018253788757206,Low,67.85,0.7475885195671763,5976,Offer backup package,,,,,,
8612-GXIDD,0.029424616283336244,Low,25.4,0.7473852535967406,5977,Relationship check-in,,,,,,
1680-VDCWW,0.037716680575658405,Low,19.8,0.7467902753980364,5978,Relationship check-in,,,,,,
6701-YVNQG,0.00839277301100301,Low,88.7,0.744438966075967,5979,Relationship check-in,,,,,,
9891-NQDBD,0.029122085430927563,Low,25.55,0.7440692827601992,5980,Relationship check-in,,,,,,
3372-CDXFJ,0.03033831397331419,Low,24.5,0.7432886923461977,5981,Relationship check-in,,,,,,
4425-OWHWB,0.038363686043493626,Low,19.35,0.7423373249416018,5982,Relationship check-in,,,,,,
3887-PBQAO,0.028529714255196126,Low,25.9,0.7389195992095796,5983,Relationship check-in,,,,,,
3200-MNQTF,0.010404942949832657,Low,70.9,0.7377104551431355,5984,Relationship check-in,,,,,,
5186-PEIZU,0.03824059790184425,Low,19.25,0.7361315096105019,5985,Offer contract upgrade,,,,,,
7649-PHJVR,0.03773088473769472,Low,19.5,0.7357522523850469,5986,Relationship check-in,,,,,,
5208-FVQKB,0.010799211853460465,Low,67.95,0.7338064454426386,5987,Relationship check-in,,,,,,
7274-CGTOD,0.016785399936008354,Low,43.7,0.733521977203565,5988,Relationship check-in,,,,,,
8197-BFWVU,0.007864446667350861,Low,93.25,0.7333596517304678,5989,Review pricing or offer,,,,,,
0203-HHYIJ,0.028980457218108546,Low,25.3,0.7332055676181463,5990,Relationship check-in,,,,,,
5995-WWKKG,0.0367513361766656,Low,19.8,0.727676456297979,5991,Promote automatic payment,,,,,,
2592-HODOV,0.037669826703588156,Low,19.3,0.7270276553792514,5992,Relationship check-in,,,,,,
4451-RWASJ,0.03720137981640739,Low,19.5,0.7254269064199441,5993,Relationship check-in,,,,,,
3115-CZMZD,0.035813271089753344,Low,20.25,0.7252187395675053,5994,Early-tenure retention outreach,,,,,,
5602-BVFMK,0.037567359085919856,Low,19.3,0.7250500303582532,5995,Relationship check-in,,,,,,
6408-WHTEF,0.008107616084876456,Low,89.4,0.7248208779879552,5996,Relationship check-in,,,,,,
6695-FRVEC,0.011979619571753808,Low,60.4,0.7235690221339299,5997,Offer backup package,,,,,,
3549-ZTMNH,0.03008818147108005,Low,24.0,0.7221163553059211,5998,Relationship check-in,,,,,,
5472-CVMDX,0.01849831256908382,Low,38.9,0.7195843589373606,5999,Offer backup package,,,,,,
0363-SVHYR,0.008269764921043643,Low,86.85,0.7182290833926404,6000,Relationship check-in,,,,,,
1429-UYJSV,0.036434785250557065,Low,19.7,0.7177652694359742,6001,Relationship check-in,,,,,,
3530-VWVGU,0.03599002055889821,Low,19.9,0.7162014091220743,6002,Offer contract upgrade,,,,,,
7817-OMJNA,0.035086622237986094,Low,20.4,0.7157670936549163,6003,Relationship check-in,,,,,,
0487-VVUVK,0.03731598193714016,Low,19.15,0.7146010540962341,6004,Offer contract upgrade,,,,,,
8076-FEZKJ,0.03661970853703813,Low,19.5,0.7140843164722436,6005,Relationship check-in,,,,,,
1964-SVLEA,0.03619715845763069,Low,19.7,0.7130840216153246,6006,Relationship check-in,,,,,,
3948-KXDUF,0.010368359605355003,Low,68.75,0.7128247228681565,6007,Relationship check-in,,,,,,
3556-BVQGL,0.03551546087783894,Low,20.0,0.7103092175567788,6008,Relationship check-in,,,,,,
0730-BGQGF,0.00783692460095899,Low,90.3,0.7076742914665968,6009,Review pricing or offer,,,,,,
4012-YCFAI,0.011535010448362982,Low,61.35,0.707672891007069,6010,Relationship check-in,,,,,,
1116-FRYVH,0.01795916253334993,Low,39.4,0.7075910038139872,6011,Relationship check-in,,,,,,
2673-ZALNP,0.03553338546980482,Low,19.9,0.7071143708491159,6012,Relationship check-in,,,,,,
4616-EWBNJ,0.03517383504144301,Low,20.1,0.7069940843330046,6013,Relationship check-in,,,,,,
5095-ETBRJ,0.01240898432850752,Low,56.8,0.7048303098592271,6014,Relationship check-in,,,,,,
7599-NTMDP,0.014462704671839336,Low,48.7,0.7043337175185757,6015,Relationship check-in,,,,,,
4597-ELFTS,0.028219537025985984,Low,24.9,0.7026664719470509,6016,Promote automatic payment,,,,,,
1051-EQPZR,0.035824907922660465,Low,19.6,0.7021681952841452,6017,Offer contract upgrade,,,,,,
4077-HWUYD,0.008012366254238354,Low,87.55,0.7014826655585679,6018,Relationship check-in,,,,,,
3717-FDJFU,0.03424190262552364,Low,20.45,0.7002469086919584,6019,Early-tenure retention outreach,,,,,,
8958-JPTRR,0.02878840991924607,Low,24.3,0.6995583610376795,6020,Promote automatic payment,,,,,,
4203-QGNZA,0.034454842884255946,Low,20.25,0.697710568406183,6021,Offer contract upgrade,,,,,,
5727-MYATE,0.0076720100751581435,Low,90.8,0.6966185148243594,6022,Review pricing or offer,,,,,,
3938-YFPXD,0.008238874249748937,Low,84.3,0.6945370992538353,6023,Offer backup package,,,,,,
6532-YLWSI,0.033377400912900305,Low,20.8,0.6942499389883264,6024,Relationship check-in,,,,,,
4584-LBNMK,0.028074273899056357,Low,24.7,0.693434565306692,6025,Relationship check-in,,,,,,
4674-HGNUA,0.007700171116316774,Low,89.9,0.692245383356878,6026,Relationship check-in,,,,,,
3043-SUDUA,0.03476048945570331,Low,19.9,0.6917337401684958,6027,Offer contract upgrade,,,,,,
7596-ZYWBB,0.01160125539901078,Low,59.6,0.6914348217810425,6028,Relationship check-in,,,,,,
2550-QHZGP,0.03543629620361448,Low,19.5,0.6910077759704824,6029,Relationship check-in,,,,,,
4723-BEGSG,0.007966589236638854,Low,86.65,0.6903049573547567,6030,Offer backup package,,,,,,
1951-IEYXM,0.007602118642046274,Low,90.6,0.6887519489693924,6031,Review pricing or offer,,,,,,
8046-DNVTL,0.017796243702817266,Low,38.6,0.6869350069287465,6032,Relationship check-in,,,,,,
7168-HDQHG,0.03568451104279786,Low,19.2,0.6851426120217189,6033,Offer contract upgrade,,,,,,
5614-DNZCE,0.010533479045437564,Low,64.9,0.6836227900488979,6034,Relationship check-in,,,,,,
5313-FPXWG,0.02775045609600209,Low,24.6,0.6826612199616515,6035,Relationship check-in,,,,,,
8510-BBWMU,0.03451181047328978,Low,19.75,0.6816082568474732,6036,Relationship check-in,,,,,,
2351-RRBUE,0.032970227539432934,Low,20.65,0.68083519868929,6037,Relationship check-in,,,,,,
3219-JQRSL,0.007633273849508433,Low,89.1,0.6801246999912013,6038,Relationship check-in,,,,,,
3506-OVLKD,0.02594579165835857,Low,26.2,0.6797797414489944,6039,Relationship check-in,,,,,,
4992-LTJNE,0.012285331119785945,Low,55.3,0.6793788109241627,6040,Offer technical support,,,,,,
6746-WAUWT,0.0344687786805222,Low,19.7,0.6790349400062873,6041,Relationship check-in,,,,,,
1027-LKKQQ,0.008433758398413762,Low,80.45,0.6784958631523872,6042,Offer backup package,,,,,,
0019-GFNTW,0.015013487738295651,Low,45.05,0.676357622610219,6043,Relationship check-in,,,,,,
9220-CXRSC,0.010996280312458605,Low,61.4,0.6751716111849583,6044,Offer backup package,,,,,,
2234-EOFPT,0.008499444828218223,Low,79.35,0.674430947119116,6045,Relationship check-in,,,,,,
5227-JSCFE,0.014536806383566022,Low,46.35,0.6737809758782851,6046,Relationship check-in,,,,,,
7446-SFAOA,0.033906851487078234,Low,19.85,0.673051002018503,6047,Relationship check-in,,,,,,
7998-WNZEM,0.008338432646690892,Low,80.6,0.6720776713232858,6048,Relationship check-in,,,,,,
1930-BZLHI,0.032971328419917074,Low,20.35,0.6709665333453125,6049,Relationship check-in,,,,,,
7353-YOWFP,0.03307076329950045,Low,20.25,0.6696829568148841,6050,Relationship check-in,,,,,,
9091-WTUUY,0.009668255417282919,Low,69.25,0.6695266876468421,6051,Offer backup package,,,,,,
1371-OJCEK,0.027476854035520522,Low,24.35,0.6690613957649247,6052,Relationship check-in,,,,,,
0829-DDVLK,0.03321071641658847,Low,20.1,0.6675353999734284,6053,Relationship check-in,,,,,,
9442-JTWDL,0.033223444137363806,Low,20.05,0.6661300549541443,6054,Relationship check-in,,,,,,
8717-VCTXJ,0.033672650066179956,Low,19.55,0.6583003087938182,6055,Relationship check-in,,,,,,
4718-WXBGI,0.007154237170794967,Low,91.95,0.6578321078545972,6056,Review pricing or offer,,,,,,
4537-CIBHB,0.03246554997483715,Low,20.25,0.6574273869904523,6057,Relationship check-in,,,,,,
1345-ZUKID,0.03379500626363121,Low,19.35,0.6539333712012639,6058,Relationship check-in,,,,,,
0885-HMGPY,0.009421680994008492,Low,69.4,0.6538646609841894,6059,Relationship check-in,,,,,,
3146-JTQHR,0.03335962654719467,Low,19.6,0.6538486803250155,6060,Relationship check-in,,,,,,
7554-NEWDD,0.02542680823502618,Low,25.7,0.6534689716401728,6061,Relationship check-in,,,,,,
0057-QBUQH,0.025828560557642065,Low,25.1,0.6482968699968159,6062,Promote automatic payment,,,,,,
3082-WQRVY,0.032933868174421774,Low,19.65,0.6471505096273878,6063,Relationship check-in,,,,,,
1952-DVVSW,0.03210004299479002,Low,20.1,0.6452108641952795,6064,Relationship check-in,,,,,,
4359-INNWN,0.0321738274148642,Low,20.05,0.6450852396680272,6065,Relationship check-in,,,,,,
1763-KUAAW,0.03164200210761898,Low,20.35,0.6439147428900462,6066,Relationship check-in,,,,,,
3084-DOWLE,0.006996498274135467,Low,92.0,0.643677841220463,6067,Review pricing or offer,,,,,,
7665-VIGUD,0.031610584951962575,Low,20.35,0.6432754037724384,6068,Relationship check-in,,,,,,
2274-XUATA,0.010184479910797913,Low,63.1,0.6426406823713483,6069,Relationship check-in,,,,,,
0531-XBKMM,0.009780344957214632,Low,65.7,0.6425686636890013,6070,Relationship check-in,,,,,,
5781-RFZRP,0.008731247976131434,Low,73.5,0.6417467262456604,6071,Relationship check-in,,,,,,
7162-WPHPM,0.008959722479484709,Low,71.6,0.641516129531105,6072,Relationship check-in,,,,,,
3750-YHRYO,0.031053750402795715,Low,20.65,0.6412599458177315,6073,Relationship check-in,,,,,,
5993-BQHEA,0.03194383886334664,Low,20.05,0.6404739692101001,6074,Relationship check-in,,,,,,
1038-ZAGBI,0.03230424409836015,Low,19.8,0.639624033147531,6075,Relationship check-in,,,,,,
2162-FRZAA,0.01620873224560907,Low,39.35,0.637813613864717,6076,Offer security package,,,,,,
2788-CJQAQ,0.032596590556264154,Low,19.45,0.6340036863193378,6077,Relationship check-in,,,,,,
0336-KXKFK,0.010338977051285076,Low,61.2,0.6327453955386467,6078,Offer backup package,,,,,,
4291-TPNFG,0.0076804866401450084,Low,82.3,0.6321040504839341,6079,Relationship check-in,,,,,,
3884-UEBXB,0.017482770831380293,Low,36.15,0.6320021655543976,6080,Offer technical support,,,,,,
6288-CHQJB,0.009029187729496882,Low,69.95,0.6315916816783069,6081,Offer backup package,,,,,,
6368-TZZDT,0.032389198850582,Low,19.5,0.631589377586349,6082,Early-tenure retention outreach,,,,,,
7898-PDWQE,0.007855127358171028,Low,80.4,0.6315522395969506,6083,Relationship check-in,,,,,,
7996-BPXHY,0.02520644187366963,Low,25.0,0.6301610468417407,6084,Relationship check-in,,,,,,
3795-GWTRD,0.00831848662515814,Low,75.55,0.6284616645306975,6085,Relationship check-in,,,,,,
5039-LZRQT,0.031021169530040315,Low,20.2,0.6266276245068143,6086,Relationship check-in,,,,,,
1760-CAZHT,0.030107854159740145,Low,20.8,0.626243366522595,6087,Offer contract upgrade,,,,,,
7963-SHNDT,0.015984485330261665,Low,39.1,0.6249933764132312,6088,Relationship check-in,,,,,,
2907-ILJBN,0.03027996663027238,Low,20.6,0.6237673125836111,6089,Relationship check-in,,,,,,
0422-OHQHQ,0.03033501906962681,Low,20.55,0.623384641880831,6090,Relationship check-in,,,,,,
3721-CNZHX,0.0314809244860612,Low,19.8,0.6233223048240117,6091,Relationship check-in,,,,,,
2320-TZRRH,0.03190965141385263,Low,19.5,0.6222382025701263,6092,Relationship check-in,,,,,,
2682-KEVRP,0.03101422161622151,Low,20.05,0.6218351434052413,6093,Relationship check-in,,,,,,
4334-HOWRP,0.00953306751358686,Low,64.95,0.6191727350074666,6094,Relationship check-in,,,,,,
7527-QNRUS,0.024554134404640313,Low,25.15,0.6175364802767038,6095,Relationship check-in,,,,,,
8374-UULRV,0.007172228440233765,Low,86.05,0.6171702572821155,6096,Relationship check-in,,,,,,
7860-UXCRM,0.00827392640759394,Low,74.5,0.6164075173657486,6097,Relationship check-in,,,,,,
3982-JGSFD,0.030285964297131058,Low,20.35,0.616319373446617,6098,Relationship check-in,,,,,,
5456-ITGIC,0.009541758292489363,Low,64.45,0.6149663219509395,6099,Relationship check-in,,,,,,
9483-GCPWE,0.030561277220087345,Low,20.1,0.6142816721237557,6100,Relationship check-in,,,,,,
1354-YZFNB,0.03138412669743605,Low,19.55,0.6135596769348748,6101,Early-tenure retention outreach,,,,,,
6283-GITPX,0.007953632398947945,Low,76.9,0.611634331479097,6102,Relationship check-in,,,,,,
7677-SJJJK,0.030697988807601613,Low,19.9,0.610889977271272,6103,Relationship check-in,,,,,,
9755-JHNMN,0.00906146448242997,Low,67.4,0.61074270611578,6104,Relationship check-in,,,,,,
0731-EBJQB,0.029938289174453944,Low,20.4,0.6107410991588604,6105,Promote automatic payment,,,,,,
6546-OPBBH,0.02544262464965125,Low,23.95,0.6093508603591474,6106,Relationship check-in,,,,,,
8580-QVLOC,0.006590522588771464,Low,92.45,0.6092938133319218,6107,Review pricing or offer,,,,,,
2332-TODQS,0.02430154913008787,Low,25.05,0.6087538057087012,6108,Relationship check-in,,,,,,
2587-YNLES,0.030260222573754974,Low,20.1,0.608230473732475,6109,Early-tenure retention outreach,,,,,,
7297-DVYGA,0.03062031433604989,Low,19.85,0.6078132395705903,6110,Relationship check-in,,,,,,
5879-HMFFH,0.006888099501513439,Low,88.05,0.6064971611082584,6111,Relationship check-in,,,,,,
7813-TKCVO,0.029717047986917294,Low,20.35,0.604741926533767,6112,Relationship check-in,,,,,,
5846-NEQVZ,0.008519004211243155,Low,70.85,0.6035714483665775,6113,Offer backup package,,,,,,
6754-WKSHP,0.023745677135254575,Low,25.35,0.6019529153787035,6114,Relationship check-in,,,,,,
2324-AALNO,0.02447813882862836,Low,24.55,0.6009383082428262,6115,Relationship check-in,,,,,,
3400-ESFUW,0.010435470850267173,Low,57.55,0.6005613474328758,6116,Relationship check-in,,,,,,
5505-OVWQW,0.02979033343040517,Low,20.15,0.6002752186226641,6117,Relationship check-in,,,,,,
1131-ALZWV,0.024391925366416607,Low,24.6,0.6000413640138486,6118,Relationship check-in,,,,,,
9766-HGEDE,0.031008217191606374,Low,19.35,0.6000090026575834,6119,Relationship check-in,,,,,,
1790-NESIO,0.029385336691066098,Low,20.4,0.5994608684977484,6120,Relationship check-in,,,,,,
6223-DHJGV,0.02902787052308357,Low,20.65,0.5994255263016757,6121,Relationship check-in,,,,,,
3399-BMLVW,0.009886288478282159,Low,60.5,0.5981204529360706,6122,Relationship check-in,,,,,,
6974-DAFLI,0.03026140502664824,Low,19.7,0.5961496790249703,6123,Promote automatic payment,,,,,,
3262-EIDHV,0.007035310739865104,Low,84.7,0.5958908196665743,6124,Offer backup package,,,,,,
6814-ZPWFQ,0.023810341535842813,Low,25.0,0.5952585383960703,6125,Relationship check-in,,,,,,
2990-IAJSV,0.006468215797258018,Low,92.0,0.5950758533477376,6126,Review pricing or offer,,,,,,
6365-HITVU,0.006799145303280409,Low,87.25,0.5932254277112157,6127,Relationship check-in,,,,,,
3935-TBRZZ,0.023010383830851338,Low,25.7,0.5913668644528793,6128,Relationship check-in,,,,,,
8882-TLVRW,0.015122223328363688,Low,39.1,0.5912789321390202,6129,Offer backup package,,,,,,
1333-PBMXB,0.02382559825140267,Low,24.75,0.5896835567222161,6130,Relationship check-in,,,,,,
6897-RWMUB,0.008661164664278657,Low,68.05,0.5893922554041626,6131,Relationship check-in,,,,,,
9795-SHUHB,0.010099829246798812,Low,58.2,0.5878100621636909,6132,Relationship check-in,,,,,,
1814-WFGVS,0.011985322920218021,Low,48.9,0.5860822907986613,6133,Offer backup package,,,,,,
4079-WWQQQ,0.008939689585041504,Low,65.55,0.5859966522994705,6134,Relationship check-in,,,,,,
0357-NVCRI,0.02921434437629132,Low,20.05,0.585747604744641,6135,Offer contract upgrade,,,,,,
8884-MRNSU,0.029410674540221966,Low,19.9,0.5852724233504171,6136,Relationship check-in,,,,,,
1431-CYWMH,0.030710376794691605,Low,19.05,0.5850326779388751,6137,Offer contract upgrade,,,,,,
4893-GYUJU,0.03021117145695998,Low,19.35,0.5845861676921756,6138,Relationship check-in,,,,,,
3452-FLHYD,0.027835726985600294,Low,20.95,0.5831584803483262,6139,Relationship check-in,,,,,,
6997-UVGOX,0.006809870773742575,Low,85.45,0.581903457616303,6140,Relationship check-in,,,,,,
7609-NRNCA,0.029731491806347616,Low,19.55,0.5812506648140959,6141,Relationship check-in,,,,,,
8204-YJCLA,0.008944866934652277,Low,64.8,0.5796273773654675,6142,Relationship check-in,,,,,,
3724-BSCVH,0.028332080033693374,Low,20.45,0.5793910366890295,6143,Relationship check-in,,,,,,
4750-UKWJK,0.029469072818763112,Low,19.6,0.577593827247757,6144,Relationship check-in,,,,,,
4311-QTTAI,0.029782440547022306,Low,19.35,0.5762902245848817,6145,Relationship check-in,,,,,,
9617-UDPEU,0.02984006507778088,Low,19.25,0.574421252747282,6146,Relationship check-in,,,,,,
6510-UPNKS,0.02312072293517556,Low,24.8,0.5733939287923538,6147,Relationship check-in,,,,,,
6348-SNFUS,0.010332121663036709,Low,55.45,0.5729161462153856,6148,Relationship check-in,,,,,,
5010-IPEAQ,0.010567349481873869,Low,54.2,0.5727503419175637,6149,Relationship check-in,,,,,,
9531-NSBMR,0.029627254720977308,Low,19.25,0.5703246533788132,6150,Relationship check-in,,,,,,
8908-NMQTX,0.00868493192727025,Low,65.6,0.5697315344289283,6151,Relationship check-in,,,,,,
4291-YZODP,0.02840058818272238,Low,20.05,0.5694317930635837,6152,Relationship check-in,,,,,,
3967-KXAPS,0.006167855151308454,Low,92.3,0.5692930304657703,6153,Review pricing or offer,,,,,,
8098-TDCBU,0.022488773714807404,Low,25.25,0.567841536298887,6154,Promote automatic payment,,,,,,
7139-JZFVG,0.00937229151850035,Low,60.5,0.5670236368692712,6155,Offer technical support,,,,,,
1178-PZGAB,0.02796504336828314,Low,20.25,0.5662921282077336,6156,Relationship check-in,,,,,,
7873-CVMAW,0.006391532043155148,Low,88.55,0.5659701624213883,6157,Relationship check-in,,,,,,
9046-JBFWA,0.029475598534812377,Low,19.15,0.564457711941657,6158,Offer contract upgrade,,,,,,
7452-FOLON,0.02209415466599476,Low,25.45,0.5622962362495666,6159,Relationship check-in,,,,,,
7340-KEFQE,0.016419706404963,Low,34.2,0.5615539590497346,6160,Offer backup package,,,,,,
1776-SPBWV,0.027912289209177946,Low,20.1,0.5610370131044767,6161,Relationship check-in,,,,,,
0744-BIKKF,0.006430299140000559,Low,86.65,0.5571854204810485,6162,Relationship check-in,,,,,,
2706-QZIHY,0.022108202400914108,Low,25.2,0.5571267005030355,6163,Relationship check-in,,,,,,
0129-QMPDR,0.027131342239011418,Low,20.5,0.5561925158997341,6164,Relationship check-in,,,,,,
7279-NMVJC,0.027820009830785496,Low,19.9,0.5536181956326314,6165,Relationship check-in,,,,,,
9488-FVZCC,0.006949124494572476,Low,79.5,0.5524553973185118,6166,Relationship check-in,,,,,,
4538-WNTMJ,0.022139818198691135,Low,24.95,0.5523884640573438,6167,Relationship check-in,,,,,,
2829-HYVZP,0.027858644291553394,Low,19.8,0.5516011569727572,6168,Relationship check-in,,,,,,
9108-EQPNQ,0.02111696262273687,Low,26.1,0.5511527244534323,6169,Relationship check-in,,,,,,
4803-LBYPN,0.0264666779062346,Low,20.8,0.5505069004496796,6170,Offer contract upgrade,,,,,,
4323-ELYYB,0.027517742584943983,Low,20.0,0.5503548516988797,6171,Relationship check-in,,,,,,
5451-MHQOF,0.022410080012749238,Low,24.45,0.5479264563117189,6172,Relationship check-in,,,,,,
7101-HRBLJ,0.006538139561541974,Low,83.7,0.5472422813010632,6173,Relationship check-in,,,,,,
8468-FZTOE,0.007355503153312732,Low,74.35,0.5468816594488015,6174,Promote automatic payment,,,,,,
7293-LSCDV,0.02826172804691534,Low,19.25,0.5440382649031202,6175,Relationship check-in,,,,,,
3243-ZHOHY,0.0270376016010438,Low,20.1,0.5434557921809804,6176,Relationship check-in,,,,,,
6323-AYBRX,0.028040839539709612,Low,19.35,0.542590245093381,6177,Relationship check-in,,,,,,
6188-UXBBR,0.026676029623295034,Low,20.25,0.5401895998717244,6178,Relationship check-in,,,,,,
1231-YNDEK,0.028193655205093336,Low,19.15,0.5399084971775373,6179,Relationship check-in,,,,,,
4940-KHCWD,0.014303776556633504,Low,37.7,0.5392523761850831,6180,Relationship check-in,,,,,,
4526-EXKKN,0.021879681572314333,Low,24.6,0.5382401666789326,6181,Relationship check-in,,,,,,
1407-DIGZV,0.028159583286723192,Low,19.1,0.537848040776413,6182,Early-tenure retention outreach,,,,,,
9467-ROOLM,0.028227682378690094,Low,19.05,0.5377373493140463,6183,Offer contract upgrade,,,,,,
3359-DSRKA,0.0270499309183834,Low,19.85,0.5369411287299105,6184,Relationship check-in,,,,,,
8336-TAVKX,0.00684354264615531,Low,78.45,0.5368759205908841,6185,Relationship check-in,,,,,,
8007-YYPWD,0.021399236279457785,Low,25.05,0.5360508688004175,6186,Relationship check-in,,,,,,
3429-IFLEM,0.006926548023090132,Low,77.35,0.5357684895860216,6187,Relationship check-in,,,,,,
3178-CIFOT,0.027251694383352232,Low,19.65,0.5354957946328713,6188,Relationship check-in,,,,,,
2995-YWTCD,0.021501658738709007,Low,24.9,0.5353913025938543,6189,Relationship check-in,,,,,,
4967-WPNCF,0.00837859284385246,Low,63.7,0.5337163641534017,6190,Relationship check-in,,,,,,
0774-RMNUW,0.008939460538849687,Low,59.7,0.5336857941693264,6191,Relationship check-in,,,,,,
9361-YNQWJ,0.02185276797173698,Low,24.4,0.5332075385103823,6192,Relationship check-in,,,,,,
7190-XHTWJ,0.027586266109726244,Low,19.3,0.5324149359177165,6193,Relationship check-in,,,,,,
9030-QGZNL,0.025527491529406733,Low,20.85,0.5322481983881304,6194,Relationship check-in,,,,,,
6527-PZFPV,0.025553589738290278,Low,20.8,0.5315146665564378,6195,Relationship check-in,,,,,,
0244-LGNFY,0.005723539296814259,Low,92.65,0.5302859158498411,6196,Review pricing or offer,,,,,,
1133-KXCGE,0.026359996997537577,Low,20.1,0.5298359396505053,6197,Relationship check-in,,,,,,
6614-YOLAC,0.00902469018921234,Low,58.65,0.5292980795973038,6198,Relationship check-in,,,,,,
1734-ZMNTZ,0.021149901617689332,Low,25.0,0.5287475404422333,6199,Relationship check-in,,,,,,
3131-NWVFJ,0.02691139460024946,Low,19.55,0.5261177644348769,6200,Relationship check-in,,,,,,
5519-TEEUH,0.02599037899727309,Low,20.15,0.5237061367950527,6201,Relationship check-in,,,,,,
9847-HNVGP,0.026226356129594577,Low,19.95,0.5232158047854119,6202,Relationship check-in,,,,,,
8277-RVRSV,0.021655970146397783,Low,24.15,0.5229916790355065,6203,Relationship check-in,,,,,,
5197-YPYBZ,0.020670035072379564,Low,25.25,0.521918385577584,6204,Relationship check-in,,,,,,
0269-XFESX,0.02143305206740521,Low,24.35,0.521894817841317,6205,Relationship check-in,,,,,,
8499-BRXTD,0.02595210069702397,Low,20.1,0.5216372240101818,6206,Relationship check-in,,,,,,
9823-EALYC,0.006437380772952867,Low,80.85,0.5204622354932392,6207,Relationship check-in,,,,,,
8969-PRHFK,0.026355137279894556,Low,19.65,0.517878447549928,6208,Relationship check-in,,,,,,
9845-QOMAD,0.02616385103765339,Low,19.75,0.5167360579936544,6209,Relationship check-in,,,,,,
4092-OFQZS,0.02498282032106444,Low,20.65,0.5158952396299807,6210,Relationship check-in,,,,,,
4299-OPXEJ,0.026359879660081527,Low,19.55,0.5153356473545939,6211,Relationship check-in,,,,,,
9359-JANWS,0.008726313678772845,Low,58.9,0.5139798756797206,6212,Offer backup package,,,,,,
7799-LGRDP,0.019988237110420835,Low,25.7,0.5136976937378155,6213,Relationship check-in,,,,,,
2466-FCCPT,0.026005691332792624,Low,19.7,0.5123121192560147,6214,Relationship check-in,,,,,,
4121-AGSIN,0.020898110194795115,Low,24.5,0.5120036997724803,6215,Relationship check-in,,,,,,
9648-BCHKM,0.02069724428012246,Low,24.65,0.5101870715050186,6216,Relationship check-in,,,,,,
1401-FTHFQ,0.02547124621583655,Low,20.0,0.509424924316731,6217,Relationship check-in,,,,,,
0784-GTUUK,0.021395936816341183,Low,23.75,0.5081534993881031,6218,Relationship check-in,,,,,,
1272-ILHFG,0.025808236592217662,Low,19.65,0.507131849037077,6219,Relationship check-in,,,,,,
5312-TSZVC,0.025781064357682706,Low,19.65,0.5065979146284652,6220,Relationship check-in,,,,,,
6508-NJYRO,0.02694485574907204,Low,18.8,0.5065632880825544,6221,Relationship check-in,,,,,,
9798-OPFEM,0.023954873087601528,Low,21.1,0.5054478221483922,6222,Promote automatic payment,,,,,,
9372-TXXPS,0.008403322136503508,Low,59.85,0.5029388298697349,6223,Relationship check-in,,,,,,
1722-LDZJS,0.02461347660912932,Low,20.2,0.4971922275044122,6224,Relationship check-in,,,,,,
0428-AXXLJ,0.02549130848318728,Low,19.5,0.4970805154221519,6225,Relationship check-in,,,,,,
8746-BFOAJ,0.024195726976286146,Low,20.5,0.496012403013866,6226,Relationship check-in,,,,,,
7408-OFWXJ,0.0055045104196459905,Low,89.8,0.4943050356842099,6227,Relationship check-in,,,,,,
9509-MPYOD,0.02381995818260677,Low,20.75,0.49426413228909044,6228,Relationship check-in,,,,,,
9867-JCZSP,0.02378810796934317,Low,20.75,0.4936032403638708,6229,Relationship check-in,,,,,,
8069-RHUXK,0.013813994468274709,Low,35.7,0.49315960251740715,6230,Offer backup package,,,,,,
9621-OUPYD,0.02437256400356158,Low,20.2,0.4923257928719439,6231,Relationship check-in,,,,,,
1676-MQAOA,0.006540828048131066,Low,75.1,0.49121618641464304,6232,Relationship check-in,,,,,,
0238-WHBIQ,0.005419813946565992,Low,89.7,0.4861573110069695,6233,Relationship check-in,,,,,,
5469-NUJUR,0.024337637796939465,Low,19.95,0.48553587404894233,6234,Relationship check-in,,,,,,
4980-URKXC,0.023270526870311413,Low,20.85,0.485190485245993,6235,Relationship check-in,,,,,,
6772-WFQRD,0.023711566271987967,Low,20.4,0.4837159519485545,6236,Relationship check-in,,,,,,
7951-QKZPL,0.01971871920492049,Low,24.5,0.483108620520552,6237,Relationship check-in,,,,,,
5360-XGYAZ,0.00733550781320545,Low,65.65,0.48157608793693785,6238,Relationship check-in,,,,,,
3251-YMVWZ,0.02000732670972452,Low,24.05,0.48117620736887473,6239,Relationship check-in,,,,,,
5003-OKNNK,0.023627421151427436,Low,20.35,0.48081802043154837,6240,Relationship check-in,,,,,,
0973-KYVNF,0.006786057789530915,Low,70.65,0.4794349828303592,6241,Offer technical support,,,,,,
6447-EGDIV,0.022872449346309397,Low,20.95,0.4791778138051819,6242,Relationship check-in,,,,,,
6609-MXJHJ,0.019063236773881952,Low,25.1,0.478487243024437,6243,Relationship check-in,,,,,,
3662-FXJFO,0.023297383121246885,Low,20.5,0.47759635398556116,6244,Relationship check-in,,,,,,
3523-BRGUW,0.024745094066038417,Low,19.3,0.47758031547454144,6245,Relationship check-in,,,,,,
3569-JFODW,0.005237811833327809,Low,90.95,0.4763789862411642,6246,Review pricing or offer,,,,,,
0301-FIDRB,0.007466592926371686,Low,63.8,0.47636862870251356,6247,Relationship check-in,,,,,,
2925-VDZHY,0.005363865561960649,Low,88.7,0.47577487534590956,6248,Relationship check-in,,,,,,
9453-PATOS,0.005581786540162354,Low,85.1,0.4750100345678163,6249,Relationship check-in,,,,,,
9717-IOAAF,0.018352256238740438,Low,25.85,0.47440582377144036,6250,Relationship check-in,,,,,,
3727-OVPRY,0.01845265397253374,Low,25.7,0.4742332070941171,6251,Relationship check-in,,,,,,
1069-QJOEE,0.023795399067148313,Low,19.9,0.4735284414362514,6252,Promote automatic payment,,,,,,
6048-NJXHX,0.0239715128652114,Low,19.75,0.47343737908792516,6253,Promote automatic payment,,,,,,
6980-CDGFC,0.022680648474269823,Low,20.85,0.47289152068852586,6254,Relationship check-in,,,,,,
1686-STUHN,0.023865165305440934,Low,19.8,0.4725302730477305,6255,Relationship check-in,,,,,,
7781-HVGMK,0.007239274326972438,Low,65.2,0.472000686118603,6256,Relationship check-in,,,,,,
3079-BCHLN,0.023628013814068944,Low,19.9,0.47019747489997193,6257,Relationship check-in,,,,,,
3812-LRZIR,0.0191765825766097,Low,24.5,0.4698262731269376,6258,Promote automatic payment,,,,,,
5016-LIPDW,0.024063363496255537,Low,19.4,0.4668292518273574,6259,Relationship check-in,,,,,,
5249-QYHEX,0.018805285125680037,Low,24.8,0.46637107111686493,6260,Relationship check-in,,,,,,
3704-IEAXF,0.008664618878462782,Low,53.65,0.46485680282952824,6261,Offer security package,,,,,,
5726-CVNYA,0.02340694178876792,Low,19.85,0.4646277945070432,6262,Relationship check-in,,,,,,
4530-NDRKU,0.024333200453989404,Low,19.05,0.46354746864849816,6263,Promote automatic payment,,,,,,
9489-JMTTN,0.005157216743342813,Low,89.75,0.46286020271501743,6264,Relationship check-in,,,,,,
6100-FJZDG,0.023079768130304008,Low,20.05,0.46274935101259534,6265,Relationship check-in,,,,,,
9242-TKFSV,0.007075746791227021,Low,65.1,0.460631116108879,6266,Relationship check-in,,,,,,
0052-YNYOT,0.02238580022419178,Low,20.55,0.4600281946071411,6267,Promote automatic payment,,,,,,
5766-FTRTS,0.005429520081179919,Low,84.45,0.45852297085564414,6268,Relationship check-in,,,,,,
5275-PMFUT,0.007075959241195658,Low,64.8,0.4585221588294786,6269,Relationship check-in,,,,,,
0859-YGKFW,0.02284374028844064,Low,20.05,0.4580169927832349,6270,Relationship check-in,,,,,,
5924-SNGKP,0.022617454626613142,Low,20.25,0.45800345618891614,6271,Relationship check-in,,,,,,
7073-QETQY,0.022478895101689073,Low,20.35,0.45744551531937266,6272,Promote automatic payment,,,,,,
1775-KWJKQ,0.005050185472449722,Low,89.85,0.45375916469960753,6273,Relationship check-in,,,,,,
0307-BCOPK,0.023801826430922254,Low,19.05,0.45342479350906895,6274,Relationship check-in,,,,,,
0516-VRYBW,0.022389579680970103,Low,20.15,0.45115003057154757,6275,Relationship check-in,,,,,,
2235-EZAIK,0.005692784772997289,Low,79.2,0.4508685540213853,6276,Relationship check-in,,,,,,
7872-BAAZR,0.022996002206210276,Low,19.55,0.4495718431314109,6277,Relationship check-in,,,,,,
9534-NSXEM,0.02175478402197799,Low,20.65,0.4492362900538455,6278,Relationship check-in,,,,,,
9447-YPTBX,0.022524676930746636,Low,19.85,0.4471148370753208,6279,Relationship check-in,,,,,,
5986-WWXDV,0.02309431558527045,Low,19.35,0.44687500657498325,6280,Relationship check-in,,,,,,
8292-ITGYJ,0.018128705163100105,Low,24.65,0.44687258227041754,6281,Relationship check-in,,,,,,
8590-YFFQO,0.006871245555609131,Low,64.95,0.4462873988368131,6282,Relationship check-in,,,,,,
8191-XWSZG,0.02158263664979102,Low,20.65,0.4456814468181845,6283,Relationship check-in,,,,,,
4644-OBGFZ,0.02281495113820971,Low,19.5,0.4448915471950894,6284,Relationship check-in,,,,,,
7337-CINUD,0.022742841373101983,Low,19.5,0.44348540677548864,6285,Relationship check-in,,,,,,
0621-TSSMU,0.022180460821265385,Low,19.95,0.4425001933842444,6286,Relationship check-in,,,,,,
3985-HOYPM,0.022795556091853953,Low,19.4,0.4422337881819667,6287,Relationship check-in,,,,,,
2589-AYCRP,0.022339070309345812,Low,19.75,0.4411966386095798,6288,Relationship check-in,,,,,,
5918-VUKWP,0.02146841779002616,Low,20.55,0.44117598558503757,6289,Relationship check-in,,,,,,
7647-GYYKX,0.021657637656496177,Low,20.35,0.44073292630969724,6290,Relationship check-in,,,,,,
3594-BDSOA,0.021576122073115784,Low,20.4,0.44015289029156196,6291,Relationship check-in,,,,,,
2525-GVKQU,0.02136225320297615,Low,20.6,0.44006241598130874,6292,Relationship check-in,,,,,,
2176-OSJUV,0.006750289684780704,Low,65.15,0.4397813729634629,6293,Relationship check-in,,,,,,
8388-DMKAE,0.021664614798196764,Low,20.25,0.4387084496634845,6294,Relationship check-in,,,,,,
8450-LUGUK,0.01815397063491529,Low,24.1,0.4375106923014585,6295,Relationship check-in,,,,,,
8859-AXJZP,0.018379705655267795,Low,23.8,0.4374369945953735,6296,Relationship check-in,,,,,,
1293-HHSHJ,0.02070649790044441,Low,21.1,0.4369071056993771,6297,Relationship check-in,,,,,,
9746-UGFAC,0.020941688771049554,Low,20.85,0.4366342108763832,6298,Relationship check-in,,,,,,
2878-DHMIN,0.021790406463830982,Low,19.9,0.4336290886302365,6299,Promote automatic payment,,,,,,
9443-JUBUO,0.0066435824731188664,Low,65.25,0.433493756371006,6300,Relationship check-in,,,,,,
4163-HFTUK,0.022610045489396036,Low,19.1,0.43185186884746435,6301,Promote automatic payment,,,,,,
3546-GHEAE,0.022187912976029216,Low,19.45,0.4315549073837682,6302,Relationship check-in,,,,,,
5622-UEJFI,0.016974706501727613,Low,25.4,0.4311575451438814,6303,Relationship check-in,,,,,,
9065-ZCPQX,0.005467109162497721,Low,78.85,0.4310815574629453,6304,Relationship check-in,,,,,,
2812-REYAT,0.0214567435472176,Low,20.05,0.43020770812171294,6305,Relationship check-in,,,,,,
7113-HIPFI,0.006510638426059781,Low,65.85,0.42872554035603655,6306,Relationship check-in,,,,,,
8148-NLEGT,0.018674882545855764,Low,22.95,0.42858855442738975,6307,Promote automatic payment,,,,,,
6115-ZTBFQ,0.00652720436466815,Low,65.5,0.4275318858857638,6308,Relationship check-in,,,,,,
0562-FGDCR,0.005712970994026981,Low,74.55,0.42590198760471143,6309,Relationship check-in,,,,,,
8022-BECSI,0.02169119653387994,Low,19.6,0.42514745206404686,6310,Relationship check-in,,,,,,
0902-RFHOF,0.021144012609661714,Low,20.1,0.42499465345420046,6311,Relationship check-in,,,,,,
8859-YSTWS,0.021295442322975665,Low,19.95,0.4248440743433645,6312,Relationship check-in,,,,,,
1982-FEBTD,0.016573354872456175,Low,25.6,0.4242778847348781,6313,Relationship check-in,,,,,,
5567-GZKQY,0.020876814517154445,Low,20.3,0.4237993346982352,6314,Relationship check-in,,,,,,
8042-RNLKO,0.016628986972656825,Low,25.45,0.4232077184541162,6315,Relationship check-in,,,,,,
1092-WPIVQ,0.01676178692458752,Low,25.1,0.42072085180714675,6316,Relationship check-in,,,,,,
8234-GSZYK,0.01589440781983235,Low,26.45,0.4204070868345657,6317,Relationship check-in,,,,,,
3521-HTQTV,0.016072903257945366,Low,26.1,0.4195027750323741,6318,Relationship check-in,,,,,,
6698-OXETB,0.020546708670167335,Low,20.4,0.4191528568714136,6319,Relationship check-in,,,,,,
5266-PFRQK,0.020065792337177386,Low,20.85,0.41837177023014854,6320,Relationship check-in,,,,,,
7722-VJRQD,0.006863968381517178,Low,60.95,0.418358872853472,6321,Offer backup package,,,,,,
4573-JKNAE,0.02160438014321081,Low,19.35,0.4180447557711292,6322,Relationship check-in,,,,,,
1755-FZQEC,0.020962674253163064,Low,19.9,0.41715721763794494,6323,Relationship check-in,,,,,,
5495-GPSRW,0.02115509883536411,Low,19.7,0.41675544705667295,6324,Relationship check-in,,,,,,
0042-JVWOJ,0.02126268000252109,Low,19.6,0.41674852804941337,6325,Relationship check-in,,,,,,
8763-KIAFH,0.020258024442679788,Low,20.55,0.41630240229706966,6326,Relationship check-in,,,,,,
8512-WIWYV,0.020448399757310366,Low,20.35,0.41612493506126597,6327,Relationship check-in,,,,,,
6922-NCEDI,0.019593131104695172,Low,21.2,0.41537437941953764,6328,Relationship check-in,,,,,,
4521-WFJAI,0.01599059357031937,Low,25.95,0.4149559031497876,6329,Relationship check-in,,,,,,
8590-OHDIW,0.020418013954847696,Low,20.3,0.41448568328340823,6330,Relationship check-in,,,,,,
6813-GZQCG,0.016811109929951072,Low,24.65,0.4143938597732939,6331,Relationship check-in,,,,,,
3719-TDVQB,0.021820706724154447,Low,18.95,0.41350239242272674,6332,Relationship check-in,,,,,,
7216-KAOID,0.02114749201357348,Low,19.5,0.41237609426468286,6333,Relationship check-in,,,,,,
4685-TFLLS,0.02081306167914191,Low,19.8,0.41209862124700986,6334,Relationship check-in,,,,,,
2428-HYUNX,0.02129209245983364,Low,19.35,0.4120019890977809,6335,Relationship check-in,,,,,,
9805-FILKB,0.020377356580763728,Low,20.2,0.4116226029314273,6336,Relationship check-in,,,,,,
3129-AAQOU,0.016061354967006974,Low,25.6,0.4111706871553786,6337,Relationship check-in,,,,,,
7560-QRBXH,0.020556754126145625,Low,19.95,0.4101072448166052,6338,Relationship check-in,,,,,,
2251-PYLPB,0.005153455372550838,Low,79.55,0.40995737488641915,6339,Relationship check-in,,,,,,
8884-FEEWR,0.019843690999840617,Low,20.6,0.40878003459671675,6340,Relationship check-in,,,,,,
5847-MXBEO,0.02009922076066024,Low,20.3,0.4080141814414029,6341,Relationship check-in,,,,,,
8249-THVEC,0.020982846932249402,Low,19.4,0.40706723048563836,6342,Relationship check-in,,,,,,
1682-VCOIO,0.019849560533960715,Low,20.45,0.4059235129194966,6343,Relationship check-in,,,,,,
3284-SVCRO,0.01591567455532675,Low,25.5,0.40584970116083213,6344,Relationship check-in,,,,,,
6253-GNHWH,0.005692735003178148,Low,71.1,0.4047534587259663,6345,Relationship check-in,,,,,,
9347-AERRL,0.02093443919349838,Low,19.3,0.40403467643451874,6346,Relationship check-in,,,,,,
6479-VDGRK,0.004709781401345442,Low,85.3,0.4017443535347662,6347,Relationship check-in,,,,,,
5176-LMJXE,0.01954816792706339,Low,20.55,0.40171485090115266,6348,Relationship check-in,,,,,,
2277-AXSDC,0.020313840829505755,Low,19.75,0.40119835638273865,6349,Relationship check-in,,,,,,
6164-HAQTX,0.007436114526512815,Low,53.95,0.4011783787053664,6350,Relationship check-in,,,,,,
4950-HKQTE,0.01527031288698584,Low,26.25,0.4008457132833783,6351,Relationship check-in,,,,,,
3078-ZKNTS,0.0202748383953929,Low,19.75,0.40042805830900974,6352,Relationship check-in,,,,,,
9801-NOSHQ,0.020210446814373426,Low,19.8,0.40016684692459387,6353,Relationship check-in,,,,,,
6384-VMJHP,0.005468049536301828,Low,73.0,0.39916761615003343,6354,Relationship check-in,,,,,,
5542-NKVRU,0.019236271976975444,Low,20.75,0.39915264352224045,6355,Relationship check-in,,,,,,
4632-PAOYU,0.019993826000759704,Low,19.95,0.39887682871515606,6356,Relationship check-in,,,,,,
9602-WCXPI,0.019767942359103917,Low,20.15,0.3983240385359439,6357,Relationship check-in,,,,,,
7416-CKTEP,0.020308881803522052,Low,19.6,0.39805408334903225,6358,Relationship check-in,,,,,,
8514-VZHEB,0.02035232833664222,Low,19.5,0.3968704025645233,6359,Relationship check-in,,,,,,
0336-PIKEI,0.00532592467664426,Low,74.4,0.396248795942333,6360,Relationship check-in,,,,,,
9067-YGSCA,0.015208137964251625,Low,26.05,0.39617199396875485,6361,Relationship check-in,,,,,,
7471-WNSUF,0.016394668935349622,Low,24.15,0.39593125478869334,6362,Relationship check-in,,,,,,
9178-JHUVJ,0.016420708726455055,Low,24.1,0.3957390803075668,6363,Relationship check-in,,,,,,
5231-FIQPA,0.019877246147024605,Low,19.85,0.39456333601843846,6364,Relationship check-in,,,,,,
1093-YSWCA,0.020095113338389793,Low,19.55,0.39285946576552044,6365,Relationship check-in,,,,,,
4213-HKBJO,0.015282891680514383,Low,25.7,0.3927703161892196,6366,Relationship check-in,,,,,,
3525-DVKFN,0.020178842856861313,Low,19.4,0.39146955142310946,6367,Relationship check-in,,,,,,
1269-FOYWN,0.019541011491932884,Low,20.0,0.39082022983865766,6368,Relationship check-in,,,,,,
8592-PLTMQ,0.015811066667863655,Low,24.7,0.3905333466962323,6369,Relationship check-in,,,,,,
5474-LAMUQ,0.01939853692941182,Low,20.1,0.3899105922811776,6370,Relationship check-in,,,,,,
7369-TRPFD,0.020725447589787133,Low,18.8,0.38963841468799815,6371,Relationship check-in,,,,,,
8748-HFWBO,0.019559155394545,Low,19.9,0.38922719235144543,6372,Relationship check-in,,,,,,
2229-DPMBI,0.0199587375612787,Low,19.5,0.3891953824449347,6373,Relationship check-in,,,,,,
8606-OEGQZ,0.015380782764016629,Low,25.3,0.3891338039296207,6374,Relationship check-in,,,,,,
1561-BWHIN,0.01963488079710425,Low,19.8,0.3887706397826642,6375,Relationship check-in,,,,,,
3777-XROBG,0.01984616116460475,Low,19.55,0.3879924507680229,6376,Relationship check-in,,,,,,
2138-VFAPZ,0.019669629907956093,Low,19.7,0.38749170918673503,6377,Relationship check-in,,,,,,
3712-PKXZA,0.018800326788530365,Low,20.55,0.386346715504299,6378,Relationship check-in,,,,,,
1043-YCUTE,0.015361308872677223,Low,25.15,0.3863369181478321,6379,Relationship check-in,,,,,,
8515-OCTJS,0.015599648164216997,Low,24.75,0.38609129206437065,6380,Relationship check-in,,,,,,
2017-CCBLH,0.01929861790612358,Low,20.0,0.3859723581224716,6381,Relationship check-in,,,,,,
4487-ZYJZK,0.019680268854402633,Low,19.6,0.3857332695462916,6382,Relationship check-in,,,,,,
0164-XAIRP,0.019663085279784588,Low,19.55,0.3844133172197887,6383,Relationship check-in,,,,,,
5310-NOOVA,0.019235014647830707,Low,19.95,0.3837385422242226,6384,Promote automatic payment,,,,,,
7815-PDTHL,0.018976884097936915,Low,20.2,0.3833330587783257,6385,Relationship check-in,,,,,,
6563-VRERX,0.018559051062759072,Low,20.6,0.3823164518928369,6386,Relationship check-in,,,,,,
4900-MSOMT,0.004762909877530868,Low,80.2,0.3819853721779757,6387,Relationship check-in,,,,,,
8327-WKMIE,0.01894004654508507,Low,20.15,0.3816419378834641,6388,Relationship check-in,,,,,,
7244-KXYZN,0.01864985873005872,Low,20.45,0.3813896110297008,6389,Relationship check-in,,,,,,
0988-AADSA,0.004714998881418606,Low,80.85,0.3812076595626943,6390,Relationship check-in,,,,,,
6729-FZWSY,0.019551906398311482,Low,19.45,0.3802845794471583,6391,Relationship check-in,,,,,,
9504-YAZWB,0.018754943902592757,Low,20.25,0.37978761402750333,6392,Relationship check-in,,,,,,
3071-MVJCD,0.0046128767419175215,Low,82.3,0.379639755859812,6393,Relationship check-in,,,,,,
3125-RAHBV,0.01869974451156025,Low,20.3,0.3796048135846731,6394,Relationship check-in,,,,,,
9786-YWNHU,0.005967572553457855,Low,63.55,0.37923923577224666,6395,Relationship check-in,,,,,,
5627-TVBPP,0.018821677001894216,Low,20.1,0.37831570773807377,6396,Relationship check-in,,,,,,
4825-FUREZ,0.018670659957859492,Low,20.25,0.3780808641466547,6397,Promote automatic payment,,,,,,
6199-IPCAO,0.01443786392634448,Low,26.1,0.37682824847759094,6398,Relationship check-in,,,,,,
8314-HTWVE,0.018943323522268088,Low,19.85,0.37602497191702156,6399,Relationship check-in,,,,,,
3563-SVYLG,0.005992085427015606,Low,62.65,0.37540415200252775,6400,Relationship check-in,,,,,,
5803-NQJZO,0.0055330105356920034,Low,67.8,0.37513811431991784,6401,Relationship check-in,,,,,,
7921-BEPCI,0.006267538626251146,Low,59.75,0.374485432918506,6402,Offer technical support,,,,,,
2228-BZDEE,0.018630503864008743,Low,20.1,0.37447312766657576,6403,Relationship check-in,,,,,,
8338-QIUNR,0.005623902093373342,Low,66.5,0.37398948920932723,6404,Offer backup package,,,,,,
3280-NMUVX,0.019073370913248337,Low,19.6,0.37383806989966745,6405,Relationship check-in,,,,,,
6518-KZXCB,0.014762068773502128,Low,25.25,0.37274223653092875,6406,Relationship check-in,,,,,,
7305-ZWMAJ,0.017909011409325847,Low,20.7,0.370716536173045,6407,Relationship check-in,,,,,,
2263-SFSQZ,0.014839957717882919,Low,24.95,0.3702569450611788,6408,Relationship check-in,,,,,,
5995-LFTLE,0.014629618337803218,Low,25.3,0.37012934394642144,6409,Relationship check-in,,,,,,
5158-RIVOP,0.01767132471524381,Low,20.9,0.36933068654859563,6410,Relationship check-in,,,,,,
5057-RKGLH,0.018098192382198758,Low,20.35,0.36829821497774473,6411,Relationship check-in,,,,,,
3778-FOAQW,0.01827721820288517,Low,20.15,0.36828594678813614,6412,Relationship check-in,,,,,,
5063-IUOKK,0.018608761373365104,Low,19.75,0.3675230371239608,6413,Relationship check-in,,,,,,
9814-AOUDH,0.018794126409454704,Low,19.5,0.36648546498436674,6414,Relationship check-in,,,,,,
5774-QPLTF,0.01797585754071882,Low,20.35,0.365808700953628,6415,Relationship check-in,,,,,,
1245-HARPS,0.017860244181004403,Low,20.4,0.3643489812924898,6416,Relationship check-in,,,,,,
5075-JSDKI,0.014897316410924963,Low,24.45,0.3642393862471153,6417,Promote automatic payment,,,,,,
0224-NIJLP,0.018058681728578895,Low,20.15,0.3638824368308647,6418,Relationship check-in,,,,,,
5380-XPJNZ,0.01813403259137411,Low,20.05,0.36358735345705095,6419,Relationship check-in,,,,,,
1240-HCBOH,0.013845232949462048,Low,26.1,0.3613605799809595,6420,Relationship check-in,,,,,,
9764-REAFF,0.019600934544008398,Low,18.4,0.3606571956097545,6421,Relationship check-in,,,,,,
7319-ZNRTR,0.018392776753609952,Low,19.6,0.3604984243707551,6422,Promote automatic payment,,,,,,
6828-HMKWP,0.01711975940840222,Low,21.05,0.3603709355468667,6423,Relationship check-in,,,,,,
9424-CMPOG,0.018379078041398395,Low,19.6,0.3602299296114086,6424,Relationship check-in,,,,,,
2662-NNTDK,0.014515392102887926,Low,24.8,0.35998172415162055,6425,Relationship check-in,,,,,,
8966-OIQHG,0.017323442860436807,Low,20.75,0.3594614393540637,6426,Relationship check-in,,,,,,
5177-RVZNU,0.0176685049239405,Low,20.3,0.3586706499559921,6427,Relationship check-in,,,,,,
4452-ROHMO,0.018294542925526017,Low,19.6,0.35857304134031,6428,Relationship check-in,,,,,,
0835-DUUIQ,0.01701997288125015,Low,21.05,0.3582704291503157,6429,Relationship check-in,,,,,,
1494-EJZDW,0.01777965163885557,Low,20.15,0.3582599805229397,6430,Relationship check-in,,,,,,
3457-PQBYH,0.017645100339677065,Low,20.3,0.3581955368954444,6431,Relationship check-in,,,,,,
0486-LGCCH,0.01822138275503197,Low,19.65,0.35805017113637816,6432,Relationship check-in,,,,,,
3352-RICWQ,0.01810604089502925,Low,19.75,0.35759430767682765,6433,Relationship check-in,,,,,,
8008-OTEZX,0.018149806942835682,Low,19.65,0.3566437064267211,6434,Relationship check-in,,,,,,
2749-CTKAJ,0.017698505806007493,Low,20.15,0.35662489199105096,6435,Relationship check-in,,,,,,
2650-GYRYL,0.018314450950922267,Low,19.45,0.3562160709954381,6436,Relationship check-in,,,,,,
9661-JALZV,0.014410307474587419,Low,24.7,0.35593459462230925,6437,Relationship check-in,,,,,,
8430-TWCBX,0.017179121135346576,Low,20.7,0.3556078075016741,6438,Relationship check-in,,,,,,
2122-SZZZD,0.0181653550908568,Low,19.5,0.3542244242717076,6439,Relationship check-in,,,,,,
9067-SQTNS,0.017189954789884096,Low,20.6,0.3541130686716124,6440,Relationship check-in,,,,,,
6349-JDHQP,0.01780949502843491,Low,19.85,0.35351847631443295,6441,Relationship check-in,,,,,,
9451-WLYRI,0.01855607418176606,Low,19.05,0.3534932131626434,6442,Relationship check-in,,,,,,
5322-ZSMZY,0.013714750133778398,Low,25.75,0.35315481594479375,6443,Relationship check-in,,,,,,
9824-QCJPK,0.01758956361085702,Low,20.0,0.3517912722171404,6444,Relationship check-in,,,,,,
3120-FAZKD,0.014618610557439458,Low,24.05,0.35157758390641897,6445,Relationship check-in,,,,,,
1970-KKFWL,0.015072819276871034,Low,23.3,0.3511966891510951,6446,Relationship check-in,,,,,,
4709-LKHYG,0.01755656014874113,Low,20.0,0.3511312029748226,6447,Promote automatic payment,,,,,,
0769-MURVM,0.005336410343645323,Low,65.7,0.35060215957749774,6448,Relationship check-in,,,,,,
7688-AWMDX,0.0064293868521760975,Low,54.5,0.35040158344359734,6449,Offer backup package,,,,,,
1535-VTJOQ,0.013919500546510987,Low,25.15,0.35007543874475133,6450,Relationship check-in,,,,,,
0318-ZOPWS,0.017368533139523207,Low,20.15,0.3499759427613926,6451,Relationship check-in,,,,,,
8441-SHIPE,0.013658162633532863,Low,25.6,0.3496489634184413,6452,Relationship check-in,,,,,,
9114-DPSIA,0.004316295647982668,Low,81.0,0.3496199474865961,6453,Relationship check-in,,,,,,
7137-NAXML,0.01734139517570908,Low,20.15,0.34942911279053795,6454,Relationship check-in,,,,,,
0732-OCQOC,0.013903339774400506,Low,25.05,0.3482786613487327,6455,Relationship check-in,,,,,,
5442-PPTJY,0.017653755658425804,Low,19.7,0.3477789864709883,6456,Relationship check-in,,,,,,
4518-FZBSX,0.017146258073447267,Low,20.25,0.34721172598730715,6457,Relationship check-in,,,,,,
8902-ZEOVF,0.017313140083986548,Low,20.05,0.3471284586839303,6458,Relationship check-in,,,,,,
1872-EBWSC,0.01705309724573177,Low,20.35,0.34703052895064157,6459,Relationship check-in,,,,,,
9620-QJREV,0.01687807395807752,Low,20.55,0.34684441983849307,6460,Relationship check-in,,,,,,
9170-ARBTB,0.01767978420330369,Low,19.6,0.34652377038475235,6461,Relationship check-in,,,,,,
8874-EJNSR,0.013713182623586275,Low,25.2,0.3455722021143741,6462,Relationship check-in,,,,,,
5356-KZCKT,0.014118078482488155,Low,24.45,0.34518701889683534,6463,Relationship check-in,,,,,,
0442-TDYUO,0.017207348903562833,Low,20.05,0.3450073455164348,6464,Relationship check-in,,,,,,
5201-CBWYG,0.013895871239958842,Low,24.8,0.3446176067509793,6465,Relationship check-in,,,,,,
6925-BAYGL,0.01371821747300115,Low,25.1,0.3443272585723289,6466,Relationship check-in,,,,,,
7205-BAIAD,0.016674620474372886,Low,20.6,0.3434971817720815,6467,Relationship check-in,,,,,,
7026-YMSBE,0.017383061626966012,Low,19.7,0.34244631405123044,6468,Relationship check-in,,,,,,
4716-MRVEN,0.017106563331495128,Low,20.0,0.34213126662990256,6469,Relationship check-in,,,,,,
8194-PEEBY,0.01717785926126807,Low,19.9,0.34183939929923457,6470,Relationship check-in,,,,,,
8207-VVMYB,0.013146501742332945,Low,26.0,0.3418090453006566,6471,Relationship check-in,,,,,,
5214-CHIWJ,0.016822744290562013,Low,20.3,0.3415017090984089,6472,Relationship check-in,,,,,,
2819-GWENI,0.017131687128758052,Low,19.9,0.3409205738622852,6473,Relationship check-in,,,,,,
8807-OPMBM,0.013249832096191102,Low,25.65,0.3398581932673017,6474,Relationship check-in,,,,,,
7601-DHFWZ,0.014131028984517763,Low,24.0,0.3391446956284263,6475,Relationship check-in,,,,,,
6072-NUQCB,0.016728318100866633,Low,20.25,0.33874844154254935,6476,Relationship check-in,,,,,,
9227-UAQFT,0.017145273336170774,Low,19.75,0.3386191483893728,6477,Relationship check-in,,,,,,
3458-IDMFK,0.016286487122229014,Low,20.75,0.337944607786252,6478,Relationship check-in,,,,,,
2384-OVPSA,0.016706641425554787,Low,20.2,0.3374741567962067,6479,Relationship check-in,,,,,,
0526-SXDJP,0.008012464448034114,Low,42.1,0.3373247532622362,6480,Offer technical support,,,,,,
6518-PPLMZ,0.01736366099923164,Low,19.4,0.3368550233850938,6481,Relationship check-in,,,,,,
1757-TCATG,0.01676363044220323,Low,20.05,0.3361107903661748,6482,Relationship check-in,,,,,,
0508-SQWPL,0.01671895337560281,Low,20.1,0.3360509628496165,6483,Relationship check-in,,,,,,
8577-QSOCG,0.016626024172153916,Low,20.2,0.3358456882775091,6484,Relationship check-in,,,,,,
2150-OEGBV,0.01670677661531722,Low,20.1,0.33580620996787613,6485,Relationship check-in,,,,,,
4884-LEVMQ,0.01641221328290753,Low,20.45,0.33562976163545893,6486,Relationship check-in,,,,,,
1098-KFQEC,0.01726669490717488,Low,19.4,0.33497388119919264,6487,Relationship check-in,,,,,,
6096-EGVTU,0.013390656762363612,Low,24.9,0.33342735338285395,6488,Relationship check-in,,,,,,
8219-VYBVI,0.013330770832971857,Low,25.0,0.3332692708242964,6489,Relationship check-in,,,,,,
9593-CVZKR,0.013624588221480211,Low,24.45,0.33312118201519114,6490,Relationship check-in,,,,,,
8908-SLFCJ,0.01597630223518129,Low,20.85,0.3331059016035299,6491,Relationship check-in,,,,,,
9418-RUKPH,0.016662857580178114,Low,19.95,0.33242400872455335,6492,Relationship check-in,,,,,,
4139-DETXS,0.005155033539194597,Low,64.45,0.3322419116010918,6493,Relationship check-in,,,,,,
5914-GXMDA,0.017189198364142885,Low,19.3,0.3317515284279577,6494,Relationship check-in,,,,,,
6061-PQHMK,0.01666484635513411,Low,19.9,0.3316304424671688,6495,Relationship check-in,,,,,,
7277-KAMWT,0.01656594334551503,Low,20.0,0.3313188669103006,6496,Relationship check-in,,,,,,
8143-ETQTI,0.01685425222159483,Low,19.65,0.3311860561543384,6497,Relationship check-in,,,,,,
2796-NNUFI,0.016597340544462942,Low,19.95,0.33111694386203566,6498,Relationship check-in,,,,,,
3653-NCRDJ,0.017235341714678654,Low,19.2,0.33091856092183014,6499,Relationship check-in,,,,,,
5115-GZDEL,0.00492403580174104,Low,67.2,0.3308952058769979,6500,Relationship check-in,,,,,,
2560-WBWXF,0.013618717538506579,Low,24.15,0.3288920285549339,6501,Relationship check-in,,,,,,
6479-OAUSD,0.016499593800032596,Low,19.9,0.32834191662064866,6502,Relationship check-in,,,,,,
0506-YLVKJ,0.016226571409825967,Low,20.2,0.32777674247848454,6503,Relationship check-in,,,,,,
7009-PCARS,0.017156191712185184,Low,19.1,0.32768326170273704,6504,Relationship check-in,,,,,,
5696-EXCYS,0.01684384207386301,Low,19.45,0.3276127283366356,6505,Relationship check-in,,,,,,
2266-FUBDZ,0.01692197544071325,Low,19.35,0.3274402247778014,6506,Relationship check-in,,,,,,
5917-RYRMG,0.016529222062545902,Low,19.8,0.3272785968384089,6507,Relationship check-in,,,,,,
4335-BSMJS,0.012674554936243624,Low,25.8,0.3270035173550855,6508,Relationship check-in,,,,,,
5647-URDKA,0.0165435794567857,Low,19.7,0.32590851529867826,6509,Relationship check-in,,,,,,
7596-IIWYC,0.016069289723395053,Low,20.25,0.3254031168987498,6510,Relationship check-in,,,,,,
0219-QAERP,0.01642452539497271,Low,19.8,0.3252056028204597,6511,Relationship check-in,,,,,,
8626-XHBIE,0.013064103096072335,Low,24.8,0.3239897567825939,6512,Relationship check-in,,,,,,
1697-LYYYX,0.01694996069785087,Low,19.1,0.3237442493289517,6513,Relationship check-in,,,,,,
1843-TLSGD,0.015481268171252558,Low,20.85,0.32278444137061585,6514,Relationship check-in,,,,,,
2143-LJULT,0.012724825044219077,Low,25.25,0.3213018323665317,6515,Relationship check-in,,,,,,
2418-TPEUN,0.016201348153902013,Low,19.8,0.32078669344725985,6516,Relationship check-in,,,,,,
5939-SXWHM,0.012193821594713652,Low,26.3,0.3206975079409691,6517,Relationship check-in,,,,,,
2208-MPXIO,0.01602310793913116,Low,20.0,0.3204621587826232,6518,Relationship check-in,,,,,,
3472-QPRCH,0.012661500323555584,Low,25.25,0.3197028831697785,6519,Relationship check-in,,,,,,
8917-SZTTJ,0.016262689516897612,Low,19.65,0.31956184900703805,6520,Relationship check-in,,,,,,
5014-GSOUQ,0.016015344916079487,Low,19.95,0.31950613107578574,6521,Relationship check-in,,,,,,
8779-YIQQA,0.016115376447292863,Low,19.8,0.3190844536563987,6522,Relationship check-in,,,,,,
2888-ADFAO,0.014952621609121204,Low,21.3,0.31849084027428165,6523,Relationship check-in,,,,,,
1619-YWUBB,0.012747955306479701,Low,24.95,0.3180614848966685,6524,Relationship check-in,,,,,,
4652-ODEVH,0.012993044757704216,Low,24.45,0.31767994432586805,6525,Relationship check-in,,,,,,
4896-CPRPF,0.012481998899456682,Low,25.45,0.31766687199117255,6526,Relationship check-in,,,,,,
0607-DAAHE,0.01606137102924175,Low,19.75,0.31721207782752453,6527,Relationship check-in,,,,,,
1074-WVEVG,0.015585813669416854,Low,20.35,0.317171308172633,6528,Relationship check-in,,,,,,
8380-MQINP,0.015586564489153926,Low,20.3,0.3164072591298247,6529,Relationship check-in,,,,,,
7114-AEOZE,0.01592411497772295,Low,19.85,0.3160936823078006,6530,Relationship check-in,,,,,,
8039-ACLPL,0.0045947907436302326,Low,68.75,0.3158918636245785,6531,Offer technical support,,,,,,
5666-MBJPT,0.012556950415403716,Low,25.1,0.3151794554266333,6532,Relationship check-in,,,,,,
0064-SUDOG,0.015513685696281816,Low,20.3,0.3149278196345209,6533,Relationship check-in,,,,,,
0854-UYHZD,0.01608926736009583,Low,19.55,0.3145451768898735,6534,Relationship check-in,,,,,,
2208-NKVVH,0.012962716262242512,Low,24.25,0.3143458693593809,6535,Relationship check-in,,,,,,
4955-VCWBI,0.015713355912303013,Low,20.0,0.31426711824606024,6536,Relationship check-in,,,,,,
3970-XGJDU,0.016323460582573602,Low,19.2,0.31341044318541317,6537,Relationship check-in,,,,,,
7996-MHXLW,0.012458620534313873,Low,25.15,0.31333430643799387,6538,Relationship check-in,,,,,,
0048-PIHNL,0.01531442188045541,Low,20.45,0.31317992745531315,6539,Relationship check-in,,,,,,
6051-PTVNS,0.016343927482303927,Low,19.15,0.3129862112861202,6540,Relationship check-in,,,,,,
1599-EAHXY,0.01305705713456837,Low,23.95,0.3127165183729125,6541,Relationship check-in,,,,,,
1328-EUZHC,0.015531931948879522,Low,20.1,0.3121918321724784,6542,Relationship check-in,,,,,,
6082-OQFBA,0.015882825776077785,Low,19.65,0.31209752649992845,6543,Relationship check-in,,,,,,
6292-TOSSS,0.012511236577997404,Low,24.9,0.31152979079213533,6544,Relationship check-in,,,,,,
3896-ZVNET,0.012607984166585522,Low,24.7,0.3114172089146624,6545,Relationship check-in,,,,,,
5044-XDPYX,0.012200114221781052,Low,25.5,0.31110291265541684,6546,Relationship check-in,,,,,,
1468-DEFNC,0.012703938604192043,Low,24.4,0.30997610194228586,6547,Relationship check-in,,,,,,
5968-HYJRZ,0.012622461865692726,Low,24.55,0.3098814388027564,6548,Relationship check-in,,,,,,
5148-HKFIR,0.015720867108560646,Low,19.7,0.3097010820386447,6549,Relationship check-in,,,,,,
9650-VBUOG,0.012357629492202527,Low,25.05,0.30955861877967333,6550,Relationship check-in,,,,,,
8129-GMVGI,0.015429201322070757,Low,20.05,0.3093554865075187,6551,Relationship check-in,,,,,,
2511-ALLCS,0.012727836521141185,Low,24.3,0.3092864274637308,6552,Relationship check-in,,,,,,
2908-WGAXL,0.0123852144957298,Low,24.95,0.30901110166845847,6553,Relationship check-in,,,,,,
5871-DGTXZ,0.0155545731517514,Low,19.8,0.30798054840467776,6554,Relationship check-in,,,,,,
2808-CHTDM,0.012225425235635353,Low,25.1,0.3068581734144474,6555,Relationship check-in,,,,,,
7860-KSUGX,0.004753536949982696,Low,64.45,0.30636545642638474,6556,Offer technical support,,,,,,
0608-JDVEC,0.015304027391884776,Low,19.8,0.30301974235931856,6557,Promote automatic payment,,,,,,
8148-WOCMK,0.01539487910599083,Low,19.6,0.30173963047742025,6558,Relationship check-in,,,,,,
8241-JUIQO,0.015505539893532403,Low,19.45,0.3015827509292052,6559,Relationship check-in,,,,,,
5876-QMYLD,0.015027018389108776,Low,20.05,0.30129171870163096,6560,Relationship check-in,,,,,,
1955-IBMMB,0.01489031867989092,Low,20.2,0.30078443733379656,6561,Relationship check-in,,,,,,
3148-AOIQT,0.012025295185406548,Low,24.95,0.30003111487589335,6562,Relationship check-in,,,,,,
9631-RXVJM,0.015566095209223984,Low,19.25,0.29964733277756167,6563,Relationship check-in,,,,,,
8540-ZQGEA,0.014940580616203077,Low,20.05,0.2995586413548717,6564,Relationship check-in,,,,,,
4302-ZYFEL,0.014528344776353804,Low,20.55,0.2985574851540707,6565,Relationship check-in,,,,,,
4883-KCPZJ,0.011823146799929025,Low,25.25,0.2985344566982079,6566,Relationship check-in,,,,,,
7632-YUTXB,0.014845775038089164,Low,20.05,0.29765778951368776,6567,Relationship check-in,,,,,,
1834-WULEG,0.014683974085672588,Low,20.25,0.2973504752348699,6568,Relationship check-in,,,,,,
6080-LNESI,0.01197181229572733,Low,24.75,0.2963023543192514,6569,Relationship check-in,,,,,,
3580-GICBM,0.012234718564970331,Low,24.2,0.296080189272282,6570,Relationship check-in,,,,,,
1085-LDWAM,0.014546261374523277,Low,20.35,0.2960164189715487,6571,Relationship check-in,,,,,,
2675-IJRGJ,0.015061202518801218,Low,19.65,0.2959526294944439,6572,Relationship check-in,,,,,,
4779-ZGICK,0.01256659735029164,Low,23.55,0.2959433675993681,6573,Relationship check-in,,,,,,
3572-UUHRS,0.015649261111257338,Low,18.85,0.29498857194720085,6574,Relationship check-in,,,,,,
1073-XXCZD,0.011476178141592526,Low,25.7,0.2949377782389279,6575,Relationship check-in,,,,,,
1266-NZYUI,0.004393937322307272,Low,66.85,0.2937347099962411,6576,Offer backup package,,,,,,
6407-GSJNL,0.011768014211989433,Low,24.95,0.29361195458913636,6577,Relationship check-in,,,,,,
3389-KTRXV,0.012301211390108605,Low,23.85,0.29338389165409023,6578,Relationship check-in,,,,,,
1985-MBRYP,0.014898016023732212,Low,19.65,0.29274601486633794,6579,Relationship check-in,,,,,,
7061-OVMIM,0.014947953003604965,Low,19.55,0.29223248122047707,6580,Relationship check-in,,,,,,
3785-KTYSH,0.011866496109899068,Low,24.6,0.2919158043035171,6581,Relationship check-in,,,,,,
7945-PRBVF,0.013587772962925111,Low,21.45,0.2914577300547436,6582,Relationship check-in,,,,,,
5115-SQAAU,0.011382186227350509,Low,25.6,0.29138396742017303,6583,Relationship check-in,,,,,,
3266-FTKHB,0.015204324696158672,Low,19.15,0.29116281793143856,6584,Relationship check-in,,,,,,
0040-HALCW,0.014235010195566892,Low,20.4,0.29039420798956456,6585,Relationship check-in,,,,,,
0969-RGKCU,0.01465424474045751,Low,19.8,0.2901540458610587,6586,Relationship check-in,,,,,,
9499-XPZXM,0.0044770088508551365,Low,64.75,0.2898863230928701,6587,Relationship check-in,,,,,,
8966-KZXXA,0.011549215505271245,Low,25.1,0.28988530918230826,6588,Relationship check-in,,,,,,
1223-UNPKS,0.01445001892783285,Low,20.05,0.28972287950304865,6589,Relationship check-in,,,,,,
7480-SPLEF,0.011132256520033528,Low,26.0,0.2894386695208717,6590,Relationship check-in,,,,,,
6248-BSHKG,0.014174932339535696,Low,20.4,0.2891686197265282,6591,Relationship check-in,,,,,,
4990-ALDGW,0.013917581947506074,Low,20.75,0.28878982541075104,6592,Relationship check-in,,,,,,
6217-KDYWC,0.014657285961721942,Low,19.6,0.2872828048497501,6593,Relationship check-in,,,,,,
0582-AVCLN,0.014129018437155643,Low,20.3,0.28681907427425957,6594,Relationship check-in,,,,,,
3460-TJBWI,0.01183580823281639,Low,24.2,0.2864265592341566,6595,Relationship check-in,,,,,,
3957-SQXML,0.011461845274308938,Low,24.95,0.285973039594008,6596,Relationship check-in,,,,,,
6696-YDAYZ,0.013923220356868979,Low,20.5,0.2854260173158141,6597,Relationship check-in,,,,,,
1839-FBNFR,0.014372941222322914,Low,19.85,0.2853028832631099,6598,Relationship check-in,,,,,,
0780-XNZFN,0.013795147746573387,Low,20.65,0.2848698009667404,6599,Relationship check-in,,,,,,
5821-MMEIL,0.014312706712122158,Low,19.9,0.28482286357123093,6600,Relationship check-in,,,,,,
5296-BFCYD,0.014134835337588355,Low,20.1,0.284110190285526,6601,Relationship check-in,,,,,,
2300-RQGOI,0.014161133066943865,Low,20.05,0.2839307179922245,6602,Relationship check-in,,,,,,
2333-KWEWW,0.014156736679401443,Low,20.05,0.28384257042199895,6603,Relationship check-in,,,,,,
9385-EHGDO,0.014298809115174652,Low,19.85,0.28383136093621686,6604,Relationship check-in,,,,,,
3646-ITDGM,0.014406665623125675,Low,19.7,0.2838113127755758,6605,Relationship check-in,,,,,,
3721-WKIIL,0.01446233406374213,Low,19.6,0.2834617476493458,6606,Relationship check-in,,,,,,
2799-TSLAG,0.011190085763832425,Low,25.3,0.28310916982496037,6607,Relationship check-in,,,,,,
5093-FEGLU,0.014395001410709648,Low,19.65,0.2828617777204446,6608,Relationship check-in,,,,,,
4795-UXVCJ,0.014284709919052247,Low,19.8,0.2828372563972345,6609,Relationship check-in,,,,,,
1089-XZWHH,0.014300600129977158,Low,19.7,0.28172182256055,6610,Relationship check-in,,,,,,
4735-BJKOU,0.013973790652343632,Low,20.15,0.2815718816447242,6611,Relationship check-in,,,,,,
7706-YLMQA,0.014283150998336106,Low,19.7,0.28137807466722126,6612,Relationship check-in,,,,,,
6614-YWYSC,0.011253082353242802,Low,25.0,0.28132705883107006,6613,Relationship check-in,,,,,,
0229-LFJAF,0.004032212368471559,Low,69.65,0.28084359146404414,6614,Relationship check-in,,,,,,
3154-HMWUU,0.013661103560591296,Low,20.5,0.2800526229921216,6615,Relationship check-in,,,,,,
7608-RGIRO,0.01147705687478795,Low,24.4,0.280040187744826,6616,Relationship check-in,,,,,,
6016-NXBNJ,0.014601512962194332,Low,19.15,0.2796189732260214,6617,Relationship check-in,,,,,,
3097-FQTVJ,0.013964535307220156,Low,20.0,0.2792907061444031,6618,Relationship check-in,,,,,,
9588-YRFHY,0.014029496950941769,Low,19.9,0.2791869893237412,6619,Relationship check-in,,,,,,
4018-PPNDW,0.011580227160446592,Low,24.1,0.27908347456676286,6620,Relationship check-in,,,,,,
1852-QSWCD,0.011250093566985558,Low,24.8,0.27900232046124185,6621,Relationship check-in,,,,,,
3967-VQOGC,0.011183213542954566,Low,24.9,0.27846201721956865,6622,Relationship check-in,,,,,,
9286-BHDQG,0.006144276290557757,Low,45.25,0.2780285021477385,6623,Relationship check-in,,,,,,
1087-GRUYI,0.013614713512450366,Low,20.4,0.27774015565398746,6624,Relationship check-in,,,,,,
8067-NIOYM,0.01315201745539746,Low,21.1,0.2775075683088864,6625,Relationship check-in,,,,,,
6961-MJKBO,0.01356961230776469,Low,20.45,0.2774985716937879,6626,Relationship check-in,,,,,,
7427-AUFPY,0.014095646827479496,Low,19.65,0.2769794601599721,6627,Relationship check-in,,,,,,
6000-UKLWI,0.013709493237548793,Low,20.15,0.27624628873660817,6628,Relationship check-in,,,,,,
2068-WWXQZ,0.013773217273900611,Low,20.05,0.27615300634170725,6629,Relationship check-in,,,,,,
9585-KKMFD,0.013803495588197887,Low,20.0,0.27606991176395773,6630,Relationship check-in,,,,,,
0301-KOBTQ,0.01375933539435859,Low,20.05,0.27587467465688975,6631,Relationship check-in,,,,,,
0206-OYVOC,0.014310986236881729,Low,19.25,0.2754864850599733,6632,Relationship check-in,,,,,,
8028-PNXHQ,0.011342476796918466,Low,24.25,0.27505506232527277,6633,Relationship check-in,,,,,,
3486-NPGST,0.013989267414878548,Low,19.55,0.2734901779608756,6634,Relationship check-in,,,,,,
1699-TLDLZ,0.0138720938853211,Low,19.7,0.27328024954082564,6635,Relationship check-in,,,,,,
3913-FCUUW,0.003876827255848359,Low,70.45,0.2731224801745169,6636,Relationship check-in,,,,,,
9639-BUJXT,0.013260727770042226,Low,20.5,0.2718449192858656,6637,Relationship check-in,,,,,,
2481-SBOYW,0.010861213126540594,Low,25.0,0.27153032816351486,6638,Relationship check-in,,,,,,
9337-SRRNI,0.010723546355013441,Low,25.3,0.27130572278184006,6639,Relationship check-in,,,,,,
5006-MXVRN,0.013093995691205894,Low,20.7,0.27104571080796197,6640,Relationship check-in,,,,,,
7008-LZVOZ,0.010686355034588228,Low,25.3,0.27036478237508216,6641,Relationship check-in,,,,,,
9548-LERKT,0.01368602182358138,Low,19.75,0.27029893101573227,6642,Relationship check-in,,,,,,
6770-UAYGJ,0.010700223147118045,Low,25.25,0.2701806344647306,6643,Relationship check-in,,,,,,
6087-YPWHO,0.003964334294998738,Low,68.15,0.27016938220416403,6644,Relationship check-in,,,,,,
3865-ZFZIB,0.01370866702209984,Low,19.65,0.2693753069842618,6645,Relationship check-in,,,,,,
5849-ASHZJ,0.013387827100253564,Low,20.05,0.26842593336008397,6646,Relationship check-in,,,,,,
4636-TVXVG,0.013453200147171508,Low,19.95,0.2683913429360716,6647,Relationship check-in,,,,,,
2892-GESUL,0.013859179845114084,Low,19.35,0.26817513000295756,6648,Relationship check-in,,,,,,
8395-ETZKQ,0.013739649583456935,Low,19.5,0.26792316687741025,6649,Relationship check-in,,,,,,
7167-PCEYD,0.01350933848332986,Low,19.8,0.26748490196993124,6650,Relationship check-in,,,,,,
7157-SMCFK,0.013452645047123294,Low,19.75,0.26568973968068504,6651,Relationship check-in,,,,,,
4458-KVRBJ,0.010542987111473761,Low,25.0,0.263574677786844,6652,Relationship check-in,,,,,,
7503-EPSZW,0.01095754273777008,Low,24.05,0.26352890284337044,6653,Relationship check-in,,,,,,
1635-HDGFT,0.012798308953987323,Low,20.5,0.26236533355674013,6654,Relationship check-in,,,,,,
2821-WARNZ,0.01347693152708856,Low,19.45,0.2621263182018725,6655,Relationship check-in,,,,,,
1080-BWSYE,0.010167344707715579,Low,25.65,0.2607923917529046,6656,Relationship check-in,,,,,,
8999-EXMNO,0.012938326067795934,Low,20.15,0.26070727026608803,6657,Relationship check-in,,,,,,
8532-UEFWH,0.010101911381586403,Low,25.75,0.2601242180758499,6658,Relationship check-in,,,,,,
3498-LZGQZ,0.013556531421769942,Low,19.15,0.2596075767268944,6659,Relationship check-in,,,,,,
5220-AGAAX,0.010807945119747454,Low,24.0,0.2593906828739389,6660,Relationship check-in,,,,,,
8859-DZTGQ,0.012742246433522742,Low,20.35,0.2593047149221878,6661,Relationship check-in,,,,,,
1248-DYXUB,0.010447589680064191,Low,24.8,0.25910022406559197,6662,Relationship check-in,,,,,,
4176-RELJR,0.010256538567552827,Low,25.1,0.25743911804557595,6663,Relationship check-in,,,,,,
4807-IZYOZ,0.012454040024515958,Low,20.65,0.25717592650625454,6664,Relationship check-in,,,,,,
8174-LNWMW,0.012301124025801111,Low,20.9,0.2570934921392432,6665,Relationship check-in,,,,,,
0281-CNTZX,0.012854165215909324,Low,19.95,0.256440596057391,6666,Relationship check-in,,,,,,
0071-NDAFP,0.010033767997422156,Low,25.5,0.255861083934265,6667,Relationship check-in,,,,,,
4804-NCPET,0.012662580312821817,Low,20.2,0.25578412231900066,6668,Relationship check-in,,,,,,
5529-GIBVH,0.012631932412719742,Low,20.15,0.2545334381163028,6669,Relationship check-in,,,,,,
6370-ZVHDV,0.010025592188363934,Low,25.3,0.2536474823656075,6670,Relationship check-in,,,,,,
5982-XMDEX,0.009557120907866536,Low,26.5,0.2532637040584632,6671,Relationship check-in,,,,,,
9646-NMHXE,0.012887870159571059,Low,19.65,0.2532466486355713,6672,Relationship check-in,,,,,,
8361-LBRDI,0.010356958064763451,Low,24.35,0.25219192887699005,6673,Relationship check-in,,,,,,
6551-VLJMV,0.012572011553064111,Low,20.05,0.25206883163893545,6674,Relationship check-in,,,,,,
4962-CHQPW,0.01267402053684943,Low,19.85,0.2515793076564612,6675,Relationship check-in,,,,,,
4785-FCIFB,0.01030848575042158,Low,24.4,0.25152705231028655,6676,Relationship check-in,,,,,,
8402-OOOHJ,0.01215278706931158,Low,20.65,0.2509550529812841,6677,Relationship check-in,,,,,,
1241-FPMOF,0.012756501518555221,Low,19.65,0.2506652548396101,6678,Relationship check-in,,,,,,
1241-EZFMJ,0.0098185213430839,Low,25.45,0.24988136818148524,6679,Relationship check-in,,,,,,
7643-RCHXS,0.012894913478056854,Low,19.35,0.24951657580040013,6680,Promote automatic payment,,,,,,
9668-PUGNU,0.010144901666297283,Low,24.5,0.24855009082428342,6681,Promote automatic payment,,,,,,
9624-EGDEQ,0.012491496233343561,Low,19.8,0.2473316254202025,6682,Relationship check-in,,,,,,
3696-DFHHB,0.009695914631946941,Low,25.5,0.247245823114647,6683,Relationship check-in,,,,,,
9087-EYCPR,0.009885447136440819,Low,25.0,0.24713617841102048,6684,Relationship check-in,,,,,,
1403-LKLIK,0.012289652993846573,Low,20.1,0.24702202517631613,6685,Relationship check-in,,,,,,
2005-DWQZJ,0.012966318573603199,Low,19.05,0.24700836882714095,6686,Relationship check-in,,,,,,
3635-QQRQD,0.012259756362911184,Low,20.05,0.24580811507636924,6687,Relationship check-in,,,,,,
9507-HSMMZ,0.01226858012843422,Low,20.0,0.2453716025686844,6688,Relationship check-in,,,,,,
5549-ZGHFB,0.009827646272587342,Low,24.95,0.24519977450105418,6689,Relationship check-in,,,,,,
8917-FAEMR,0.012326650136391415,Low,19.85,0.2446840052073696,6690,Relationship check-in,,,,,,
0386-CWRGM,0.012592488761341145,Low,19.4,0.2442942819700182,6691,Relationship check-in,,,,,,
7328-OWMOM,0.01211767980747042,Low,20.1,0.24356536413015545,6692,Relationship check-in,,,,,,
6619-RPLQZ,0.011679050260039783,Low,20.85,0.24350819792182948,6693,Relationship check-in,,,,,,
8727-JQFHV,0.011733121429853766,Low,20.75,0.24346226966946566,6694,Relationship check-in,,,,,,
3454-JFUBC,0.012173055138598251,Low,20.0,0.24346110277196503,6695,Relationship check-in,,,,,,
9710-NJERN,0.012043078769263242,Low,20.15,0.2426680372006543,6696,Relationship check-in,,,,,,
0559-CKHUS,0.012412048265735628,Low,19.55,0.24265554359513153,6697,Relationship check-in,,,,,,
5804-JMYIO,0.012283260394940558,Low,19.75,0.24259439280007603,6698,Relationship check-in,,,,,,
1439-LCGVL,0.012620254763038657,Low,19.2,0.2423088914503422,6699,Relationship check-in,,,,,,
3913-RDSJZ,0.00947428167731485,Low,25.55,0.2420678968553944,6700,Relationship check-in,,,,,,
3088-FVYWK,0.009455718759915945,Low,25.55,0.24159361431585238,6701,Relationship check-in,,,,,,
2097-YVPKN,0.009382187653225004,Low,25.75,0.24159133207054384,6702,Relationship check-in,,,,,,
0839-QNXME,0.012439570551628035,Low,19.4,0.24132766870158387,6703,Relationship check-in,,,,,,
6725-TPKJO,0.01203214929283682,Low,20.05,0.24124459332137824,6704,Relationship check-in,,,,,,
1395-WSWXR,0.011621633767070262,Low,20.75,0.24114890066670794,6705,Relationship check-in,,,,,,
6923-AQONU,0.011535031246512997,Low,20.9,0.2410821530521216,6706,Relationship check-in,,,,,,
9503-XJUME,0.012255525009085952,Low,19.65,0.24082106642853895,6707,Relationship check-in,,,,,,
1709-EJDOX,0.012179254464770008,Low,19.75,0.24054027567920766,6708,Relationship check-in,,,,,,
7169-YWAMK,0.0035154754974814806,Low,68.4,0.2404585240277333,6709,Relationship check-in,,,,,,
0463-TXOAK,0.009389962024652518,Low,25.6,0.24038302783110446,6710,Relationship check-in,,,,,,
7399-QHBJS,0.003598114350906495,Low,66.75,0.24017413292300854,6711,Relationship check-in,,,,,,
0603-TPMIB,0.009428688024461744,Low,25.45,0.2399601102225514,6712,Relationship check-in,,,,,,
4737-AQCPU,0.0033248948583444633,Low,72.1,0.23972491928663578,6713,Relationship check-in,,,,,,
9938-PRCVK,0.012133694775113819,Low,19.7,0.23903378706974224,6714,Relationship check-in,,,,,,
7469-LKBCI,0.012609640527615332,Low,18.95,0.23895268799831051,6715,Relationship check-in,,,,,,
3620-EHIMZ,0.012329580662807718,Low,19.35,0.23857738582532936,6716,Relationship check-in,,,,,,
0932-YIXYU,0.011776777779234122,Low,20.25,0.23847975002949098,6717,Relationship check-in,,,,,,
4475-NVTLU,0.012416440863804234,Low,19.2,0.23839566458504127,6718,Promote automatic payment,,,,,,
2207-RYYRL,0.009706163898215067,Low,24.55,0.2382863237011799,6719,Relationship check-in,,,,,,
9953-ZMKSM,0.009433980893049435,Low,25.25,0.23820801754949822,6720,Relationship check-in,,,,,,
1047-RNXZV,0.012168004805860697,Low,19.55,0.23788449395457664,6721,Relationship check-in,,,,,,
7696-CFTAT,0.011993848778387764,Low,19.8,0.23747820581207774,6722,Relationship check-in,,,,,,
4878-BUNFV,0.011467050094514857,Low,20.7,0.23736793695645753,6723,Relationship check-in,,,,,,
2072-ZVJJX,0.009397213234314613,Low,25.25,0.23727963416644396,6724,Relationship check-in,,,,,,
9251-AWQGT,0.01186363609754829,Low,20.0,0.23727272195096577,6725,Relationship check-in,,,,,,
8896-RAZCR,0.011911752983176946,Low,19.9,0.2370438843652212,6726,Relationship check-in,,,,,,
6425-JWTDV,0.012304519044478903,Low,19.25,0.23686199160621887,6727,Relationship check-in,,,,,,
1207-BLKSA,0.010270025675456507,Low,23.05,0.23672409181927248,6728,Relationship check-in,,,,,,
9068-FHQHD,0.011747807261242485,Low,20.15,0.23671831631403606,6729,Relationship check-in,,,,,,
1167-OYZJF,0.011794262564269384,Low,20.05,0.23647496441360116,6730,Relationship check-in,,,,,,
3308-DGHKL,0.012218382368194811,Low,19.3,0.23581477970615985,6731,Relationship check-in,,,,,,
4361-FEBGN,0.01168859579007894,Low,20.15,0.23552520517009062,6732,Relationship check-in,,,,,,
1767-CJKBA,0.00937853394370236,Low,25.1,0.23540120198692926,6733,Relationship check-in,,,,,,
2642-MAWLJ,0.01161453286988339,Low,20.25,0.23519429061513863,6734,Relationship check-in,,,,,,
8215-NGSPE,0.011735478554829377,Low,20.0,0.23470957109658755,6735,Relationship check-in,,,,,,
5480-XTFFL,0.011167454695492995,Low,21.0,0.2345165486053529,6736,Relationship check-in,,,,,,
2900-PHPLN,0.011985242435431523,Low,19.55,0.23431148961268627,6737,Relationship check-in,,,,,,
3118-UHVVQ,0.009081169909403978,Low,25.8,0.2342941836626226,6738,Relationship check-in,,,,,,
3373-DIUUN,0.010999274260375919,Low,21.25,0.23373457803298828,6739,Relationship check-in,,,,,,
1106-HRLKZ,0.011924091382721987,Low,19.6,0.23371219110135097,6740,Relationship check-in,,,,,,
6139-ZZRBQ,0.011654217243163935,Low,20.05,0.2336670557254369,6741,Relationship check-in,,,,,,
0971-QIFJK,0.009600853950981564,Low,24.25,0.23282070831130292,6742,Relationship check-in,,,,,,
7601-GNDYK,0.01187568246737914,Low,19.6,0.23276337636063119,6743,Relationship check-in,,,,,,
2729-VNVAP,0.01173531847898476,Low,19.8,0.23235930588389825,6744,Relationship check-in,,,,,,
3978-YNKDD,0.011125017262677318,Low,20.85,0.2319566099268221,6745,Relationship check-in,,,,,,
3190-ITQXP,0.011441850744386257,Low,20.25,0.23169747757382173,6746,Relationship check-in,,,,,,
1813-JLKWR,0.011666572583451438,Low,19.8,0.2309981371523385,6747,Relationship check-in,,,,,,
1627-AFWVJ,0.01189825686057844,Low,19.4,0.2308261830952217,6748,Relationship check-in,,,,,,
1657-DYMBM,0.011575410774003776,Low,19.9,0.23035067440267512,6749,Relationship check-in,,,,,,
1934-MKPXS,0.011452905651286711,Low,20.1,0.23020340359086292,6750,Relationship check-in,,,,,,
2817-LVCPP,0.011861401881203753,Low,19.4,0.23011119649535278,6751,Relationship check-in,,,,,,
2075-PUEPR,0.0118849379683657,Low,19.35,0.2299735496878763,6752,Relationship check-in,,,,,,
2632-TACXW,0.009715895434281066,Low,23.65,0.2297809270207472,6753,Relationship check-in,,,,,,
1998-VHJHK,0.011945981111944337,Low,19.15,0.22876553829373403,6754,Relationship check-in,,,,,,
8838-GPHZP,0.01109066090910337,Low,20.6,0.22846761472752944,6755,Relationship check-in,,,,,,
0936-NQLJU,0.011035289673220492,Low,20.65,0.22787873175200313,6756,Relationship check-in,,,,,,
3873-WOSBC,0.008879873081287779,Low,25.6,0.22732475088096715,6757,Relationship check-in,,,,,,
0362-RAOQO,0.011553593012493204,Low,19.65,0.22702810269549142,6758,Relationship check-in,,,,,,
6484-LATFU,0.00923920439299113,Low,24.55,0.22682246784793225,6759,Relationship check-in,,,,,,
7552-KEYGT,0.011597139090497866,Low,19.55,0.22672406921923327,6760,Relationship check-in,,,,,,
6265-FRMTQ,0.011111713741967833,Low,20.4,0.2266789603361438,6761,Relationship check-in,,,,,,
4625-LAMOB,0.011092220113549241,Low,20.4,0.2262812903164045,6762,Relationship check-in,,,,,,
8619-IJNDK,0.003525092206346936,Low,64.05,0.22578215581652125,6763,Relationship check-in,,,,,,
6823-SIDFQ,0.012344588867523543,Low,18.25,0.22528874683230465,6764,Relationship check-in,,,,,,
6134-KWTBV,0.00959256915328124,Low,23.4,0.22446611818678103,6765,Relationship check-in,,,,,,
0827-ITJPH,0.012083909094161991,Low,18.55,0.22415651369670495,6766,Relationship check-in,,,,,,
3769-MHZNV,0.01115075389954602,Low,20.1,0.22413015338087502,6767,Relationship check-in,,,,,,
0270-THENM,0.003203659159121078,Low,69.85,0.22377559226460728,6768,Relationship check-in,,,,,,
9173-IVZVP,0.010703511943847561,Low,20.9,0.22370339962641403,6769,Relationship check-in,,,,,,
1705-GUHPV,0.0092401378343419,Low,24.2,0.22361133559107396,6770,Relationship check-in,,,,,,
2696-RZVZW,0.008925006677059975,Low,25.05,0.22357141726035237,6771,Relationship check-in,,,,,,
3768-VHXQO,0.008983750036987271,Low,24.85,0.2232461884191337,6772,Relationship check-in,,,,,,
4979-HPRFL,0.009214441490241029,Low,24.15,0.22252876198932084,6773,Relationship check-in,,,,,,
2314-TNDJQ,0.003993337043218811,Low,55.65,0.2222292064551268,6774,Relationship check-in,,,,,,
7321-KKSDU,0.010837999012941722,Low,20.5,0.2221789797653053,6775,Relationship check-in,,,,,,
8922-NPKBJ,0.0114589457861523,Low,19.35,0.221730600962047,6776,Relationship check-in,,,,,,
6010-DDPPW,0.00880400939638081,Low,25.15,0.22142083631897735,6777,Relationship check-in,,,,,,
4698-KVLLG,0.01129525158911984,Low,19.6,0.2213869311467489,6778,Relationship check-in,,,,,,
3212-KXOCR,0.010520147488738476,Low,21.0,0.22092309726350798,6779,Relationship check-in,,,,,,
0621-CXBKL,0.01180150984889897,Low,18.7,0.22068823417441075,6780,Relationship check-in,,,,,,
8873-TMKGR,0.011536888626909008,Low,19.1,0.22035457277396206,6781,Relationship check-in,,,,,,
4534-WGCIR,0.008696974659296922,Low,25.15,0.21872891268131758,6782,Relationship check-in,,,,,,
3511-BFTJW,0.00567718400516461,Low,38.5,0.2185715841988375,6783,Offer technical support,,,,,,
1862-QRWPE,0.0105755871410005,Low,20.65,0.21838587446166033,6784,Relationship check-in,,,,,,
5324-KTGCG,0.010469773509584364,Low,20.85,0.21829477767483402,6785,Promote automatic payment,,,,,,
8701-DGLVH,0.010668927426623847,Low,20.45,0.21817956587445766,6786,Relationship check-in,,,,,,
8464-EETCQ,0.011593091461567576,Low,18.8,0.21795011947747042,6787,Relationship check-in,,,,,,
8755-OGKNA,0.01116329032691812,Low,19.5,0.21768416137490335,6788,Relationship check-in,,,,,,
4656-CAURT,0.009041982655406539,Low,23.95,0.2165554845969866,6789,Relationship check-in,,,,,,
5699-BNCAS,0.008746147309482127,Low,24.65,0.21559253117873442,6790,Relationship check-in,,,,,,
2346-CZYIL,0.010580389315467332,Low,20.35,0.21531092256976023,6791,Relationship check-in,,,,,,
9135-HSWOC,0.010924037901242682,Low,19.7,0.21520354665448083,6792,Relationship check-in,,,,,,
1215-EXRMO,0.010470734601655911,Low,20.55,0.215173596064029,6793,Relationship check-in,,,,,,
9972-EWRJS,0.011144512654812734,Low,19.25,0.21453186860514514,6794,Relationship check-in,,,,,,
4703-MQYKT,0.010940918183575522,Low,19.6,0.21444199639808026,6795,Relationship check-in,,,,,,
9732-OUYRN,0.011284703865537322,Low,19.0,0.21440937344520913,6796,Relationship check-in,,,,,,
6651-RLGGM,0.008150976701683061,Low,26.3,0.21437068725426453,6797,Relationship check-in,,,,,,
4641-FROLU,0.011102989393715434,Low,19.3,0.2142876952987079,6798,Relationship check-in,,,,,,
7033-CLAMM,0.010603581102837675,Low,20.2,0.21419233827732104,6799,Relationship check-in,,,,,,
6762-NSODU,0.011021897390945846,Low,19.4,0.2138248093843494,6800,Relationship check-in,,,,,,
4589-IUAJB,0.00879427534168898,Low,24.25,0.21326117703595776,6801,Relationship check-in,,,,,,
9397-TZSHA,0.00866801906622154,Low,24.6,0.21323326902904988,6802,Relationship check-in,,,,,,
3027-YNWZU,0.008482784826405151,Low,25.0,0.21206962066012877,6803,Relationship check-in,,,,,,
6485-QXWWE,0.008143250037637467,Low,26.0,0.21172450097857415,6804,Relationship check-in,,,,,,
1574-DYCWE,0.010594419326236946,Low,19.95,0.21135866555842706,6805,Relationship check-in,,,,,,
2626-VEEWG,0.010889427681177547,Low,19.4,0.2112548970148444,6806,Relationship check-in,,,,,,
8857-CUPFQ,0.010769924669973443,Low,19.25,0.20732104989698877,6807,Relationship check-in,,,,,,
7225-IILWY,0.008039695040452982,Low,25.75,0.2070221472916643,6808,Relationship check-in,,,,,,
9574-BOSMD,0.008119009377676924,Low,25.4,0.20622283819299386,6809,Relationship check-in,,,,,,
2400-FEQME,0.01002324292132824,Low,20.5,0.20547647988722892,6810,Relationship check-in,,,,,,
6685-XSHHU,0.009773997897792288,Low,20.95,0.20476525595874842,6811,Relationship check-in,,,,,,
4933-BSAIP,0.010705361670396481,Low,19.1,0.2044724079045728,6812,Relationship check-in,,,,,,
5242-UOWHD,0.009988803536782477,Low,20.35,0.2032721519735234,6813,Relationship check-in,,,,,,
4335-UPJSI,0.01025145529995158,Low,19.75,0.20246624217404371,6814,Relationship check-in,,,,,,
9916-AYHTC,0.010182039060636255,Low,19.85,0.20211347535362967,6815,Relationship check-in,,,,,,
7267-FRMJW,0.010055277519504156,Low,20.1,0.20211107814203355,6816,Relationship check-in,,,,,,
6734-JDTTV,0.010147835461583831,Low,19.85,0.20143453391243907,6817,Relationship check-in,,,,,,
3070-FNFZQ,0.009867714890810151,Low,20.4,0.20130138377252707,6818,Relationship check-in,,,,,,
7515-LODFU,0.009912660059147914,Low,20.3,0.20122699920070267,6819,Relationship check-in,,,,,,
8957-THMOA,0.00995921899526463,Low,20.15,0.20067826275458228,6820,Relationship check-in,,,,,,
8946-BFWSG,0.007936772868670528,Low,25.25,0.20040351493393083,6821,Relationship check-in,,,,,,
2007-QVGAW,0.010337402113728945,Low,19.35,0.20002873090065512,6822,Relationship check-in,,,,,,
9084-OAYKL,0.009615880125846297,Low,20.8,0.200010306617603,6823,Relationship check-in,,,,,,
5465-BUBFA,0.010355653038342407,Low,19.3,0.19986410364000845,6824,Relationship check-in,,,,,,
7473-ZBDSN,0.01061924952005541,Low,18.8,0.1996418909770417,6825,Relationship check-in,,,,,,
6625-FLENO,0.009619842954751115,Low,20.75,0.19961174131108564,6826,Relationship check-in,,,,,,
7634-HLQJR,0.009946448368513409,Low,20.05,0.19942628978869387,6827,Relationship check-in,,,,,,
6169-PPETC,0.00970548408335037,Low,20.5,0.19896242370868258,6828,Relationship check-in,,,,,,
5124-EOGYE,0.00969063324086926,Low,20.45,0.19817344977577633,6829,Relationship check-in,,,,,,
1270-XKUCC,0.010031369134245897,Low,19.7,0.19761797194464417,6830,Relationship check-in,,,,,,
5854-KSRBJ,0.007779082404001043,Low,25.4,0.1975886930616265,6831,Relationship check-in,,,,,,
3810-PJUHR,0.0077758947156140075,Low,25.35,0.1971189310408151,6832,Relationship check-in,,,,,,
1299-AURJA,0.00797614196417378,Low,24.7,0.19701070651509237,6833,Relationship check-in,,,,,,
0374-FIUCA,0.009643591663266213,Low,20.4,0.19672926993063072,6834,Relationship check-in,,,,,,
4742-TXUEX,0.010189433214911059,Low,19.3,0.19665606104778344,6835,Relationship check-in,,,,,,
2050-ONYDQ,0.007530542144106659,Low,26.0,0.19579409574677314,6836,Relationship check-in,,,,,,
7729-XBTWX,0.00991170591363584,Low,19.75,0.19575619179430784,6837,Relationship check-in,,,,,,
5902-WBLSE,0.009627586492954227,Low,20.15,0.19399586783302766,6838,Relationship check-in,,,,,,
6857-TKDJV,0.007860085555968212,Low,24.65,0.19375110895461642,6839,Relationship check-in,,,,,,
2181-TIDSV,0.009650634402970334,Low,19.95,0.19253015633925816,6840,Relationship check-in,,,,,,
7558-IMLMT,0.009232667051208288,Low,20.8,0.19203947466513238,6841,Relationship check-in,,,,,,
4565-NLZBV,0.007781062569941481,Low,24.65,0.1918031923490575,6842,Relationship check-in,,,,,,
6479-SZPLM,0.00979605134269421,Low,19.45,0.19053319861540238,6843,Relationship check-in,,,,,,
1945-XISKS,0.009686197594216042,Low,19.65,0.1903337827263452,6844,Relationship check-in,,,,,,
2146-EGVDT,0.009849584651153907,Low,19.3,0.1900969837672704,6845,Relationship check-in,,,,,,
3451-VAWLI,0.009646210385307987,Low,19.7,0.19003034459056733,6846,Relationship check-in,,,,,,
7941-RCJOW,0.00970255118169552,Low,19.55,0.18968487560214742,6847,Relationship check-in,,,,,,
3764-MNMOI,0.009861450721197337,Low,19.2,0.18933985384698887,6848,Relationship check-in,,,,,,
9950-MTGYX,0.00927906659606706,Low,20.3,0.1883650519001613,6849,Relationship check-in,,,,,,
2616-FLVQC,0.009611306896008722,Low,19.55,0.18790104981697053,6850,Relationship check-in,,,,,,
2961-VNFKL,0.007226723924326259,Low,25.95,0.18753348583626642,6851,Relationship check-in,,,,,,
7977-HXJKU,0.009519872160924838,Low,19.6,0.18658949435412683,6852,Relationship check-in,,,,,,
4195-PNGZS,0.007630727722936649,Low,24.45,0.18657129282580107,6853,Relationship check-in,,,,,,
5656-JAMLX,0.009364399260016426,Low,19.85,0.18588332531132606,6854,Relationship check-in,,,,,,
5406-KGRMX,0.007561415356290504,Low,24.55,0.18563274699693189,6855,Promote automatic payment,,,,,,
8711-LOBKY,0.00933800981404469,Low,19.85,0.18535949480878713,6856,Relationship check-in,,,,,,
5146-YYFRZ,0.009259161131622284,Low,19.95,0.18472026457586457,6857,Relationship check-in,,,,,,
5859-HZYLF,0.009636566602178447,Low,19.15,0.18454025043171723,6858,Relationship check-in,,,,,,
6963-KQYQB,0.0076365708143776535,Low,24.05,0.18365952808578256,6859,Relationship check-in,,,,,,
9371-BITHB,0.00923914854696691,Low,19.85,0.18339709865729317,6860,Relationship check-in,,,,,,
0505-SPOOW,0.009187703623653636,Low,19.8,0.181916531748342,6861,Relationship check-in,,,,,,
6345-FZOQH,0.009132808486235985,Low,19.9,0.18174288887609608,6862,Relationship check-in,,,,,,
8747-UDCOI,0.009391370030703991,Low,19.35,0.18172301009412223,6863,Relationship check-in,,,,,,
9257-AZMTZ,0.008986101150952297,Low,20.1,0.1806206331341412,6864,Relationship check-in,,,,,,
7493-GVFIO,0.008788302102031569,Low,20.55,0.18059960819674875,6865,Relationship check-in,,,,,,
5346-BZCHP,0.009305960073643246,Low,19.4,0.18053562542867896,6866,Relationship check-in,,,,,,
8173-RXAYP,0.009084728394686544,Low,19.7,0.1789691493753249,6867,Relationship check-in,,,,,,
3612-YVGSJ,0.0072920478824500005,Low,24.45,0.17829057072590251,6868,Relationship check-in,,,,,,
5793-YOLJN,0.00846430562685436,Low,21.0,0.17775041816394158,6869,Relationship check-in,,,,,,
2805-AUFQN,0.008942457209601282,Low,19.8,0.17706065275010538,6870,Relationship check-in,,,,,,
8780-IHCRN,0.007140758905156369,Low,24.65,0.17601970701210448,6871,Relationship check-in,,,,,,
2230-XTUWL,0.008994764508252664,Low,19.55,0.1758476461363396,6872,Relationship check-in,,,,,,
0394-YONDK,0.006961970935202786,Low,25.15,0.17509356902035006,6873,Relationship check-in,,,,,,
0485-ZBSLN,0.007069789909218473,Low,24.75,0.17497730025315722,6874,Relationship check-in,,,,,,
2560-QTSBS,0.007506702768700522,Low,23.3,0.17490617451072218,6875,Relationship check-in,,,,,,
7242-EDTYC,0.008930507480172328,Low,19.55,0.174591421237369,6876,Relationship check-in,,,,,,
5845-BZZIB,0.008668932666850081,Low,20.1,0.17424554660368663,6877,Relationship check-in,,,,,,
0625-AFOHS,0.008599688295872758,Low,20.2,0.1737137035766297,6878,Relationship check-in,,,,,,
6340-DACFT,0.008440896139753165,Low,20.55,0.17346041567192755,6879,Relationship check-in,,,,,,
1306-RPWXZ,0.008475672338584359,Low,20.45,0.17332749932405012,6880,Relationship check-in,,,,,,
4609-KNNWG,0.008675593706681115,Low,19.9,0.1726443147629542,6881,Relationship check-in,,,,,,
7717-BICXI,0.008365603922949537,Low,20.55,0.171913160616613,6882,Relationship check-in,,,,,,
1302-TPUBN,0.008876154914791535,Low,19.35,0.17175359760121622,6883,Relationship check-in,,,,,,
9964-WBQDJ,0.007024920415659972,Low,24.4,0.1714080581421033,6884,Relationship check-in,,,,,,
9392-XBGTD,0.008276350639686934,Low,20.6,0.17049282317755085,6885,Relationship check-in,,,,,,
3507-GASNP,0.008513962634011414,Low,19.95,0.1698535545485277,6886,Relationship check-in,,,,,,
7014-ZZXAW,0.00697105293758806,Low,24.25,0.16904803373651045,6887,Relationship check-in,,,,,,
6582-PLFUU,0.008581784003918637,Low,19.55,0.16777387727660936,6888,Relationship check-in,,,,,,
8347-GDTMP,0.008608669416937699,Low,19.45,0.16743862015943825,6889,Relationship check-in,,,,,,
9945-PSVIP,0.008887418903559059,Low,18.7,0.1661947334965544,6890,Relationship check-in,,,,,,
1460-UZPRJ,0.008315439253861792,Low,19.95,0.16589301311454274,6891,Relationship check-in,,,,,,
9081-WWXKP,0.008074719076995744,Low,20.25,0.16351306130916382,6892,Relationship check-in,,,,,,
9975-GPKZU,0.00827629279378013,Low,19.75,0.16345678267715755,6893,Relationship check-in,,,,,,
0354-VXMJC,0.008316892339043905,Low,19.6,0.16301108984526055,6894,Relationship check-in,,,,,,
5799-JRCZO,0.008315680815381097,Low,19.5,0.16215577589993138,6895,Relationship check-in,,,,,,
1399-OUPJN,0.008169113866175864,Low,19.75,0.1613399988569733,6896,Relationship check-in,,,,,,
5171-EPLKN,0.008110102035868176,Low,19.85,0.1609855254119833,6897,Relationship check-in,,,,,,
5848-FHRFC,0.0080218931841904,Low,20.05,0.1608389583430175,6898,Relationship check-in,,,,,,
5970-GHJAW,0.008014360932243551,Low,19.95,0.15988650059825885,6899,Relationship check-in,,,,,,
8043-PNYSD,0.00813786669819727,Low,19.55,0.15909529394975663,6900,Relationship check-in,,,,,,
7328-ZJAJO,0.008141475473429126,Low,19.5,0.15875877173186795,6901,Relationship check-in,,,,,,
8164-OCKUJ,0.007700386730867632,Low,20.6,0.15862796665587323,6902,Relationship check-in,,,,,,
2984-RGEYA,0.00797990567212164,Low,19.75,0.1576031370244024,6903,Relationship check-in,,,,,,
2346-LOCWC,0.007678204369908765,Low,20.5,0.15740318958312968,6904,Relationship check-in,,,,,,
0397-ZXWQF,0.007664813988550356,Low,20.5,0.1571286867652823,6905,Relationship check-in,,,,,,
0613-WUXUM,0.008152511906330666,Low,19.2,0.15652822860154877,6906,Relationship check-in,,,,,,
3774-VBNXY,0.007726336107553544,Low,20.2,0.15607198937258157,6907,Relationship check-in,,,,,,
0704-VCUMB,0.007695227448248936,Low,20.25,0.15582835582704097,6908,Relationship check-in,,,,,,
7673-BQGKU,0.007711609228903061,Low,20.15,0.15538892596239667,6909,Relationship check-in,,,,,,
0847-HGRML,0.007767471926390674,Low,20.0,0.15534943852781347,6910,Relationship check-in,,,,,,
8750-QWZAJ,0.007821863046788958,Low,19.8,0.15487288832642138,6911,Relationship check-in,,,,,,
7969-FFOWG,0.007769371514357707,Low,19.9,0.15461049313571837,6912,Relationship check-in,,,,,,
5730-DBDSI,0.007790340082283426,Low,19.7,0.1534696996209835,6913,Relationship check-in,,,,,,
9537-JALFH,0.007701953409827887,Low,19.9,0.15326887285557494,6914,Relationship check-in,,,,,,
3836-FZSDJ,0.006157382612848227,Low,24.85,0.15301095792927846,6915,Relationship check-in,,,,,,
3170-NMYVV,0.007571166846835955,Low,20.15,0.1525590119637445,6916,Relationship check-in,,,,,,
2236-HILPA,0.007374288683980617,Low,20.65,0.15227906132419972,6917,Relationship check-in,,,,,,
0902-XKXPN,0.007518067436268508,Low,20.2,0.15186496221262386,6918,Relationship check-in,,,,,,
1635-NZATJ,0.005944881792991669,Low,25.45,0.15129724163163796,6919,Relationship check-in,,,,,,
7695-PKLCZ,0.007258857352190437,Low,20.5,0.14880657571990397,6920,Relationship check-in,,,,,,
8966-SNIZF,0.007634699813233853,Low,19.45,0.14849491136739842,6921,Relationship check-in,,,,,,
9500-WBGRP,0.00777416654393084,Low,19.1,0.14848658098907908,6922,Relationship check-in,,,,,,
3274-NSDWE,0.0075302189211137955,Low,19.6,0.1475922908538304,6923,Relationship check-in,,,,,,
6848-HJTXY,0.007571147222018667,Low,19.45,0.14725881346826306,6924,Relationship check-in,,,,,,
1131-QQZEB,0.00613111968505679,Low,23.95,0.14684031645711013,6925,Relationship check-in,,,,,,
8232-UTFOZ,0.0073031835736892805,Low,19.95,0.14569851229510114,6926,Relationship check-in,,,,,,
7850-THJMU,0.007398342579608173,Low,19.65,0.1453774316893006,6927,Relationship check-in,,,,,,
2452-MRMZF,0.005643930750431461,Low,25.7,0.14504902028608854,6928,Relationship check-in,,,,,,
2595-KIWPV,0.007225881114279416,Low,19.7,0.14234985795130448,6929,Relationship check-in,,,,,,
4774-HHGGS,0.0074102316959587565,Low,19.05,0.14116491380801433,6930,Relationship check-in,,,,,,
5605-XNWEN,0.005610490099332016,Low,25.0,0.1402622524833004,6931,Relationship check-in,,,,,,
6060-QBMGV,0.007030226296633746,Low,19.85,0.13954999198817986,6932,Relationship check-in,,,,,,
5743-KHMNA,0.005459423992461864,Low,25.55,0.13948828300740063,6933,Relationship check-in,,,,,,
2804-ETQDK,0.006757095444754721,Low,20.55,0.13885831138970953,6934,Relationship check-in,,,,,,
1403-GYAFU,0.006919004141085963,Low,20.05,0.13872603302877357,6935,Relationship check-in,,,,,,
0042-RLHYP,0.006939998670593358,Low,19.7,0.13671797381068915,6936,Relationship check-in,,,,,,
9625-RZFUK,0.006881929695850051,Low,19.7,0.135574015008246,6937,Relationship check-in,,,,,,
9565-AXSMR,0.007050253782560939,Low,19.2,0.13536487262517002,6938,Relationship check-in,,,,,,
0962-CQPWQ,0.006614749974706312,Low,20.3,0.13427942448653812,6939,Relationship check-in,,,,,,
6621-NRZAK,0.006691172807450722,Low,20.0,0.13382345614901445,6940,Relationship check-in,,,,,,
1830-IPXVJ,0.006773860720459865,Low,19.75,0.13378374922908234,6941,Relationship check-in,,,,,,
5334-AFQJB,0.00532610920151191,Low,25.1,0.13368534095794896,6942,Relationship check-in,,,,,,
7161-DFHUF,0.005591930294500675,Low,23.85,0.13336753752384112,6943,Relationship check-in,,,,,,
3678-MNGZX,0.006649377345566188,Low,19.95,0.13265507804404544,6944,Relationship check-in,,,,,,
2169-RRLFW,0.005177758727347176,Low,25.6,0.1325506234200877,6945,Relationship check-in,,,,,,
7268-WNTCP,0.006477603172235005,Low,20.45,0.13246698487220585,6946,Relationship check-in,,,,,,
6917-FIJHC,0.005094786413908104,Low,26.0,0.1324644467616107,6947,Relationship check-in,,,,,,
9153-BTBVV,0.005294268762678504,Low,25.0,0.1323567190669626,6948,Relationship check-in,,,,,,
1764-VUUMT,0.006624168088407675,Low,19.95,0.13215215336373312,6949,Relationship check-in,,,,,,
8285-ABVLB,0.006656457501055217,Low,19.85,0.13213068139594605,6950,Relationship check-in,,,,,,
6980-IMXXE,0.0065162390265468524,Low,20.2,0.13162802833624643,6951,Relationship check-in,,,,,,
8434-VGEQQ,0.006396378639269106,Low,20.55,0.13144558103698012,6952,Relationship check-in,,,,,,
4443-EMBNA,0.005280464041537155,Low,24.75,0.1306914850280446,6953,Relationship check-in,,,,,,
6892-BOGQE,0.006198365596097941,Low,20.9,0.12954584095844696,6954,Relationship check-in,,,,,,
1926-QUZNN,0.005037557302399038,Low,25.25,0.1271983218855757,6955,Relationship check-in,,,,,,
5846-ABOBJ,0.005199967658851147,Low,24.45,0.12713920925891053,6956,Relationship check-in,,,,,,
9800-OUIGR,0.006251857588596442,Low,20.0,0.12503715177192884,6957,Relationship check-in,,,,,,
2718-YSKCS,0.006364222199187549,Low,19.6,0.12473875510407598,6958,Relationship check-in,,,,,,
7876-DNYAP,0.006275925983843722,Low,19.8,0.1242633344801057,6959,Relationship check-in,,,,,,
1987-AUELQ,0.00495415522181835,Low,25.05,0.12410158830654967,6960,Relationship check-in,,,,,,
7064-JHXCE,0.0061776377286283475,Low,20.05,0.12386163645899838,6961,Relationship check-in,,,,,,
4635-EJYPD,0.006407497038199585,Low,18.95,0.12142206887388213,6962,Relationship check-in,,,,,,
5296-PSYVW,0.00486760525685316,Low,24.55,0.11949970905574508,6963,Promote automatic payment,,,,,,
3261-CQXOL,0.00465953700907527,Low,25.45,0.11858521688096563,6964,Relationship check-in,,,,,,
6734-PSBAW,0.004993005414509522,Low,23.55,0.11758527751169925,6965,Relationship check-in,,,,,,
4957-SREEC,0.005773325590673158,Low,20.35,0.11748717577019878,6966,Relationship check-in,,,,,,
9365-CSLBQ,0.004674975946144111,Low,24.35,0.1138356642886091,6967,Relationship check-in,,,,,,
4625-XMOYM,0.0043318349647620494,Low,26.25,0.1137106678250038,6968,Relationship check-in,,,,,,
7711-GQBZC,0.0044704235982338135,Low,24.7,0.11041946287637519,6969,Relationship check-in,,,,,,
0626-QXNGV,0.004556157308081315,Low,24.15,0.11003119899016374,6970,Relationship check-in,,,,,,
0174-QRVVY,0.004278738366485334,Low,25.35,0.10846601759040322,6971,Relationship check-in,,,,,,
3973-SKMLN,0.005430428995267753,Low,19.9,0.10806553700582827,6972,Relationship check-in,,,,,,
0795-XCCTE,0.004190915546045762,Low,25.4,0.10644925486956236,6973,Relationship check-in,,,,,,
1555-HAPSU,0.004410057722987049,Low,23.9,0.10540037957939047,6974,Relationship check-in,,,,,,
7602-DBTOU,0.005366910165559492,Low,19.6,0.10519143924496606,6975,Relationship check-in,,,,,,
6024-RUGGH,0.004174054626021153,Low,25.2,0.10518617657573306,6976,Relationship check-in,,,,,,
1820-DJFPH,0.004330327364589309,Low,24.05,0.1041443731183729,6977,Relationship check-in,,,,,,
0562-HKHML,0.004325638763665379,Low,23.9,0.10338276645160255,6978,Relationship check-in,,,,,,
2569-WGERO,0.004810413206158711,Low,21.15,0.10174023931025673,6979,Relationship check-in,,,,,,
8735-SDUFN,0.004111134923606906,Low,24.3,0.09990057864364782,6980,Relationship check-in,,,,,,
3996-ZNWYK,0.00502185432597713,Low,19.8,0.09943271565434718,6981,Relationship check-in,,,,,,
1591-XWLGB,0.005002295741279886,Low,19.85,0.09929557046440574,6982,Relationship check-in,,,,,,
9430-NKQLY,0.003787620408615365,Low,25.1,0.09506927225624566,6983,Relationship check-in,,,,,,
3279-DYZQM,0.004829482223474036,Low,19.45,0.09393342924656999,6984,Relationship check-in,,,,,,
4231-LZUYM,0.003625866790842979,Low,25.65,0.0930034831851224,6985,Relationship check-in,,,,,,
4312-KFRXN,0.0036071009847868,Low,25.4,0.09162036501358471,6986,Relationship check-in,,,,,,
3642-BYHDO,0.004542656461530614,Low,19.9,0.09039886358445921,6987,Relationship check-in,,,,,,
0831-JNISG,0.004559286159886691,Low,19.8,0.09027386596575648,6988,Relationship check-in,,,,,,
7096-ZNBZI,0.0034081541588387157,Low,26.45,0.09014567750128402,6989,Relationship check-in,,,,,,
8774-GSBUN,0.0035330642195782265,Low,25.4,0.08973983117728696,6990,Relationship check-in,,,,,,
0264-CNITK,0.0044530060965248695,Low,20.1,0.08950542254014988,6991,Relationship check-in,,,,,,
5598-IKHQQ,0.00339891028579689,Low,25.45,0.08650226677353084,6992,Relationship check-in,,,,,,
4707-MAXGU,0.003319103328820783,Low,25.85,0.08579882105001725,6993,Relationship check-in,,,,,,
2509-TFPJU,0.0033064638298498147,Low,25.75,0.08514144361863273,6994,Relationship check-in,,,,,,
7115-IRDHS,0.0034509726472081743,Low,24.65,0.0850664757536815,6995,Relationship check-in,,,,,,
8092-NLTGF,0.0034249458997092684,Low,24.75,0.0847674110178044,6996,Relationship check-in,,,,,,
1052-QJIBV,0.0042468657433910924,Low,19.9,0.08451262829348273,6997,Relationship check-in,,,,,,
8544-JNBOX,0.004046650955912201,Low,20.8,0.08417033988297377,6998,Relationship check-in,,,,,,
3173-WSSUE,0.004223001427732808,Low,19.7,0.08319312812633632,6999,Relationship check-in,,,,,,
4836-WNFNO,0.003234795480231872,Low,25.0,0.0808698870057968,7000,Relationship check-in,,,,,,
8237-ULIXL,0.00324393287897373,Low,24.85,0.08061173204249719,7001,Relationship check-in,,,,,,
6855-VLGOS,0.003914593373619978,Low,20.55,0.08044489382789055,7002,Promote automatic payment,,,,,,
9838-BFCQT,0.0030273435938042185,Low,26.1,0.07901366779829011,7003,Relationship check-in,,,,,,
8749-TZYEC,0.0031780542658260964,Low,24.8,0.0788157457924872,7004,Relationship check-in,,,,,,
7606-BPHHN,0.003915477202631626,Low,19.8,0.07752644861210621,7005,Relationship check-in,,,,,,
6976-BWGLQ,0.003037815131870081,Low,25.2,0.07655294132312604,7006,Relationship check-in,,,,,,
8229-BUJHX,0.0037054720892934915,Low,20.5,0.07596217783051658,7007,Relationship check-in,,,,,,
0402-OAMEN,0.0030913359340206223,Low,24.45,0.07558316358680421,7008,Relationship check-in,,,,,,
2607-DHDAK,0.003810201562362341,Low,19.8,0.07544199093477436,7009,Relationship check-in,,,,,,
3976-HXHCE,0.0038725592027039363,Low,19.3,0.07474039261218597,7010,Relationship check-in,,,,,,
5884-FBCTL,0.002944003977229502,Low,25.1,0.0738944998284605,7011,Relationship check-in,,,,,,
7980-MHFLQ,0.002966576584767689,Low,24.9,0.07386775696071546,7012,Relationship check-in,,,,,,
7684-XSZIY,0.003028693920012497,Low,24.3,0.07359726225630368,7013,Relationship check-in,,,,,,
0825-CPPQH,0.0038470265073354674,Low,19.1,0.07347820629010743,7014,Relationship check-in,,,,,,
8165-ZJRNM,0.00308754908598968,Low,23.75,0.0733292907922549,7015,Relationship check-in,,,,,,
8224-KDLKN,0.002908279628066185,Low,25.0,0.07270699070165462,7016,Relationship check-in,,,,,,
6285-FTQBF,0.002807346212391317,Low,25.55,0.07172769572659815,7017,Relationship check-in,,,,,,
4193-IBKSW,0.0028843714969633634,Low,24.75,0.07138819454984324,7018,Relationship check-in,,,,,,
1293-BSEUN,0.003446398657791539,Low,20.7,0.07134045221628485,7019,Relationship check-in,,,,,,
5893-KCLGT,0.0035678342448078383,Low,19.75,0.0704647263349548,7020,Relationship check-in,,,,,,
4817-KEQSP,0.0034768605510529455,Low,19.85,0.06901568193840098,7021,Relationship check-in,,,,,,
7010-BRBUU,0.0028290687408311812,Low,24.1,0.06818055665403147,7022,Relationship check-in,,,,,,
7463-IFMQU,0.0033560993702199437,Low,20.05,0.06728979237290987,7023,Relationship check-in,,,,,,
2429-AYKKO,0.0033768994611321963,Low,19.85,0.0670314543034741,7024,Relationship check-in,,,,,,
0480-KYJVA,0.00275380582024683,Low,24.25,0.06677979114098563,7025,Relationship check-in,,,,,,
6181-AXXYF,0.0026945903308705833,Low,24.75,0.06669111068904694,7026,Relationship check-in,,,,,,
3910-MRQOY,0.003410366169264327,Low,19.4,0.06616110368372795,7027,Relationship check-in,,,,,,
4086-WITJG,0.003237579054578992,Low,19.7,0.06378030737520614,7028,Relationship check-in,,,,,,
0404-AHASP,0.0031956411615424556,Low,19.7,0.06295413088238637,7029,Relationship check-in,,,,,,
6585-WCEWR,0.003037070515026392,Low,20.35,0.06180438498078708,7030,Promote automatic payment,,,,,,
4821-WQOYN,0.0029142627696892775,Low,20.1,0.058576681670754485,7031,Relationship check-in,,,,,,
5787-KXGIY,0.003030721443781645,Low,19.3,0.058492923864985745,7032,Relationship check-in,,,,,,
2545-LXYVJ,0.00280618693082209,Low,20.7,0.05808806946801726,7033,Relationship check-in,,,,,,
0794-YVSGE,0.0027964339443048917,Low,20.3,0.0567676090693893,7034,Relationship check-in,,,,,,
1927-QEWMY,0.0026776393398380252,Low,20.5,0.05489160646667952,7035,Relationship check-in,,,,,,
7083-MIOPC,0.0026865220043786027,Low,20.25,0.0544020705886667,7036,Relationship check-in,,,,,,
0640-YJTPY,0.0024093456230289845,Low,21.0,0.050596258083608674,7037,Relationship check-in,,,,,,
1166-PQLGG,0.002568850917485382,Low,19.55,0.05022103543683922,7038,Relationship check-in,,,,,,
6928-ONTRW,0.0025225479416367807,Low,19.7,0.049694194450244575,7039,Relationship check-in,,,,,,
0464-WJTKO,0.0024680175835849333,Low,20.1,0.049607153430057165,7040,Relationship check-in,,,,,,
2848-YXSMW,0.0025049777772038185,Low,19.4,0.04859656887775408,7041,Relationship check-in,,,,,,
0784-ZQJZX,0.0022697457343037685,Low,19.9,0.04516794011264499,7042,Relationship check-in,,,,,,
4277-BWBML,0.002186873565719639,Low,19.95,0.043628127636106795,7043,Relationship check-in,,,,,,
